set;id;numero;nome;url;pagina;status;erro
swshp;swshp-SWSH001;SWSH001;Grookey;https://limitlesstcg.nyc3.cdn.digitaloceanspaces.com/tpci/SP/SP_001_R_PT.png;https://limitlesstcg.com/cards/pt/SP/1;baixado;
swshp;swshp-SWSH002;SWSH002;Scorbunny;https://limitlesstcg.nyc3.cdn.digitaloceanspaces.com/tpci/SP/SP_002_R_PT.png;https://limitlesstcg.com/cards/pt/SP/2;baixado;
swshp;swshp-SWSH003;SWSH003;Sobble;https://limitlesstcg.nyc3.cdn.digitaloceanspaces.com/tpci/SP/SP_003_R_PT.png;https://limitlesstcg.com/cards/pt/SP/3;baixado;
swshp;swshp-SWSH004;SWSH004;Meowth V;https://limitlesstcg.nyc3.cdn.digitaloceanspaces.com/tpci/SP/SP_004_R_PT.png;https://limitlesstcg.com/cards/pt/SP/4;baixado;
swshp;swshp-SWSH005;SWSH005;Meowth VMAX;https://limitlesstcg.nyc3.cdn.digitaloceanspaces.com/tpci/SP/SP_005_R_PT.png;https://limitlesstcg.com/cards/pt/SP/5;baixado;
swshp;swshp-SWSH006;SWSH006;Rillaboom;https://limitlesstcg.nyc3.cdn.digitaloceanspaces.com/tpci/SP/SP_006_R_PT.png;https://limitlesstcg.com/cards/pt/SP/6;baixado;
swshp;swshp-SWSH007;SWSH007;Frosmoth;https://limitlesstcg.nyc3.cdn.digitaloceanspaces.com/tpci/SP/SP_007_R_PT.png;https://limitlesstcg.com/cards/pt/SP/7;baixado;
swshp;swshp-SWSH008;SWSH008;Perrserker de Galar;https://limitlesstcg.nyc3.cdn.digitaloceanspaces.com/tpci/SP/SP_008_R_PT.png;https://limitlesstcg.com/cards/pt/SP/8;baixado;
swshp;swshp-SWSH009;SWSH009;Cinccino;https://limitlesstcg.nyc3.cdn.digitaloceanspaces.com/tpci/SP/SP_009_R_PT.png;https://limitlesstcg.com/cards/pt/SP/9;baixado;
swshp;swshp-SWSH010;SWSH010;Gossifleur;https://limitlesstcg.nyc3.cdn.digitaloceanspaces.com/tpci/SP/SP_010_R_PT.png;https://limitlesstcg.com/cards/pt/SP/10;baixado;
swshp;swshp-SWSH011;SWSH011;Wooloo;https://limitlesstcg.nyc3.cdn.digitaloceanspaces.com/tpci/SP/SP_011_R_PT.png;https://limitlesstcg.com/cards/pt/SP/11;baixado;
swshp;swshp-SWSH012;SWSH012;Morpeko;https://limitlesstcg.nyc3.cdn.digitaloceanspaces.com/tpci/SP/SP_012_R_PT.png;https://limitlesstcg.com/cards/pt/SP/12;baixado;
swshp;swshp-SWSH013;SWSH013;Ponyta de Galar;https://limitlesstcg.nyc3.cdn.digitaloceanspaces.com/tpci/SP/SP_013_R_PT.png;https://limitlesstcg.com/cards/pt/SP/13;baixado;
swshp;swshp-SWSH014;SWSH014;Rillaboom V;https://limitlesstcg.nyc3.cdn.digitaloceanspaces.com/tpci/SP/SP_014_R_PT.png;https://limitlesstcg.com/cards/pt/SP/14;baixado;
swshp;swshp-SWSH015;SWSH015;Cinderace V;https://limitlesstcg.nyc3.cdn.digitaloceanspaces.com/tpci/SP/SP_015_R_PT.png;https://limitlesstcg.com/cards/pt/SP/15;baixado;
swshp;swshp-SWSH016;SWSH016;Inteleon V;https://limitlesstcg.nyc3.cdn.digitaloceanspaces.com/tpci/SP/SP_016_R_PT.png;https://limitlesstcg.com/cards/pt/SP/16;baixado;
swshp;swshp-SWSH017;SWSH017;Toxtricity V;https://limitlesstcg.nyc3.cdn.digitaloceanspaces.com/tpci/SP/SP_017_R_PT.png;https://limitlesstcg.com/cards/pt/SP/17;baixado;
swshp;swshp-SWSH018;SWSH018;Zacian V;https://limitlesstcg.nyc3.cdn.digitaloceanspaces.com/tpci/SP/SP_018_R_PT.png;https://limitlesstcg.com/cards/pt/SP/18;baixado;
swshp;swshp-SWSH019;SWSH019;Zamazenta V;https://limitlesstcg.nyc3.cdn.digitaloceanspaces.com/tpci/SP/SP_019_R_PT.png;https://limitlesstcg.com/cards/pt/SP/19;baixado;
swshp;swshp-SWSH020;SWSH020;Pikachu;https://limitlesstcg.nyc3.cdn.digitaloceanspaces.com/tpci/SP/SP_020_R_PT.png;https://limitlesstcg.com/cards/pt/SP/20;baixado;
swshp;swshp-SWSH021;SWSH021;Polteageist V;https://limitlesstcg.nyc3.cdn.digitaloceanspaces.com/tpci/SP/SP_021_R_PT.png;https://limitlesstcg.com/cards/pt/SP/21;baixado;
swshp;swshp-SWSH022;SWSH022;Flapple;https://limitlesstcg.nyc3.cdn.digitaloceanspaces.com/tpci/SP/SP_022_R_PT.png;https://limitlesstcg.com/cards/pt/SP/22;baixado;
swshp;swshp-SWSH023;SWSH023;Luxray;https://limitlesstcg.nyc3.cdn.digitaloceanspaces.com/tpci/SP/SP_023_R_PT.png;https://limitlesstcg.com/cards/pt/SP/23;baixado;
swshp;swshp-SWSH024;SWSH024;Coalossal;https://limitlesstcg.nyc3.cdn.digitaloceanspaces.com/tpci/SP/SP_024_R_PT.png;https://limitlesstcg.com/cards/pt/SP/24;baixado;
swshp;swshp-SWSH025;SWSH025;Garbodor;https://limitlesstcg.nyc3.cdn.digitaloceanspaces.com/tpci/SP/SP_025_R_PT.png;https://limitlesstcg.com/cards/pt/SP/25;baixado;
swshp;swshp-SWSH026;SWSH026;Mantine;https://limitlesstcg.nyc3.cdn.digitaloceanspaces.com/tpci/SP/SP_026_R_PT.png;https://limitlesstcg.com/cards/pt/SP/26;baixado;
swshp;swshp-SWSH027;SWSH027;Noctowl;https://limitlesstcg.nyc3.cdn.digitaloceanspaces.com/tpci/SP/SP_027_R_PT.png;https://limitlesstcg.com/cards/pt/SP/27;baixado;
swshp;swshp-SWSH028;SWSH028;Duraludon;https://limitlesstcg.nyc3.cdn.digitaloceanspaces.com/tpci/SP/SP_028_R_PT.png;https://limitlesstcg.com/cards/pt/SP/28;baixado;
swshp;swshp-SWSH029;SWSH029;Rayquaza;https://limitlesstcg.nyc3.cdn.digitaloceanspaces.com/tpci/SP/SP_029_R_PT.png;https://limitlesstcg.com/cards/pt/SP/29;baixado;
swshp;swshp-SWSH030;SWSH030;Copperajah V;https://limitlesstcg.nyc3.cdn.digitaloceanspaces.com/tpci/SP/SP_030_R_PT.png;https://limitlesstcg.com/cards/pt/SP/30;baixado;
swshp;swshp-SWSH031;SWSH031;Morpeko;https://limitlesstcg.nyc3.cdn.digitaloceanspaces.com/tpci/SP/SP_031_R_PT.png;https://limitlesstcg.com/cards/pt/SP/31;baixado;
swshp;swshp-SWSH032;SWSH032;Snorlax;https://limitlesstcg.nyc3.cdn.digitaloceanspaces.com/tpci/SP/SP_032_R_PT.png;https://limitlesstcg.com/cards/pt/SP/32;ja_existia;
swshp;swshp-SWSH033;SWSH033;Zacian;https://limitlesstcg.nyc3.cdn.digitaloceanspaces.com/tpci/SP/SP_033_R_PT.png;https://limitlesstcg.com/cards/pt/SP/33;ja_existia;
swshp;swshp-SWSH034;SWSH034;Zamazenta;https://limitlesstcg.nyc3.cdn.digitaloceanspaces.com/tpci/SP/SP_034_R_PT.png;https://limitlesstcg.com/cards/pt/SP/34;ja_existia;
swshp;swshp-SWSH035;SWSH035;Decidueye;https://limitlesstcg.nyc3.cdn.digitaloceanspaces.com/tpci/SP/SP_035_R_PT.png;https://limitlesstcg.com/cards/pt/SP/35;ja_existia;
swshp;swshp-SWSH036;SWSH036;Arctozolt;https://limitlesstcg.nyc3.cdn.digitaloceanspaces.com/tpci/SP/SP_036_R_PT.png;https://limitlesstcg.com/cards/pt/SP/36;ja_existia;
swshp;swshp-SWSH037;SWSH037;Hydreigon;https://limitlesstcg.nyc3.cdn.digitaloceanspaces.com/tpci/SP/SP_037_R_PT.png;https://limitlesstcg.com/cards/pt/SP/37;ja_existia;
swshp;swshp-SWSH038;SWSH038;Kangaskhan;https://limitlesstcg.nyc3.cdn.digitaloceanspaces.com/tpci/SP/SP_038_R_PT.png;https://limitlesstcg.com/cards/pt/SP/38;ja_existia;
swshp;swshp-SWSH039;SWSH039;Pikachu;https://limitlesstcg.nyc3.cdn.digitaloceanspaces.com/tpci/SP/SP_039_R_PT.png;https://limitlesstcg.com/cards/pt/SP/39;ja_existia;
swshp;swshp-SWSH040;SWSH040;Hatenna;https://limitlesstcg.nyc3.cdn.digitaloceanspaces.com/tpci/SP/SP_040_R_PT.png;https://limitlesstcg.com/cards/pt/SP/40;ja_existia;
swshp;swshp-SWSH041;SWSH041;Flareon;https://limitlesstcg.nyc3.cdn.digitaloceanspaces.com/tpci/SP/SP_041_R_PT.png;https://limitlesstcg.com/cards/pt/SP/41;ja_existia;
swshp;swshp-SWSH042;SWSH042;Eevee;https://limitlesstcg.nyc3.cdn.digitaloceanspaces.com/tpci/SP/SP_042_R_PT.png;https://limitlesstcg.com/cards/pt/SP/42;ja_existia;
swshp;swshp-SWSH043;SWSH043;Sirfetch'd de Galar V;https://limitlesstcg.nyc3.cdn.digitaloceanspaces.com/tpci/SP/SP_043_R_PT.png;https://limitlesstcg.com/cards/pt/SP/43;ja_existia;
swshp;swshp-SWSH044;SWSH044;Eternatus V;https://limitlesstcg.nyc3.cdn.digitaloceanspaces.com/tpci/SP/SP_044_R_PT.png;https://limitlesstcg.com/cards/pt/SP/44;ja_existia;
swshp;swshp-SWSH045;SWSH045;Eternatus VMAX;https://limitlesstcg.nyc3.cdn.digitaloceanspaces.com/tpci/SP/SP_045_R_PT.png;https://limitlesstcg.com/cards/pt/SP/45;ja_existia;
swshp;swshp-SWSH046;SWSH046;Eldegoss;https://limitlesstcg.nyc3.cdn.digitaloceanspaces.com/tpci/SP/SP_046_R_PT.png;https://limitlesstcg.com/cards/pt/SP/46;ja_existia;
swshp;swshp-SWSH047;SWSH047;Drednaw;https://limitlesstcg.nyc3.cdn.digitaloceanspaces.com/tpci/SP/SP_047_R_PT.png;https://limitlesstcg.com/cards/pt/SP/47;ja_existia;
swshp;swshp-SWSH048;SWSH048;Centiskorch;https://limitlesstcg.nyc3.cdn.digitaloceanspaces.com/tpci/SP/SP_048_R_PT.png;https://limitlesstcg.com/cards/pt/SP/48;ja_existia;
swshp;swshp-SWSH049;SWSH049;Dubwool V;https://limitlesstcg.nyc3.cdn.digitaloceanspaces.com/tpci/SP/SP_049_R_PT.png;https://limitlesstcg.com/cards/pt/SP/49;ja_existia;
swshp;swshp-SWSH050;SWSH050;Charizard V;https://limitlesstcg.nyc3.cdn.digitaloceanspaces.com/tpci/SP/SP_050_R_PT.png;https://limitlesstcg.com/cards/pt/SP/50;ja_existia;
swshp;swshp-SWSH051;SWSH051;Lapras;https://limitlesstcg.nyc3.cdn.digitaloceanspaces.com/tpci/SP/SP_051_R_PT.png;https://limitlesstcg.com/cards/pt/SP/51;ja_existia;
swshp;swshp-SWSH052;SWSH052;Gengar;https://limitlesstcg.nyc3.cdn.digitaloceanspaces.com/tpci/SP/SP_052_R_PT.png;https://limitlesstcg.com/cards/pt/SP/52;ja_existia;
swshp;swshp-SWSH053;SWSH053;Machamp;https://limitlesstcg.nyc3.cdn.digitaloceanspaces.com/tpci/SP/SP_053_R_PT.png;https://limitlesstcg.com/cards/pt/SP/53;ja_existia;
swshp;swshp-SWSH054;SWSH054;Coalossal;https://limitlesstcg.nyc3.cdn.digitaloceanspaces.com/tpci/SP/SP_054_R_PT.png;https://limitlesstcg.com/cards/pt/SP/54;ja_existia;
swshp;swshp-SWSH055;SWSH055;Hatterene V;https://limitlesstcg.nyc3.cdn.digitaloceanspaces.com/tpci/SP/SP_055_R_PT.png;https://limitlesstcg.com/cards/pt/SP/55;ja_existia;
swshp;swshp-SWSH056;SWSH056;Morpeko V;https://limitlesstcg.nyc3.cdn.digitaloceanspaces.com/tpci/SP/SP_056_R_PT.png;https://limitlesstcg.com/cards/pt/SP/56;ja_existia;
swshp;swshp-SWSH057;SWSH057;Grimmsnarl V;https://limitlesstcg.nyc3.cdn.digitaloceanspaces.com/tpci/SP/SP_057_R_PT.png;https://limitlesstcg.com/cards/pt/SP/57;ja_existia;
swshp;swshp-SWSH058;SWSH058;Alcremie;https://limitlesstcg.nyc3.cdn.digitaloceanspaces.com/tpci/SP/SP_058_R_PT.png;https://limitlesstcg.com/cards/pt/SP/58;ja_existia;
swshp;swshp-SWSH059;SWSH059;Obstagoon de Galar;https://limitlesstcg.nyc3.cdn.digitaloceanspaces.com/tpci/SP/SP_059_R_PT.png;https://limitlesstcg.com/cards/pt/SP/59;ja_existia;
swshp;swshp-SWSH060;SWSH060;Duraludon;https://limitlesstcg.nyc3.cdn.digitaloceanspaces.com/tpci/SP/SP_060_R_PT.png;https://limitlesstcg.com/cards/pt/SP/60;ja_existia;
swshp;swshp-SWSH061;SWSH061;Pikachu V;https://limitlesstcg.nyc3.cdn.digitaloceanspaces.com/tpci/SP/SP_061_R_PT.png;https://limitlesstcg.com/cards/pt/SP/61;ja_existia;
swshp;swshp-SWSH062;SWSH062;Pikachu VMAX;https://limitlesstcg.nyc3.cdn.digitaloceanspaces.com/tpci/SP/SP_062_R_PT.png;https://limitlesstcg.com/cards/pt/SP/62;ja_existia;
swshp;swshp-SWSH063;SWSH063;Pikachu V;https://limitlesstcg.nyc3.cdn.digitaloceanspaces.com/tpci/SP/SP_063_R_PT.png;https://limitlesstcg.com/cards/pt/SP/63;ja_existia;
swshp;swshp-SWSH064;SWSH064;Eternatus V;https://limitlesstcg.nyc3.cdn.digitaloceanspaces.com/tpci/SP/SP_064_R_PT.png;https://limitlesstcg.com/cards/pt/SP/64;ja_existia;
swshp;swshp-SWSH065;SWSH065;Eevee V;https://limitlesstcg.nyc3.cdn.digitaloceanspaces.com/tpci/SP/SP_065_R_PT.png;https://limitlesstcg.com/cards/pt/SP/65;ja_existia;
swshp;swshp-SWSH066;SWSH066;Charizard;https://limitlesstcg.nyc3.cdn.digitaloceanspaces.com/tpci/SP/SP_066_R_PT.png;https://limitlesstcg.com/cards/pt/SP/66;ja_existia;
swshp;swshp-SWSH067;SWSH067;Donphan;https://limitlesstcg.nyc3.cdn.digitaloceanspaces.com/tpci/SP/SP_067_R_PT.png;https://limitlesstcg.com/cards/pt/SP/67;ja_existia;
swshp;swshp-SWSH068;SWSH068;Snorlax;https://limitlesstcg.nyc3.cdn.digitaloceanspaces.com/tpci/SP/SP_068_R_PT.png;https://limitlesstcg.com/cards/pt/SP/68;ja_existia;
swshp;swshp-SWSH069;SWSH069;Lugia;https://limitlesstcg.nyc3.cdn.digitaloceanspaces.com/tpci/SP/SP_069_R_PT.png;https://limitlesstcg.com/cards/pt/SP/69;ja_existia;
swshp;swshp-SWSH070;SWSH070;Grookey;https://limitlesstcg.nyc3.cdn.digitaloceanspaces.com/tpci/SP/SP_070_R_PT.png;https://limitlesstcg.com/cards/pt/SP/70;ja_existia;
swshp;swshp-SWSH071;SWSH071;Scorbunny;https://limitlesstcg.nyc3.cdn.digitaloceanspaces.com/tpci/SP/SP_071_R_PT.png;https://limitlesstcg.com/cards/pt/SP/71;ja_existia;
swshp;swshp-SWSH072;SWSH072;Vaporeon;https://limitlesstcg.nyc3.cdn.digitaloceanspaces.com/tpci/SP/SP_072_R_PT.png;https://limitlesstcg.com/cards/pt/SP/72;ja_existia;
swshp;swshp-SWSH073;SWSH073;Sobble;https://limitlesstcg.nyc3.cdn.digitaloceanspaces.com/tpci/SP/SP_073_R_PT.png;https://limitlesstcg.com/cards/pt/SP/73;ja_existia;
swshp;swshp-SWSH074;SWSH074;Special Delivery Pikachu;;;sem_correspondencia;
swshp;swshp-SWSH076;SWSH076;Zacian V;https://limitlesstcg.nyc3.cdn.digitaloceanspaces.com/tpci/SP/SP_076_R_PT.png;https://limitlesstcg.com/cards/pt/SP/76;ja_existia;
swshp;swshp-SWSH077;SWSH077;Zamazenta V;https://limitlesstcg.nyc3.cdn.digitaloceanspaces.com/tpci/SP/SP_077_R_PT.png;https://limitlesstcg.com/cards/pt/SP/77;ja_existia;
swshp;swshp-SWSH078;SWSH078;Orbeetle V;https://limitlesstcg.nyc3.cdn.digitaloceanspaces.com/tpci/SP/SP_078_R_PT.png;https://limitlesstcg.com/cards/pt/SP/78;ja_existia;
swshp;swshp-SWSH079;SWSH079;Mr. Rime de Galar;https://limitlesstcg.nyc3.cdn.digitaloceanspaces.com/tpci/SP/SP_079_R_PT.png;https://limitlesstcg.com/cards/pt/SP/79;ja_existia;
swshp;swshp-SWSH080;SWSH080;Dedenne;https://limitlesstcg.nyc3.cdn.digitaloceanspaces.com/tpci/SP/SP_080_R_PT.png;https://limitlesstcg.com/cards/pt/SP/80;ja_existia;
swshp;swshp-SWSH081;SWSH081;Polteageist;https://limitlesstcg.nyc3.cdn.digitaloceanspaces.com/tpci/SP/SP_081_R_PT.png;https://limitlesstcg.com/cards/pt/SP/81;ja_existia;
swshp;swshp-SWSH082;SWSH082;Bunnelby;https://limitlesstcg.nyc3.cdn.digitaloceanspaces.com/tpci/SP/SP_082_R_PT.png;https://limitlesstcg.com/cards/pt/SP/82;ja_existia;
swshp;swshp-SWSH083;SWSH083;Alakazam V;https://limitlesstcg.nyc3.cdn.digitaloceanspaces.com/tpci/SP/SP_083_R_PT.png;https://limitlesstcg.com/cards/pt/SP/83;ja_existia;
swshp;swshp-SWSH084;SWSH084;Eldegoss V;https://limitlesstcg.nyc3.cdn.digitaloceanspaces.com/tpci/SP/SP_084_R_PT.png;https://limitlesstcg.com/cards/pt/SP/84;ja_existia;
swshp;swshp-SWSH085;SWSH085;Boltund V;https://limitlesstcg.nyc3.cdn.digitaloceanspaces.com/tpci/SP/SP_085_R_PT.png;https://limitlesstcg.com/cards/pt/SP/85;ja_existia;
swshp;swshp-SWSH086;SWSH086;Cramorant V;https://limitlesstcg.nyc3.cdn.digitaloceanspaces.com/tpci/SP/SP_086_R_PT.png;https://limitlesstcg.com/cards/pt/SP/86;ja_existia;
swshp;swshp-SWSH087;SWSH087;Eevee VMAX;https://limitlesstcg.nyc3.cdn.digitaloceanspaces.com/tpci/SP/SP_087_R_PT.png;https://limitlesstcg.com/cards/pt/SP/87;ja_existia;
swshp;swshp-SWSH088;SWSH088;Cherrim;https://limitlesstcg.nyc3.cdn.digitaloceanspaces.com/tpci/SP/SP_088_R_PT.png;https://limitlesstcg.com/cards/pt/SP/88;ja_existia;
swshp;swshp-SWSH089;SWSH089;Octillery;https://limitlesstcg.nyc3.cdn.digitaloceanspaces.com/tpci/SP/SP_089_R_PT.png;https://limitlesstcg.com/cards/pt/SP/89;ja_existia;
swshp;swshp-SWSH090;SWSH090;Houndoom;https://limitlesstcg.nyc3.cdn.digitaloceanspaces.com/tpci/SP/SP_090_R_PT.png;https://limitlesstcg.com/cards/pt/SP/90;ja_existia;
swshp;swshp-SWSH091;SWSH091;Bronzong;https://limitlesstcg.nyc3.cdn.digitaloceanspaces.com/tpci/SP/SP_091_R_PT.png;https://limitlesstcg.com/cards/pt/SP/91;ja_existia;
swshp;swshp-SWSH092;SWSH092;Charmander;https://limitlesstcg.nyc3.cdn.digitaloceanspaces.com/tpci/SP/SP_092_R_PT.png;https://limitlesstcg.com/cards/pt/SP/92;ja_existia;
swshp;swshp-SWSH093;SWSH093;Arrokuda;https://limitlesstcg.nyc3.cdn.digitaloceanspaces.com/tpci/SP/SP_093_R_PT.png;https://limitlesstcg.com/cards/pt/SP/93;ja_existia;
swshp;swshp-SWSH094;SWSH094;Jolteon;https://limitlesstcg.nyc3.cdn.digitaloceanspaces.com/tpci/SP/SP_094_R_PT.png;https://limitlesstcg.com/cards/pt/SP/94;ja_existia;
swshp;swshp-SWSH095;SWSH095;Eevee;https://limitlesstcg.nyc3.cdn.digitaloceanspaces.com/tpci/SP/SP_095_R_PT.png;https://limitlesstcg.com/cards/pt/SP/95;ja_existia;
swshp;swshp-SWSH096;SWSH096;Dragapult V;https://limitlesstcg.nyc3.cdn.digitaloceanspaces.com/tpci/SP/SP_096_R_PT.png;https://limitlesstcg.com/cards/pt/SP/96;ja_existia;
swshp;swshp-SWSH097;SWSH097;Dragapult VMAX;https://limitlesstcg.nyc3.cdn.digitaloceanspaces.com/tpci/SP/SP_097_R_PT.png;https://limitlesstcg.com/cards/pt/SP/97;ja_existia;
swshp;swshp-SWSH098;SWSH098;Crobat V;https://limitlesstcg.nyc3.cdn.digitaloceanspaces.com/tpci/SP/SP_098_R_PT.png;https://limitlesstcg.com/cards/pt/SP/98;ja_existia;
swshp;swshp-SWSH099;SWSH099;Crobat VMAX;https://limitlesstcg.nyc3.cdn.digitaloceanspaces.com/tpci/SP/SP_099_R_PT.png;https://limitlesstcg.com/cards/pt/SP/99;ja_existia;
swshp;swshp-SWSH100;SWSH100;Venusaur V;https://limitlesstcg.nyc3.cdn.digitaloceanspaces.com/tpci/SP/SP_100_R_PT.png;https://limitlesstcg.com/cards/pt/SP/100;ja_existia;
swshp;swshp-SWSH101;SWSH101;Blastoise V;https://limitlesstcg.nyc3.cdn.digitaloceanspaces.com/tpci/SP/SP_101_R_PT.png;https://limitlesstcg.com/cards/pt/SP/101;ja_existia;
swshp;swshp-SWSH102;SWSH102;Venusaur VMAX;https://limitlesstcg.nyc3.cdn.digitaloceanspaces.com/tpci/SP/SP_102_R_PT.png;https://limitlesstcg.com/cards/pt/SP/102;ja_existia;
swshp;swshp-SWSH103;SWSH103;Blastoise VMAX;https://limitlesstcg.nyc3.cdn.digitaloceanspaces.com/tpci/SP/SP_103_R_PT.png;https://limitlesstcg.com/cards/pt/SP/103;ja_existia;
swshp;swshp-SWSH104;SWSH104;Victini V;https://limitlesstcg.nyc3.cdn.digitaloceanspaces.com/tpci/SP/SP_104_R_PT.png;https://limitlesstcg.com/cards/pt/SP/104;ja_existia;
swshp;swshp-SWSH105;SWSH105;Gardevoir V;https://limitlesstcg.nyc3.cdn.digitaloceanspaces.com/tpci/SP/SP_105_R_PT.png;https://limitlesstcg.com/cards/pt/SP/105;ja_existia;
swshp;swshp-SWSH106;SWSH106;Urshifu Golpe Decisivo V;https://limitlesstcg.nyc3.cdn.digitaloceanspaces.com/tpci/SP/SP_106_R_PT.png;https://limitlesstcg.com/cards/pt/SP/106;ja_existia;
swshp;swshp-SWSH107;SWSH107;Urshifu Golpe Fluido V;https://limitlesstcg.nyc3.cdn.digitaloceanspaces.com/tpci/SP/SP_107_R_PT.png;https://limitlesstcg.com/cards/pt/SP/107;ja_existia;
swshp;swshp-SWSH108;SWSH108;Empoleon V;https://limitlesstcg.nyc3.cdn.digitaloceanspaces.com/tpci/SP/SP_108_R_PT.png;https://limitlesstcg.com/cards/pt/SP/108;ja_existia;
swshp;swshp-SWSH109;SWSH109;Tyranitar V;https://limitlesstcg.nyc3.cdn.digitaloceanspaces.com/tpci/SP/SP_109_R_PT.png;https://limitlesstcg.com/cards/pt/SP/109;ja_existia;
swshp;swshp-SWSH110;SWSH110;Crobat V;https://limitlesstcg.nyc3.cdn.digitaloceanspaces.com/tpci/SP/SP_110_R_PT.png;https://limitlesstcg.com/cards/pt/SP/110;ja_existia;
swshp;swshp-SWSH111;SWSH111;Rapidash de Galar V;https://limitlesstcg.nyc3.cdn.digitaloceanspaces.com/tpci/SP/SP_111_R_PT.png;https://limitlesstcg.com/cards/pt/SP/111;ja_existia;
swshp;swshp-SWSH112;SWSH112;Cinderace;https://limitlesstcg.nyc3.cdn.digitaloceanspaces.com/tpci/SP/SP_112_R_PT.png;https://limitlesstcg.com/cards/pt/SP/112;ja_existia;
swshp;swshp-SWSH113;SWSH113;Inteleon;https://limitlesstcg.nyc3.cdn.digitaloceanspaces.com/tpci/SP/SP_113_R_PT.png;https://limitlesstcg.com/cards/pt/SP/113;ja_existia;
swshp;swshp-SWSH114;SWSH114;Cresselia;https://limitlesstcg.nyc3.cdn.digitaloceanspaces.com/tpci/SP/SP_114_R_PT.png;https://limitlesstcg.com/cards/pt/SP/114;ja_existia;
swshp;swshp-SWSH115;SWSH115;Passimian;https://limitlesstcg.nyc3.cdn.digitaloceanspaces.com/tpci/SP/SP_115_R_PT.png;https://limitlesstcg.com/cards/pt/SP/115;ja_existia;
swshp;swshp-SWSH116;SWSH116;Morpeko;https://limitlesstcg.nyc3.cdn.digitaloceanspaces.com/tpci/SP/SP_116_R_PT.png;https://limitlesstcg.com/cards/pt/SP/116;ja_existia;
swshp;swshp-SWSH117;SWSH117;Phanpy;https://limitlesstcg.nyc3.cdn.digitaloceanspaces.com/tpci/SP/SP_117_R_PT.png;https://limitlesstcg.com/cards/pt/SP/117;ja_existia;
swshp;swshp-SWSH118;SWSH118;Eevee;https://limitlesstcg.nyc3.cdn.digitaloceanspaces.com/tpci/SP/SP_118_R_PT.png;https://limitlesstcg.com/cards/pt/SP/118;ja_existia;
swshp;swshp-SWSH119;SWSH119;Snorlax;https://limitlesstcg.nyc3.cdn.digitaloceanspaces.com/tpci/SP/SP_119_R_PT.png;https://limitlesstcg.com/cards/pt/SP/119;ja_existia;
swshp;swshp-SWSH120;SWSH120;Marine;https://limitlesstcg.nyc3.cdn.digitaloceanspaces.com/tpci/SP/SP_120_R_PT.png;https://limitlesstcg.com/cards/pt/SP/120;ja_existia;
swshp;swshp-SWSH121;SWSH121;Marine;https://limitlesstcg.nyc3.cdn.digitaloceanspaces.com/tpci/SP/SP_121_R_PT.png;https://limitlesstcg.com/cards/pt/SP/121;ja_existia;
swshp;swshp-SWSH122;SWSH122;Flaaffy;https://limitlesstcg.nyc3.cdn.digitaloceanspaces.com/tpci/SP/SP_122_R_PT.png;https://limitlesstcg.com/cards/pt/SP/122;ja_existia;
swshp;swshp-SWSH123;SWSH123;Articuno de Galar;https://limitlesstcg.nyc3.cdn.digitaloceanspaces.com/tpci/SP/SP_123_R_PT.png;https://limitlesstcg.com/cards/pt/SP/123;ja_existia;
swshp;swshp-SWSH124;SWSH124;Zapdos de Galar;https://limitlesstcg.nyc3.cdn.digitaloceanspaces.com/tpci/SP/SP_124_R_PT.png;https://limitlesstcg.com/cards/pt/SP/124;ja_existia;
swshp;swshp-SWSH125;SWSH125;Moltres de Galar;https://limitlesstcg.nyc3.cdn.digitaloceanspaces.com/tpci/SP/SP_125_R_PT.png;https://limitlesstcg.com/cards/pt/SP/125;ja_existia;
swshp;swshp-SWSH126;SWSH126;Slowpoke de Galar;https://limitlesstcg.nyc3.cdn.digitaloceanspaces.com/tpci/SP/SP_126_R_PT.png;https://limitlesstcg.com/cards/pt/SP/126;ja_existia;
swshp;swshp-SWSH127;SWSH127;Eevee;https://limitlesstcg.nyc3.cdn.digitaloceanspaces.com/tpci/SP/SP_127_R_PT.png;https://limitlesstcg.com/cards/pt/SP/127;ja_existia;
swshp;swshp-SWSH128;SWSH128;Eiscue;https://limitlesstcg.nyc3.cdn.digitaloceanspaces.com/tpci/SP/SP_128_R_PT.png;https://limitlesstcg.com/cards/pt/SP/128;ja_existia;
swshp;swshp-SWSH129;SWSH129;Umbreon;https://limitlesstcg.nyc3.cdn.digitaloceanspaces.com/tpci/SP/SP_129_R_PT.png;https://limitlesstcg.com/cards/pt/SP/129;ja_existia;
swshp;swshp-SWSH130;SWSH130;Calyrex Cavaleiro Glacial V;https://limitlesstcg.nyc3.cdn.digitaloceanspaces.com/tpci/SP/SP_130_R_PT.png;https://limitlesstcg.com/cards/pt/SP/130;ja_existia;
swshp;swshp-SWSH131;SWSH131;Calyrex Cavaleiro Espectral V;https://limitlesstcg.nyc3.cdn.digitaloceanspaces.com/tpci/SP/SP_131_R_PT.png;https://limitlesstcg.com/cards/pt/SP/131;ja_existia;
swshp;swshp-SWSH132;SWSH132;Dragapult;https://limitlesstcg.nyc3.cdn.digitaloceanspaces.com/tpci/SP/SP_132_R_PT.png;https://limitlesstcg.com/cards/pt/SP/132;ja_existia;
swshp;swshp-SWSH133;SWSH133;Charizard V do Lance;https://limitlesstcg.nyc3.cdn.digitaloceanspaces.com/tpci/SP/SP_133_R_PT.png;https://limitlesstcg.com/cards/pt/SP/133;ja_existia;
swshp;swshp-SWSH134;SWSH134;Sylveon Sombrio V;https://limitlesstcg.nyc3.cdn.digitaloceanspaces.com/tpci/SP/SP_134_R_PT.png;https://limitlesstcg.com/cards/pt/SP/134;ja_existia;
swshp;swshp-SWSH135;SWSH135;Zacian;https://limitlesstcg.nyc3.cdn.digitaloceanspaces.com/tpci/SP/SP_135_R_PT.png;https://limitlesstcg.com/cards/pt/SP/135;ja_existia;
swshp;swshp-SWSH136;SWSH136;Mimikyu;https://limitlesstcg.nyc3.cdn.digitaloceanspaces.com/tpci/SP/SP_136_R_PT.png;https://limitlesstcg.com/cards/pt/SP/136;ja_existia;
swshp;swshp-SWSH137;SWSH137;Toxtricity Luminoso;https://limitlesstcg.nyc3.cdn.digitaloceanspaces.com/tpci/SP/SP_137_R_PT.png;https://limitlesstcg.com/cards/pt/SP/137;ja_existia;
swshp;swshp-SWSH138;SWSH138;Hydreigon C;https://limitlesstcg.nyc3.cdn.digitaloceanspaces.com/tpci/SP/SP_138_R_PT.png;https://limitlesstcg.com/cards/pt/SP/138;ja_existia;
swshp;swshp-SWSH139;SWSH139;Pikachu V-UNIÃO;https://limitlesstcg.nyc3.cdn.digitaloceanspaces.com/tpci/SP/SP_139_R_PT.png;https://limitlesstcg.com/cards/pt/SP/139;ja_existia;
swshp;swshp-SWSH140;SWSH140;Pikachu V-UNIÃO;https://limitlesstcg.nyc3.cdn.digitaloceanspaces.com/tpci/SP/SP_140_R_PT.png;https://limitlesstcg.com/cards/pt/SP/140;ja_existia;
swshp;swshp-SWSH141;SWSH141;Pikachu V-UNIÃO;https://limitlesstcg.nyc3.cdn.digitaloceanspaces.com/tpci/SP/SP_141_R_PT.png;https://limitlesstcg.com/cards/pt/SP/141;ja_existia;
swshp;swshp-SWSH142;SWSH142;Pikachu V-UNIÃO;https://limitlesstcg.nyc3.cdn.digitaloceanspaces.com/tpci/SP/SP_142_R_PT.png;https://limitlesstcg.com/cards/pt/SP/142;ja_existia;
swshp;swshp-SWSH143;SWSH143;Pikachu V;https://limitlesstcg.nyc3.cdn.digitaloceanspaces.com/tpci/SP/SP_143_R_PT.png;https://limitlesstcg.com/cards/pt/SP/143;ja_existia;
swshp;swshp-SWSH144;SWSH144;Greninja ☆;https://limitlesstcg.nyc3.cdn.digitaloceanspaces.com/tpci/SP/SP_144_R_PT.png;https://limitlesstcg.com/cards/pt/SP/144;ja_existia;
swshp;swshp-SWSH145;SWSH145;Pikachu V;https://limitlesstcg.nyc3.cdn.digitaloceanspaces.com/tpci/SP/SP_145_R_PT.png;https://limitlesstcg.com/cards/pt/SP/145;ja_existia;
swshp;swshp-SWSH146;SWSH146;Poké Bola;https://limitlesstcg.nyc3.cdn.digitaloceanspaces.com/tpci/SP/SP_146_R_PT.png;https://limitlesstcg.com/cards/pt/SP/146;ja_existia;
swshp;swshp-SWSH147;SWSH147;Rayquaza V;https://limitlesstcg.nyc3.cdn.digitaloceanspaces.com/tpci/SP/SP_147_R_PT.png;https://limitlesstcg.com/cards/pt/SP/147;ja_existia;
swshp;swshp-SWSH148;SWSH148;Noivern V;https://limitlesstcg.nyc3.cdn.digitaloceanspaces.com/tpci/SP/SP_148_R_PT.png;https://limitlesstcg.com/cards/pt/SP/148;ja_existia;
swshp;swshp-SWSH149;SWSH149;Flareon V;https://limitlesstcg.nyc3.cdn.digitaloceanspaces.com/tpci/SP/SP_149_R_PT.png;https://limitlesstcg.com/cards/pt/SP/149;ja_existia;
swshp;swshp-SWSH150;SWSH150;Vaporeon V;https://limitlesstcg.nyc3.cdn.digitaloceanspaces.com/tpci/SP/SP_150_R_PT.png;https://limitlesstcg.com/cards/pt/SP/150;ja_existia;
swshp;swshp-SWSH151;SWSH151;Jolteon V;https://limitlesstcg.nyc3.cdn.digitaloceanspaces.com/tpci/SP/SP_151_R_PT.png;https://limitlesstcg.com/cards/pt/SP/151;ja_existia;
swshp;swshp-SWSH152;SWSH152;Pesquisa de Professores;https://limitlesstcg.nyc3.cdn.digitaloceanspaces.com/tpci/SP/SP_152_R_PT.png;https://limitlesstcg.com/cards/pt/SP/152;ja_existia;
swshp;swshp-SWSH153;SWSH153;Pikachu;https://limitlesstcg.nyc3.cdn.digitaloceanspaces.com/tpci/SP/SP_153_R_PT.png;https://limitlesstcg.com/cards/pt/SP/153;ja_existia;
swshp;swshp-SWSH154;SWSH154;Dragonite V;https://limitlesstcg.nyc3.cdn.digitaloceanspaces.com/tpci/SP/SP_154_R_PT.png;https://limitlesstcg.com/cards/pt/SP/154;ja_existia;
swshp;swshp-SWSH155;SWSH155;Greninja V-UNIÃO;https://limitlesstcg.nyc3.cdn.digitaloceanspaces.com/tpci/SP/SP_155_R_PT.png;https://limitlesstcg.com/cards/pt/SP/155;ja_existia;
swshp;swshp-SWSH156;SWSH156;Greninja V-UNIÃO;https://limitlesstcg.nyc3.cdn.digitaloceanspaces.com/tpci/SP/SP_156_R_PT.png;https://limitlesstcg.com/cards/pt/SP/156;ja_existia;
swshp;swshp-SWSH157;SWSH157;Greninja V-UNIÃO;https://limitlesstcg.nyc3.cdn.digitaloceanspaces.com/tpci/SP/SP_157_R_PT.png;https://limitlesstcg.com/cards/pt/SP/157;ja_existia;
swshp;swshp-SWSH158;SWSH158;Greninja V-UNIÃO;https://limitlesstcg.nyc3.cdn.digitaloceanspaces.com/tpci/SP/SP_158_R_PT.png;https://limitlesstcg.com/cards/pt/SP/158;ja_existia;
swshp;swshp-SWSH159;SWSH159;Mewtwo V-UNIÃO;https://limitlesstcg.nyc3.cdn.digitaloceanspaces.com/tpci/SP/SP_159_R_PT.png;https://limitlesstcg.com/cards/pt/SP/159;ja_existia;
swshp;swshp-SWSH160;SWSH160;Mewtwo V-UNIÃO;https://limitlesstcg.nyc3.cdn.digitaloceanspaces.com/tpci/SP/SP_160_R_PT.png;https://limitlesstcg.com/cards/pt/SP/160;ja_existia;
swshp;swshp-SWSH161;SWSH161;Mewtwo V-UNIÃO;https://limitlesstcg.nyc3.cdn.digitaloceanspaces.com/tpci/SP/SP_161_R_PT.png;https://limitlesstcg.com/cards/pt/SP/161;ja_existia;
swshp;swshp-SWSH162;SWSH162;Mewtwo V-UNIÃO;https://limitlesstcg.nyc3.cdn.digitaloceanspaces.com/tpci/SP/SP_162_R_PT.png;https://limitlesstcg.com/cards/pt/SP/162;ja_existia;
swshp;swshp-SWSH163;SWSH163;Zacian V-UNIÃO;https://limitlesstcg.nyc3.cdn.digitaloceanspaces.com/tpci/SP/SP_163_R_PT.png;https://limitlesstcg.com/cards/pt/SP/163;ja_existia;
swshp;swshp-SWSH164;SWSH164;Zacian V-UNIÃO;https://limitlesstcg.nyc3.cdn.digitaloceanspaces.com/tpci/SP/SP_164_R_PT.png;https://limitlesstcg.com/cards/pt/SP/164;ja_existia;
swshp;swshp-SWSH165;SWSH165;Zacian V-UNIÃO;https://limitlesstcg.nyc3.cdn.digitaloceanspaces.com/tpci/SP/SP_165_R_PT.png;https://limitlesstcg.com/cards/pt/SP/165;ja_existia;
swshp;swshp-SWSH166;SWSH166;Zacian V-UNIÃO;https://limitlesstcg.nyc3.cdn.digitaloceanspaces.com/tpci/SP/SP_166_R_PT.png;https://limitlesstcg.com/cards/pt/SP/166;ja_existia;
swshp;swshp-SWSH167;SWSH167;Professora Bruna;https://limitlesstcg.nyc3.cdn.digitaloceanspaces.com/tpci/SP/SP_167_R_PT.png;https://limitlesstcg.com/cards/pt/SP/167;ja_existia;
swshp;swshp-SWSH168;SWSH168;Oricorio;https://limitlesstcg.nyc3.cdn.digitaloceanspaces.com/tpci/SP/SP_168_R_PT.png;https://limitlesstcg.com/cards/pt/SP/168;ja_existia;
swshp;swshp-SWSH169;SWSH169;Pyukumuku;https://limitlesstcg.nyc3.cdn.digitaloceanspaces.com/tpci/SP/SP_169_R_PT.png;https://limitlesstcg.com/cards/pt/SP/169;ja_existia;
swshp;swshp-SWSH170;SWSH170;Deoxys;https://limitlesstcg.nyc3.cdn.digitaloceanspaces.com/tpci/SP/SP_170_R_PT.png;https://limitlesstcg.com/cards/pt/SP/170;ja_existia;
swshp;swshp-SWSH171;SWSH171;Latias;https://limitlesstcg.nyc3.cdn.digitaloceanspaces.com/tpci/SP/SP_171_R_PT.png;https://limitlesstcg.com/cards/pt/SP/171;ja_existia;
swshp;swshp-SWSH172;SWSH172;Tepig;https://limitlesstcg.nyc3.cdn.digitaloceanspaces.com/tpci/SP/SP_172_R_PT.png;https://limitlesstcg.com/cards/pt/SP/172;ja_existia;
swshp;swshp-SWSH173;SWSH173;Blitzle;https://limitlesstcg.nyc3.cdn.digitaloceanspaces.com/tpci/SP/SP_173_R_PT.png;https://limitlesstcg.com/cards/pt/SP/173;ja_existia;
swshp;swshp-SWSH174;SWSH174;Espeon;https://limitlesstcg.nyc3.cdn.digitaloceanspaces.com/tpci/SP/SP_174_R_PT.png;https://limitlesstcg.com/cards/pt/SP/174;ja_existia;
swshp;swshp-SWSH175;SWSH175;Eevee;https://limitlesstcg.nyc3.cdn.digitaloceanspaces.com/tpci/SP/SP_175_R_PT.png;https://limitlesstcg.com/cards/pt/SP/175;ja_existia;
swshp;swshp-SWSH176;SWSH176;Hoopa V;https://limitlesstcg.nyc3.cdn.digitaloceanspaces.com/tpci/SP/SP_176_R_PT.png;https://limitlesstcg.com/cards/pt/SP/176;ja_existia;
swshp;swshp-SWSH178;SWSH178;Pesquisa de Professores;https://limitlesstcg.nyc3.cdn.digitaloceanspaces.com/tpci/SP/SP_178_R_PT.png;https://limitlesstcg.com/cards/pt/SP/178;ja_existia;
swshp;swshp-SWSH179;SWSH179;Flareon V;https://limitlesstcg.nyc3.cdn.digitaloceanspaces.com/tpci/SP/SP_179_R_PT.png;https://limitlesstcg.com/cards/pt/SP/179;ja_existia;
swshp;swshp-SWSH180;SWSH180;Flareon VMAX;https://limitlesstcg.nyc3.cdn.digitaloceanspaces.com/tpci/SP/SP_180_R_PT.png;https://limitlesstcg.com/cards/pt/SP/180;ja_existia;
swshp;swshp-SWSH181;SWSH181;Vaporeon V;https://limitlesstcg.nyc3.cdn.digitaloceanspaces.com/tpci/SP/SP_181_R_PT.png;https://limitlesstcg.com/cards/pt/SP/181;ja_existia;
swshp;swshp-SWSH182;SWSH182;Vaporeon VMAX;https://limitlesstcg.nyc3.cdn.digitaloceanspaces.com/tpci/SP/SP_182_R_PT.png;https://limitlesstcg.com/cards/pt/SP/182;ja_existia;
swshp;swshp-SWSH183;SWSH183;Jolteon V;https://limitlesstcg.nyc3.cdn.digitaloceanspaces.com/tpci/SP/SP_183_R_PT.png;https://limitlesstcg.com/cards/pt/SP/183;ja_existia;
swshp;swshp-SWSH184;SWSH184;Jolteon VMAX;https://limitlesstcg.nyc3.cdn.digitaloceanspaces.com/tpci/SP/SP_184_R_PT.png;https://limitlesstcg.com/cards/pt/SP/184;ja_existia;
swshp;swshp-SWSH185;SWSH185;Moltres;https://limitlesstcg.nyc3.cdn.digitaloceanspaces.com/tpci/SP/SP_185_R_PT.png;https://limitlesstcg.com/cards/pt/SP/185;ja_existia;
swshp;swshp-SWSH186;SWSH186;Lucario;https://limitlesstcg.nyc3.cdn.digitaloceanspaces.com/tpci/SP/SP_186_R_PT.png;https://limitlesstcg.com/cards/pt/SP/186;ja_existia;
swshp;swshp-SWSH187;SWSH187;Liepard;https://limitlesstcg.nyc3.cdn.digitaloceanspaces.com/tpci/SP/SP_187_R_PT.png;https://limitlesstcg.com/cards/pt/SP/187;ja_existia;
swshp;swshp-SWSH188;SWSH188;Bibarel;https://limitlesstcg.nyc3.cdn.digitaloceanspaces.com/tpci/SP/SP_188_R_PT.png;https://limitlesstcg.com/cards/pt/SP/188;ja_existia;
swshp;swshp-SWSH189;SWSH189;Flapple;https://limitlesstcg.nyc3.cdn.digitaloceanspaces.com/tpci/SP/SP_189_R_PT.png;https://limitlesstcg.com/cards/pt/SP/189;ja_existia;
swshp;swshp-SWSH190;SWSH190;Eevee;https://limitlesstcg.nyc3.cdn.digitaloceanspaces.com/tpci/SP/SP_190_R_PT.png;https://limitlesstcg.com/cards/pt/SP/190;ja_existia;
swshp;swshp-SWSH191;SWSH191;Leafeon;https://limitlesstcg.nyc3.cdn.digitaloceanspaces.com/tpci/SP/SP_191_R_PT.png;https://limitlesstcg.com/cards/pt/SP/191;ja_existia;
swshp;swshp-SWSH192;SWSH192;Glaceon;https://limitlesstcg.nyc3.cdn.digitaloceanspaces.com/tpci/SP/SP_192_R_PT.png;https://limitlesstcg.com/cards/pt/SP/192;ja_existia;
swshp;swshp-SWSH193;SWSH193;Obstagoon de Galar;;;sem_correspondencia;
swshp;swshp-SWSH194;SWSH194;Leafeon V;https://limitlesstcg.nyc3.cdn.digitaloceanspaces.com/tpci/SP/SP_194_R_PT.png;https://limitlesstcg.com/cards/pt/SP/194;ja_existia;
swshp;swshp-SWSH195;SWSH195;Leafeon V-ASTRO;https://limitlesstcg.nyc3.cdn.digitaloceanspaces.com/tpci/SP/SP_195_R_PT.png;https://limitlesstcg.com/cards/pt/SP/195;ja_existia;
swshp;swshp-SWSH196;SWSH196;Glaceon V;https://limitlesstcg.nyc3.cdn.digitaloceanspaces.com/tpci/SP/SP_196_R_PT.png;https://limitlesstcg.com/cards/pt/SP/196;ja_existia;
swshp;swshp-SWSH197;SWSH197;Glaceon V-ASTRO;https://limitlesstcg.nyc3.cdn.digitaloceanspaces.com/tpci/SP/SP_197_R_PT.png;https://limitlesstcg.com/cards/pt/SP/197;ja_existia;
swshp;swshp-SWSH198;SWSH198;Pikachu V;https://limitlesstcg.nyc3.cdn.digitaloceanspaces.com/tpci/SP/SP_198_R_PT.png;https://limitlesstcg.com/cards/pt/SP/198;ja_existia;
swshp;swshp-SWSH199;SWSH199;Lycanroc V;https://limitlesstcg.nyc3.cdn.digitaloceanspaces.com/tpci/SP/SP_199_R_PT.png;https://limitlesstcg.com/cards/pt/SP/199;ja_existia;
swshp;swshp-SWSH200;SWSH200;Corviknight V;https://limitlesstcg.nyc3.cdn.digitaloceanspaces.com/tpci/SP/SP_200_R_PT.png;https://limitlesstcg.com/cards/pt/SP/200;ja_existia;
swshp;swshp-SWSH201;SWSH201;Espeon V;https://limitlesstcg.nyc3.cdn.digitaloceanspaces.com/tpci/SP/SP_201_R_PT.png;https://limitlesstcg.com/cards/pt/SP/201;ja_existia;
swshp;swshp-SWSH202;SWSH202;Sylveon V;https://limitlesstcg.nyc3.cdn.digitaloceanspaces.com/tpci/SP/SP_202_R_PT.png;https://limitlesstcg.com/cards/pt/SP/202;ja_existia;
swshp;swshp-SWSH203;SWSH203;Umbreon V;https://limitlesstcg.nyc3.cdn.digitaloceanspaces.com/tpci/SP/SP_203_R_PT.png;https://limitlesstcg.com/cards/pt/SP/203;ja_existia;
swshp;swshp-SWSH204;SWSH204;Arceus V;https://limitlesstcg.nyc3.cdn.digitaloceanspaces.com/tpci/SP/SP_204_R_PT.png;https://limitlesstcg.com/cards/pt/SP/204;ja_existia;
swshp;swshp-SWSH205;SWSH205;Basculegion de Hisui;https://limitlesstcg.nyc3.cdn.digitaloceanspaces.com/tpci/SP/SP_205_R_PT.png;https://limitlesstcg.com/cards/pt/SP/205;ja_existia;
swshp;swshp-SWSH206;SWSH206;Wyrdeer;https://limitlesstcg.nyc3.cdn.digitaloceanspaces.com/tpci/SP/SP_206_R_PT.png;https://limitlesstcg.com/cards/pt/SP/206;ja_existia;
swshp;swshp-SWSH207;SWSH207;Samurott de Hisui;https://limitlesstcg.nyc3.cdn.digitaloceanspaces.com/tpci/SP/SP_207_R_PT.png;https://limitlesstcg.com/cards/pt/SP/207;ja_existia;
swshp;swshp-SWSH208;SWSH208;Magnezone;https://limitlesstcg.nyc3.cdn.digitaloceanspaces.com/tpci/SP/SP_208_R_PT.png;https://limitlesstcg.com/cards/pt/SP/208;ja_existia;
swshp;swshp-SWSH209;SWSH209;Toxel;https://limitlesstcg.nyc3.cdn.digitaloceanspaces.com/tpci/SP/SP_209_R_PT.png;https://limitlesstcg.com/cards/pt/SP/209;ja_existia;
swshp;swshp-SWSH210;SWSH210;Oricorio;https://limitlesstcg.nyc3.cdn.digitaloceanspaces.com/tpci/SP/SP_210_R_PT.png;https://limitlesstcg.com/cards/pt/SP/210;ja_existia;
swshp;swshp-SWSH211;SWSH211;Sylveon;https://limitlesstcg.nyc3.cdn.digitaloceanspaces.com/tpci/SP/SP_211_R_PT.png;https://limitlesstcg.com/cards/pt/SP/211;ja_existia;
swshp;swshp-SWSH212;SWSH212;Eevee;https://limitlesstcg.nyc3.cdn.digitaloceanspaces.com/tpci/SP/SP_212_R_PT.png;https://limitlesstcg.com/cards/pt/SP/212;ja_existia;
swshp;swshp-SWSH213;SWSH213;Lucario V;https://limitlesstcg.nyc3.cdn.digitaloceanspaces.com/tpci/SP/SP_213_R_PT.png;https://limitlesstcg.com/cards/pt/SP/213;ja_existia;
swshp;swshp-SWSH214;SWSH214;Lucario V-ASTRO;https://limitlesstcg.nyc3.cdn.digitaloceanspaces.com/tpci/SP/SP_214_R_PT.png;https://limitlesstcg.com/cards/pt/SP/214;ja_existia;
swshp;swshp-SWSH215;SWSH215;Morpeko V-UNIÃO;https://limitlesstcg.nyc3.cdn.digitaloceanspaces.com/tpci/SP/SP_215_R_PT.png;https://limitlesstcg.com/cards/pt/SP/215;ja_existia;
swshp;swshp-SWSH216;SWSH216;Morpeko V-UNIÃO;https://limitlesstcg.nyc3.cdn.digitaloceanspaces.com/tpci/SP/SP_216_R_PT.png;https://limitlesstcg.com/cards/pt/SP/216;ja_existia;
swshp;swshp-SWSH217;SWSH217;Morpeko V-UNIÃO;https://limitlesstcg.nyc3.cdn.digitaloceanspaces.com/tpci/SP/SP_217_R_PT.png;https://limitlesstcg.com/cards/pt/SP/217;ja_existia;
swshp;swshp-SWSH218;SWSH218;Morpeko V-UNIÃO;https://limitlesstcg.nyc3.cdn.digitaloceanspaces.com/tpci/SP/SP_218_R_PT.png;https://limitlesstcg.com/cards/pt/SP/218;ja_existia;
swshp;swshp-SWSH219;SWSH219;Boltund V;https://limitlesstcg.nyc3.cdn.digitaloceanspaces.com/tpci/SP/SP_219_R_PT.png;https://limitlesstcg.com/cards/pt/SP/219;ja_existia;
swshp;swshp-SWSH220;SWSH220;Rowlet;https://limitlesstcg.nyc3.cdn.digitaloceanspaces.com/tpci/SP/SP_220_R_PT.png;https://limitlesstcg.com/cards/pt/SP/220;ja_existia;
swshp;swshp-SWSH221;SWSH221;Cyndaquil;https://limitlesstcg.nyc3.cdn.digitaloceanspaces.com/tpci/SP/SP_221_R_PT.png;https://limitlesstcg.com/cards/pt/SP/221;ja_existia;
swshp;swshp-SWSH222;SWSH222;Oshawott;https://limitlesstcg.nyc3.cdn.digitaloceanspaces.com/tpci/SP/SP_222_R_PT.png;https://limitlesstcg.com/cards/pt/SP/222;ja_existia;
swshp;swshp-SWSH223;SWSH223;Mewtwo V;https://limitlesstcg.nyc3.cdn.digitaloceanspaces.com/tpci/SP/SP_223_R_PT.png;https://limitlesstcg.com/cards/pt/SP/223;ja_existia;
swshp;swshp-SWSH224;SWSH224;Melmetal V;https://limitlesstcg.nyc3.cdn.digitaloceanspaces.com/tpci/SP/SP_224_R_PT.png;https://limitlesstcg.com/cards/pt/SP/224;ja_existia;
swshp;swshp-SWSH225;SWSH225;Exeggutor de Alola V;https://limitlesstcg.nyc3.cdn.digitaloceanspaces.com/tpci/SP/SP_225_R_PT.png;https://limitlesstcg.com/cards/pt/SP/225;ja_existia;
swshp;swshp-SWSH226;SWSH226;Spark;https://limitlesstcg.nyc3.cdn.digitaloceanspaces.com/tpci/SP/SP_226_R_PT.png;https://limitlesstcg.com/cards/pt/SP/226;ja_existia;
swshp;swshp-SWSH227;SWSH227;Blanche;https://limitlesstcg.nyc3.cdn.digitaloceanspaces.com/tpci/SP/SP_227_R_PT.png;https://limitlesstcg.com/cards/pt/SP/227;ja_existia;
swshp;swshp-SWSH228;SWSH228;Candela;https://limitlesstcg.nyc3.cdn.digitaloceanspaces.com/tpci/SP/SP_228_R_PT.png;https://limitlesstcg.com/cards/pt/SP/228;ja_existia;
swshp;swshp-SWSH229;SWSH229;Mewtwo V;https://limitlesstcg.nyc3.cdn.digitaloceanspaces.com/tpci/SP/SP_229_R_PT.png;https://limitlesstcg.com/cards/pt/SP/229;ja_existia;
swshp;swshp-SWSH230;SWSH230;Eevee Radiante;https://limitlesstcg.nyc3.cdn.digitaloceanspaces.com/tpci/SP/SP_230_R_PT.png;https://limitlesstcg.com/cards/pt/SP/230;ja_existia;
swshp;swshp-SWSH231;SWSH231;Bulbasaur;https://limitlesstcg.nyc3.cdn.digitaloceanspaces.com/tpci/SP/SP_231_R_PT.png;https://limitlesstcg.com/cards/pt/SP/231;ja_existia;
swshp;swshp-SWSH232;SWSH232;Charmander;https://limitlesstcg.nyc3.cdn.digitaloceanspaces.com/tpci/SP/SP_232_R_PT.png;https://limitlesstcg.com/cards/pt/SP/232;ja_existia;
swshp;swshp-SWSH233;SWSH233;Squirtle;https://limitlesstcg.nyc3.cdn.digitaloceanspaces.com/tpci/SP/SP_233_R_PT.png;https://limitlesstcg.com/cards/pt/SP/233;ja_existia;
swshp;swshp-SWSH234;SWSH234;Pikachu;https://limitlesstcg.nyc3.cdn.digitaloceanspaces.com/tpci/SP/SP_234_R_PT.png;https://limitlesstcg.com/cards/pt/SP/234;ja_existia;
swshp;swshp-SWSH235;SWSH235;Dragonite V;https://limitlesstcg.nyc3.cdn.digitaloceanspaces.com/tpci/SP/SP_235_R_PT.png;https://limitlesstcg.com/cards/pt/SP/235;ja_existia;
swshp;swshp-SWSH236;SWSH236;Dragonite V-ASTRO;https://limitlesstcg.nyc3.cdn.digitaloceanspaces.com/tpci/SP/SP_236_R_PT.png;https://limitlesstcg.com/cards/pt/SP/236;ja_existia;
swshp;swshp-SWSH237;SWSH237;Typhlosion de Hisui V;https://limitlesstcg.nyc3.cdn.digitaloceanspaces.com/tpci/SP/SP_237_R_PT.png;https://limitlesstcg.com/cards/pt/SP/237;ja_existia;
swshp;swshp-SWSH238;SWSH238;Decidueye de Hisui V;https://limitlesstcg.nyc3.cdn.digitaloceanspaces.com/tpci/SP/SP_238_R_PT.png;https://limitlesstcg.com/cards/pt/SP/238;ja_existia;
swshp;swshp-SWSH239;SWSH239;Samurott de Hisui V;https://limitlesstcg.nyc3.cdn.digitaloceanspaces.com/tpci/SP/SP_239_R_PT.png;https://limitlesstcg.com/cards/pt/SP/239;ja_existia;
swshp;swshp-SWSH240;SWSH240;Finneon;https://limitlesstcg.nyc3.cdn.digitaloceanspaces.com/tpci/SP/SP_240_R_PT.png;https://limitlesstcg.com/cards/pt/SP/240;ja_existia;
swshp;swshp-SWSH241;SWSH241;Gengar;https://limitlesstcg.nyc3.cdn.digitaloceanspaces.com/tpci/SP/SP_241_R_PT.png;https://limitlesstcg.com/cards/pt/SP/241;ja_existia;
swshp;swshp-SWSH242;SWSH242;Comfey;https://limitlesstcg.nyc3.cdn.digitaloceanspaces.com/tpci/SP/SP_242_R_PT.png;https://limitlesstcg.com/cards/pt/SP/242;ja_existia;
swshp;swshp-SWSH243;SWSH243;Machamp;https://limitlesstcg.nyc3.cdn.digitaloceanspaces.com/tpci/SP/SP_243_R_PT.png;https://limitlesstcg.com/cards/pt/SP/243;ja_existia;
swshp;swshp-SWSH244;SWSH244;Scorbunny;https://limitlesstcg.nyc3.cdn.digitaloceanspaces.com/tpci/SP/SP_244_R_PT.png;https://limitlesstcg.com/cards/pt/SP/244;ja_existia;
swshp;swshp-SWSH245;SWSH245;Croagunk;https://limitlesstcg.nyc3.cdn.digitaloceanspaces.com/tpci/SP/SP_245_R_PT.png;https://limitlesstcg.com/cards/pt/SP/245;ja_existia;
swshp;swshp-SWSH246;SWSH246;Weavile;https://limitlesstcg.nyc3.cdn.digitaloceanspaces.com/tpci/SP/SP_246_R_PT.png;https://limitlesstcg.com/cards/pt/SP/246;ja_existia;
swshp;swshp-SWSH247;SWSH247;Regigigas;https://limitlesstcg.nyc3.cdn.digitaloceanspaces.com/tpci/SP/SP_247_R_PT.png;https://limitlesstcg.com/cards/pt/SP/247;ja_existia;
swshp;swshp-SWSH248;SWSH248;Kleavor V;https://limitlesstcg.nyc3.cdn.digitaloceanspaces.com/tpci/SP/SP_248_R_PT.png;https://limitlesstcg.com/cards/pt/SP/248;ja_existia;
swshp;swshp-SWSH249;SWSH249;Kleavor V-ASTRO;;;sem_correspondencia;
swshp;swshp-SWSH250;SWSH250;Lumineon V;https://limitlesstcg.nyc3.cdn.digitaloceanspaces.com/tpci/SP/SP_250_R_PT.png;https://limitlesstcg.com/cards/pt/SP/250;ja_existia;
swshp;swshp-SWSH251;SWSH251;Ordens da Chefia;https://limitlesstcg.nyc3.cdn.digitaloceanspaces.com/tpci/SP/SP_251_R_PT.png;https://limitlesstcg.com/cards/pt/SP/251;erro;403 Client Error: Forbidden for url: https://limitlesstcg.nyc3.cdn.digitaloceanspaces.com/tpci/SP/SP_251_R_PT_LG.png
swshp;swshp-SWSH252;SWSH252;Infernape V;https://limitlesstcg.nyc3.cdn.digitaloceanspaces.com/tpci/SP/SP_252_R_PT.png;https://limitlesstcg.com/cards/pt/SP/252;ja_existia;
swshp;swshp-SWSH253;SWSH253;Palkia Forma Origem V;https://limitlesstcg.nyc3.cdn.digitaloceanspaces.com/tpci/SP/SP_253_R_PT.png;https://limitlesstcg.com/cards/pt/SP/253;ja_existia;
swshp;swshp-SWSH254;SWSH254;Palkia Forma Origem V-ASTRO;https://limitlesstcg.nyc3.cdn.digitaloceanspaces.com/tpci/SP/SP_254_R_PT.png;https://limitlesstcg.com/cards/pt/SP/254;ja_existia;
swshp;swshp-SWSH255;SWSH255;Dialga Forma Origem V;https://limitlesstcg.nyc3.cdn.digitaloceanspaces.com/tpci/SP/SP_255_R_PT.png;https://limitlesstcg.com/cards/pt/SP/255;ja_existia;
swshp;swshp-SWSH256;SWSH256;Dialga Forma Origem V-ASTRO;https://limitlesstcg.nyc3.cdn.digitaloceanspaces.com/tpci/SP/SP_256_R_PT.png;https://limitlesstcg.com/cards/pt/SP/256;ja_existia;
swshp;swshp-SWSH257;SWSH257;Rotom V;https://limitlesstcg.nyc3.cdn.digitaloceanspaces.com/tpci/SP/SP_257_R_PT.png;https://limitlesstcg.com/cards/pt/SP/257;ja_existia;
swshp;swshp-SWSH258;SWSH258;Gallade V;https://limitlesstcg.nyc3.cdn.digitaloceanspaces.com/tpci/SP/SP_258_R_PT.png;https://limitlesstcg.com/cards/pt/SP/258;ja_existia;
swshp;swshp-SWSH259;SWSH259;Giratina V;https://limitlesstcg.nyc3.cdn.digitaloceanspaces.com/tpci/SP/SP_259_R_PT.png;https://limitlesstcg.com/cards/pt/SP/259;ja_existia;
swshp;swshp-SWSH260;SWSH260;Charizard V;https://limitlesstcg.nyc3.cdn.digitaloceanspaces.com/tpci/SP/SP_260_R_PT.png;https://limitlesstcg.com/cards/pt/SP/260;ja_existia;
swshp;swshp-SWSH261;SWSH261;Charizard VMAX;https://limitlesstcg.nyc3.cdn.digitaloceanspaces.com/tpci/SP/SP_261_R_PT.png;https://limitlesstcg.com/cards/pt/SP/261;ja_existia;
swshp;swshp-SWSH262;SWSH262;Charizard V-ASTRO;https://limitlesstcg.nyc3.cdn.digitaloceanspaces.com/tpci/SP/SP_262_R_PT.png;https://limitlesstcg.com/cards/pt/SP/262;ja_existia;
swshp;swshp-SWSH263;SWSH263;Zeraora V;https://limitlesstcg.nyc3.cdn.digitaloceanspaces.com/tpci/SP/SP_263_R_PT.png;https://limitlesstcg.com/cards/pt/SP/263;ja_existia;
swshp;swshp-SWSH264;SWSH264;Zeraora VMAX;https://limitlesstcg.nyc3.cdn.digitaloceanspaces.com/tpci/SP/SP_264_R_PT.png;https://limitlesstcg.com/cards/pt/SP/264;ja_existia;
swshp;swshp-SWSH265;SWSH265;Zeraora V-ASTRO;https://limitlesstcg.nyc3.cdn.digitaloceanspaces.com/tpci/SP/SP_265_R_PT.png;https://limitlesstcg.com/cards/pt/SP/265;ja_existia;
swshp;swshp-SWSH266;SWSH266;Deoxys V;https://limitlesstcg.nyc3.cdn.digitaloceanspaces.com/tpci/SP/SP_266_R_PT.png;https://limitlesstcg.com/cards/pt/SP/266;ja_existia;
swshp;swshp-SWSH267;SWSH267;Deoxys VMAX;https://limitlesstcg.nyc3.cdn.digitaloceanspaces.com/tpci/SP/SP_267_R_PT.png;https://limitlesstcg.com/cards/pt/SP/267;ja_existia;
swshp;swshp-SWSH268;SWSH268;Deoxys V-ASTRO;https://limitlesstcg.nyc3.cdn.digitaloceanspaces.com/tpci/SP/SP_268_R_PT.png;https://limitlesstcg.com/cards/pt/SP/268;ja_existia;
swshp;swshp-SWSH269;SWSH269;Sunflora;https://limitlesstcg.nyc3.cdn.digitaloceanspaces.com/tpci/SP/SP_269_R_PT.png;https://limitlesstcg.com/cards/pt/SP/269;ja_existia;
swshp;swshp-SWSH270;SWSH270;Rapidash;https://limitlesstcg.nyc3.cdn.digitaloceanspaces.com/tpci/SP/SP_270_R_PT.png;https://limitlesstcg.com/cards/pt/SP/270;ja_existia;
swshp;swshp-SWSH271;SWSH271;Kirlia;https://limitlesstcg.nyc3.cdn.digitaloceanspaces.com/tpci/SP/SP_271_R_PT.png;https://limitlesstcg.com/cards/pt/SP/271;ja_existia;
swshp;swshp-SWSH272;SWSH272;Archeops;https://limitlesstcg.nyc3.cdn.digitaloceanspaces.com/tpci/SP/SP_272_R_PT.png;https://limitlesstcg.com/cards/pt/SP/272;ja_existia;
swshp;swshp-SWSH273;SWSH273;Basculin de Hisui;https://limitlesstcg.nyc3.cdn.digitaloceanspaces.com/tpci/SP/SP_273_R_PT.png;https://limitlesstcg.com/cards/pt/SP/273;ja_existia;
swshp;swshp-SWSH274;SWSH274;Cranidos;https://limitlesstcg.nyc3.cdn.digitaloceanspaces.com/tpci/SP/SP_274_R_PT.png;https://limitlesstcg.com/cards/pt/SP/274;ja_existia;
swshp;swshp-SWSH275;SWSH275;Manaphy;https://limitlesstcg.nyc3.cdn.digitaloceanspaces.com/tpci/SP/SP_275_R_PT.png;https://limitlesstcg.com/cards/pt/SP/275;ja_existia;
swshp;swshp-SWSH276;SWSH276;Togetic;https://limitlesstcg.nyc3.cdn.digitaloceanspaces.com/tpci/SP/SP_276_R_PT.png;https://limitlesstcg.com/cards/pt/SP/276;ja_existia;
swshp;swshp-SWSH277;SWSH277;Rillaboom;https://limitlesstcg.nyc3.cdn.digitaloceanspaces.com/tpci/SP/SP_277_R_PT.png;https://limitlesstcg.com/cards/pt/SP/277;ja_existia;
swshp;swshp-SWSH278;SWSH278;Cinderace;https://limitlesstcg.nyc3.cdn.digitaloceanspaces.com/tpci/SP/SP_278_R_PT.png;https://limitlesstcg.com/cards/pt/SP/278;ja_existia;
swshp;swshp-SWSH279;SWSH279;Inteleon;https://limitlesstcg.nyc3.cdn.digitaloceanspaces.com/tpci/SP/SP_279_R_PT.png;https://limitlesstcg.com/cards/pt/SP/279;ja_existia;
swshp;swshp-SWSH280;SWSH280;Regieleki V;https://limitlesstcg.nyc3.cdn.digitaloceanspaces.com/tpci/SP/SP_280_R_PT.png;https://limitlesstcg.com/cards/pt/SP/280;ja_existia;
swshp;swshp-SWSH281;SWSH281;Regidrago V;https://limitlesstcg.nyc3.cdn.digitaloceanspaces.com/tpci/SP/SP_281_R_PT.png;https://limitlesstcg.com/cards/pt/SP/281;ja_existia;
swshp;swshp-SWSH282;SWSH282;Articuno de Galar;https://limitlesstcg.nyc3.cdn.digitaloceanspaces.com/tpci/SP/SP_282_R_PT.png;https://limitlesstcg.com/cards/pt/SP/282;ja_existia;
swshp;swshp-SWSH283;SWSH283;Zapdos de Galar;https://limitlesstcg.nyc3.cdn.digitaloceanspaces.com/tpci/SP/SP_283_R_PT.png;https://limitlesstcg.com/cards/pt/SP/283;ja_existia;
swshp;swshp-SWSH284;SWSH284;Moltres de Galar;https://limitlesstcg.nyc3.cdn.digitaloceanspaces.com/tpci/SP/SP_284_R_PT.png;https://limitlesstcg.com/cards/pt/SP/284;ja_existia;
swshp;swshp-SWSH285;SWSH285;Pikachu V;https://limitlesstcg.nyc3.cdn.digitaloceanspaces.com/tpci/SP/SP_285_R_PT.png;https://limitlesstcg.com/cards/pt/SP/285;ja_existia;
swshp;swshp-SWSH286;SWSH286;Pikachu VMAX;https://limitlesstcg.nyc3.cdn.digitaloceanspaces.com/tpci/SP/SP_286_R_PT.png;https://limitlesstcg.com/cards/pt/SP/286;ja_existia;
swshp;swshp-SWSH287;SWSH287;Morpeko V-UNIÃO;;;ja_existia;
swshp;swshp-SWSH288;SWSH288;Morpeko V-UNIÃO;;;ja_existia;
swshp;swshp-SWSH289;SWSH289;Morpeko V-UNIÃO;;;ja_existia;
swshp;swshp-SWSH290;SWSH290;Morpeko V-UNIÃO;;;ja_existia;
swshp;swshp-SWSH291;SWSH291;Lucario V-ASTRO;https://limitlesstcg.nyc3.cdn.digitaloceanspaces.com/tpci/SP/SP_291_R_PT.png;https://limitlesstcg.com/cards/pt/SP/291;ja_existia;
swshp;swshp-SWSH292;SWSH292;Zacian V;;;sem_correspondencia;
swshp;swshp-SWSH293;SWSH293;Zamazenta V;;;sem_correspondencia;
swshp;swshp-SWSH294;SWSH294;Electrode de Hisui V;https://limitlesstcg.nyc3.cdn.digitaloceanspaces.com/tpci/SP/SP_294_R_PT.png;https://limitlesstcg.com/cards/pt/SP/294;ja_existia;
swshp;swshp-SWSH295;SWSH295;Virizion V;;;sem_correspondencia;
swshp;swshp-SWSH296;SWSH296;Festival dos Campeões;https://limitlesstcg.nyc3.cdn.digitaloceanspaces.com/tpci/SP/SP_296_R_PT.png;https://limitlesstcg.com/cards/pt/SP/296;ja_existia;
swshp;swshp-SWSH297;SWSH297;Zoroark de Hisui V;https://limitlesstcg.nyc3.cdn.digitaloceanspaces.com/tpci/SP/SP_297_R_PT.png;https://limitlesstcg.com/cards/pt/SP/297;ja_existia;
swshp;swshp-SWSH298;SWSH298;Zoroark de Hisui V-ASTRO;https://limitlesstcg.nyc3.cdn.digitaloceanspaces.com/tpci/SP/SP_298_R_PT.png;https://limitlesstcg.com/cards/pt/SP/298;ja_existia;
swshp;swshp-SWSH299;SWSH299;Jirachi V;;;sem_correspondencia;
swshp;swshp-SWSH300;SWSH300;Unown V;;;sem_correspondencia;
swshp;swshp-SWSH301;SWSH301;Lugia V;https://limitlesstcg.nyc3.cdn.digitaloceanspaces.com/tpci/SP/SP_301_R_PT.png;https://limitlesstcg.com/cards/pt/SP/301;ja_existia;
swshp;swshp-SWSH302;SWSH302;Klara;https://limitlesstcg.nyc3.cdn.digitaloceanspaces.com/tpci/SP/SP_302_R_PT.png;https://limitlesstcg.com/cards/pt/SP/302;erro;403 Client Error: Forbidden for url: https://limitlesstcg.nyc3.cdn.digitaloceanspaces.com/tpci/SP/SP_302_R_PT_LG.png
swshp;swshp-SWSH306;SWSH306;Arceus V;https://limitlesstcg.nyc3.cdn.digitaloceanspaces.com/tpci/SP/SP_306_R_PT.png;https://limitlesstcg.com/cards/pt/SP/306;ja_existia;
swshp;swshp-SWSH307;SWSH307;Arceus V-ASTRO;https://limitlesstcg.nyc3.cdn.digitaloceanspaces.com/tpci/SP/SP_307_R_PT.png;https://limitlesstcg.com/cards/pt/SP/307;ja_existia;
swsh1;swsh1-1;1;Celebi V;https://limitlesstcg.nyc3.cdn.digitaloceanspaces.com/tpci/SSH/SSH_001_R_PT.png;https://limitlesstcg.com/cards/pt/SSH/1;baixado;
swsh1;swsh1-2;2;Roselia;https://limitlesstcg.nyc3.cdn.digitaloceanspaces.com/tpci/SSH/SSH_002_R_PT.png;https://limitlesstcg.com/cards/pt/SSH/2;baixado;
swsh1;swsh1-3;3;Roselia;https://limitlesstcg.nyc3.cdn.digitaloceanspaces.com/tpci/SSH/SSH_003_R_PT.png;https://limitlesstcg.com/cards/pt/SSH/3;baixado;
swsh1;swsh1-4;4;Roserade;https://limitlesstcg.nyc3.cdn.digitaloceanspaces.com/tpci/SSH/SSH_004_R_PT.png;https://limitlesstcg.com/cards/pt/SSH/4;baixado;
swsh1;swsh1-5;5;Cottonee;https://limitlesstcg.nyc3.cdn.digitaloceanspaces.com/tpci/SSH/SSH_005_R_PT.png;https://limitlesstcg.com/cards/pt/SSH/5;baixado;
swsh1;swsh1-6;6;Whimsicott;https://limitlesstcg.nyc3.cdn.digitaloceanspaces.com/tpci/SSH/SSH_006_R_PT.png;https://limitlesstcg.com/cards/pt/SSH/6;baixado;
swsh1;swsh1-7;7;Maractus;https://limitlesstcg.nyc3.cdn.digitaloceanspaces.com/tpci/SSH/SSH_007_R_PT.png;https://limitlesstcg.com/cards/pt/SSH/7;baixado;
swsh1;swsh1-8;8;Durant;https://limitlesstcg.nyc3.cdn.digitaloceanspaces.com/tpci/SSH/SSH_008_R_PT.png;https://limitlesstcg.com/cards/pt/SSH/8;baixado;
swsh1;swsh1-9;9;Dhelmise V;https://limitlesstcg.nyc3.cdn.digitaloceanspaces.com/tpci/SSH/SSH_009_R_PT.png;https://limitlesstcg.com/cards/pt/SSH/9;baixado;
swsh1;swsh1-10;10;Grookey;https://limitlesstcg.nyc3.cdn.digitaloceanspaces.com/tpci/SSH/SSH_010_R_PT.png;https://limitlesstcg.com/cards/pt/SSH/10;baixado;
swsh1;swsh1-11;11;Grookey;https://limitlesstcg.nyc3.cdn.digitaloceanspaces.com/tpci/SSH/SSH_011_R_PT.png;https://limitlesstcg.com/cards/pt/SSH/11;baixado;
swsh1;swsh1-12;12;Thwackey;https://limitlesstcg.nyc3.cdn.digitaloceanspaces.com/tpci/SSH/SSH_012_R_PT.png;https://limitlesstcg.com/cards/pt/SSH/12;baixado;
swsh1;swsh1-13;13;Thwackey;https://limitlesstcg.nyc3.cdn.digitaloceanspaces.com/tpci/SSH/SSH_013_R_PT.png;https://limitlesstcg.com/cards/pt/SSH/13;baixado;
swsh1;swsh1-14;14;Rillaboom;https://limitlesstcg.nyc3.cdn.digitaloceanspaces.com/tpci/SSH/SSH_014_R_PT.png;https://limitlesstcg.com/cards/pt/SSH/14;baixado;
swsh1;swsh1-15;15;Rillaboom;https://limitlesstcg.nyc3.cdn.digitaloceanspaces.com/tpci/SSH/SSH_015_R_PT.png;https://limitlesstcg.com/cards/pt/SSH/15;baixado;
swsh1;swsh1-16;16;Blipbug;https://limitlesstcg.nyc3.cdn.digitaloceanspaces.com/tpci/SSH/SSH_016_R_PT.png;https://limitlesstcg.com/cards/pt/SSH/16;baixado;
swsh1;swsh1-17;17;Blipbug;https://limitlesstcg.nyc3.cdn.digitaloceanspaces.com/tpci/SSH/SSH_017_R_PT.png;https://limitlesstcg.com/cards/pt/SSH/17;baixado;
swsh1;swsh1-18;18;Dottler;https://limitlesstcg.nyc3.cdn.digitaloceanspaces.com/tpci/SSH/SSH_018_R_PT.png;https://limitlesstcg.com/cards/pt/SSH/18;baixado;
swsh1;swsh1-19;19;Orbeetle;https://limitlesstcg.nyc3.cdn.digitaloceanspaces.com/tpci/SSH/SSH_019_R_PT.png;https://limitlesstcg.com/cards/pt/SSH/19;baixado;
swsh1;swsh1-20;20;Gossifleur;https://limitlesstcg.nyc3.cdn.digitaloceanspaces.com/tpci/SSH/SSH_020_R_PT.png;https://limitlesstcg.com/cards/pt/SSH/20;baixado;
swsh1;swsh1-21;21;Eldegoss;https://limitlesstcg.nyc3.cdn.digitaloceanspaces.com/tpci/SSH/SSH_021_R_PT.png;https://limitlesstcg.com/cards/pt/SSH/21;baixado;
swsh1;swsh1-22;22;Vulpix;https://limitlesstcg.nyc3.cdn.digitaloceanspaces.com/tpci/SSH/SSH_022_R_PT.png;https://limitlesstcg.com/cards/pt/SSH/22;baixado;
swsh1;swsh1-23;23;Ninetales;https://limitlesstcg.nyc3.cdn.digitaloceanspaces.com/tpci/SSH/SSH_023_R_PT.png;https://limitlesstcg.com/cards/pt/SSH/23;baixado;
swsh1;swsh1-24;24;Torkoal V;https://limitlesstcg.nyc3.cdn.digitaloceanspaces.com/tpci/SSH/SSH_024_R_PT.png;https://limitlesstcg.com/cards/pt/SSH/24;baixado;
swsh1;swsh1-25;25;Victini V;https://limitlesstcg.nyc3.cdn.digitaloceanspaces.com/tpci/SSH/SSH_025_R_PT.png;https://limitlesstcg.com/cards/pt/SSH/25;baixado;
swsh1;swsh1-26;26;Heatmor;https://limitlesstcg.nyc3.cdn.digitaloceanspaces.com/tpci/SSH/SSH_026_R_PT.png;https://limitlesstcg.com/cards/pt/SSH/26;baixado;
swsh1;swsh1-27;27;Salandit;https://limitlesstcg.nyc3.cdn.digitaloceanspaces.com/tpci/SSH/SSH_027_R_PT.png;https://limitlesstcg.com/cards/pt/SSH/27;baixado;
swsh1;swsh1-28;28;Salazzle;https://limitlesstcg.nyc3.cdn.digitaloceanspaces.com/tpci/SSH/SSH_028_R_PT.png;https://limitlesstcg.com/cards/pt/SSH/28;baixado;
swsh1;swsh1-29;29;Turtonator;https://limitlesstcg.nyc3.cdn.digitaloceanspaces.com/tpci/SSH/SSH_029_R_PT.png;https://limitlesstcg.com/cards/pt/SSH/29;baixado;
swsh1;swsh1-30;30;Scorbunny;https://limitlesstcg.nyc3.cdn.digitaloceanspaces.com/tpci/SSH/SSH_030_R_PT.png;https://limitlesstcg.com/cards/pt/SSH/30;baixado;
swsh1;swsh1-31;31;Scorbunny;https://limitlesstcg.nyc3.cdn.digitaloceanspaces.com/tpci/SSH/SSH_031_R_PT.png;https://limitlesstcg.com/cards/pt/SSH/31;baixado;
swsh1;swsh1-32;32;Raboot;https://limitlesstcg.nyc3.cdn.digitaloceanspaces.com/tpci/SSH/SSH_032_R_PT.png;https://limitlesstcg.com/cards/pt/SSH/32;baixado;
swsh1;swsh1-33;33;Raboot;https://limitlesstcg.nyc3.cdn.digitaloceanspaces.com/tpci/SSH/SSH_033_R_PT.png;https://limitlesstcg.com/cards/pt/SSH/33;baixado;
swsh1;swsh1-34;34;Cinderace;https://limitlesstcg.nyc3.cdn.digitaloceanspaces.com/tpci/SSH/SSH_034_R_PT.png;https://limitlesstcg.com/cards/pt/SSH/34;baixado;
swsh1;swsh1-35;35;Cinderace;https://limitlesstcg.nyc3.cdn.digitaloceanspaces.com/tpci/SSH/SSH_035_R_PT.png;https://limitlesstcg.com/cards/pt/SSH/35;baixado;
swsh1;swsh1-36;36;Cinderace;https://limitlesstcg.nyc3.cdn.digitaloceanspaces.com/tpci/SSH/SSH_036_R_PT.png;https://limitlesstcg.com/cards/pt/SSH/36;baixado;
swsh1;swsh1-37;37;Sizzlipede;https://limitlesstcg.nyc3.cdn.digitaloceanspaces.com/tpci/SSH/SSH_037_R_PT.png;https://limitlesstcg.com/cards/pt/SSH/37;baixado;
swsh1;swsh1-38;38;Sizzlipede;https://limitlesstcg.nyc3.cdn.digitaloceanspaces.com/tpci/SSH/SSH_038_R_PT.png;https://limitlesstcg.com/cards/pt/SSH/38;baixado;
swsh1;swsh1-39;39;Centiskorch;https://limitlesstcg.nyc3.cdn.digitaloceanspaces.com/tpci/SSH/SSH_039_R_PT.png;https://limitlesstcg.com/cards/pt/SSH/39;baixado;
swsh1;swsh1-40;40;Shellder;https://limitlesstcg.nyc3.cdn.digitaloceanspaces.com/tpci/SSH/SSH_040_R_PT.png;https://limitlesstcg.com/cards/pt/SSH/40;baixado;
swsh1;swsh1-41;41;Cloyster;https://limitlesstcg.nyc3.cdn.digitaloceanspaces.com/tpci/SSH/SSH_041_R_PT.png;https://limitlesstcg.com/cards/pt/SSH/41;baixado;
swsh1;swsh1-42;42;Krabby;https://limitlesstcg.nyc3.cdn.digitaloceanspaces.com/tpci/SSH/SSH_042_R_PT.png;https://limitlesstcg.com/cards/pt/SSH/42;baixado;
swsh1;swsh1-43;43;Krabby;https://limitlesstcg.nyc3.cdn.digitaloceanspaces.com/tpci/SSH/SSH_043_R_PT.png;https://limitlesstcg.com/cards/pt/SSH/43;baixado;
swsh1;swsh1-44;44;Kingler;https://limitlesstcg.nyc3.cdn.digitaloceanspaces.com/tpci/SSH/SSH_044_R_PT.png;https://limitlesstcg.com/cards/pt/SSH/44;baixado;
swsh1;swsh1-45;45;Goldeen;https://limitlesstcg.nyc3.cdn.digitaloceanspaces.com/tpci/SSH/SSH_045_R_PT.png;https://limitlesstcg.com/cards/pt/SSH/45;baixado;
swsh1;swsh1-46;46;Goldeen;https://limitlesstcg.nyc3.cdn.digitaloceanspaces.com/tpci/SSH/SSH_046_R_PT.png;https://limitlesstcg.com/cards/pt/SSH/46;baixado;
swsh1;swsh1-47;47;Seaking;https://limitlesstcg.nyc3.cdn.digitaloceanspaces.com/tpci/SSH/SSH_047_R_PT.png;https://limitlesstcg.com/cards/pt/SSH/47;baixado;
swsh1;swsh1-48;48;Lapras;https://limitlesstcg.nyc3.cdn.digitaloceanspaces.com/tpci/SSH/SSH_048_R_PT.png;https://limitlesstcg.com/cards/pt/SSH/48;baixado;
swsh1;swsh1-49;49;Lapras V;https://limitlesstcg.nyc3.cdn.digitaloceanspaces.com/tpci/SSH/SSH_049_R_PT.png;https://limitlesstcg.com/cards/pt/SSH/49;baixado;
swsh1;swsh1-50;50;Lapras VMAX;https://limitlesstcg.nyc3.cdn.digitaloceanspaces.com/tpci/SSH/SSH_050_R_PT.png;https://limitlesstcg.com/cards/pt/SSH/50;baixado;
swsh1;swsh1-51;51;Qwilfish;https://limitlesstcg.nyc3.cdn.digitaloceanspaces.com/tpci/SSH/SSH_051_R_PT.png;https://limitlesstcg.com/cards/pt/SSH/51;baixado;
swsh1;swsh1-52;52;Mantine;https://limitlesstcg.nyc3.cdn.digitaloceanspaces.com/tpci/SSH/SSH_052_R_PT.png;https://limitlesstcg.com/cards/pt/SSH/52;baixado;
swsh1;swsh1-53;53;Keldeo V;https://limitlesstcg.nyc3.cdn.digitaloceanspaces.com/tpci/SSH/SSH_053_R_PT.png;https://limitlesstcg.com/cards/pt/SSH/53;baixado;
swsh1;swsh1-54;54;Sobble;https://limitlesstcg.nyc3.cdn.digitaloceanspaces.com/tpci/SSH/SSH_054_R_PT.png;https://limitlesstcg.com/cards/pt/SSH/54;baixado;
swsh1;swsh1-55;55;Sobble;https://limitlesstcg.nyc3.cdn.digitaloceanspaces.com/tpci/SSH/SSH_055_R_PT.png;https://limitlesstcg.com/cards/pt/SSH/55;baixado;
swsh1;swsh1-56;56;Drizzile;https://limitlesstcg.nyc3.cdn.digitaloceanspaces.com/tpci/SSH/SSH_056_R_PT.png;https://limitlesstcg.com/cards/pt/SSH/56;baixado;
swsh1;swsh1-57;57;Drizzile;https://limitlesstcg.nyc3.cdn.digitaloceanspaces.com/tpci/SSH/SSH_057_R_PT.png;https://limitlesstcg.com/cards/pt/SSH/57;baixado;
swsh1;swsh1-58;58;Inteleon;https://limitlesstcg.nyc3.cdn.digitaloceanspaces.com/tpci/SSH/SSH_058_R_PT.png;https://limitlesstcg.com/cards/pt/SSH/58;baixado;
swsh1;swsh1-59;59;Inteleon;https://limitlesstcg.nyc3.cdn.digitaloceanspaces.com/tpci/SSH/SSH_059_R_PT.png;https://limitlesstcg.com/cards/pt/SSH/59;baixado;
swsh1;swsh1-60;60;Chewtle;https://limitlesstcg.nyc3.cdn.digitaloceanspaces.com/tpci/SSH/SSH_060_R_PT.png;https://limitlesstcg.com/cards/pt/SSH/60;baixado;
swsh1;swsh1-61;61;Drednaw;https://limitlesstcg.nyc3.cdn.digitaloceanspaces.com/tpci/SSH/SSH_061_R_PT.png;https://limitlesstcg.com/cards/pt/SSH/61;baixado;
swsh1;swsh1-62;62;Cramorant;https://limitlesstcg.nyc3.cdn.digitaloceanspaces.com/tpci/SSH/SSH_062_R_PT.png;https://limitlesstcg.com/cards/pt/SSH/62;baixado;
swsh1;swsh1-63;63;Snom;https://limitlesstcg.nyc3.cdn.digitaloceanspaces.com/tpci/SSH/SSH_063_R_PT.png;https://limitlesstcg.com/cards/pt/SSH/63;baixado;
swsh1;swsh1-64;64;Frosmoth;https://limitlesstcg.nyc3.cdn.digitaloceanspaces.com/tpci/SSH/SSH_064_R_PT.png;https://limitlesstcg.com/cards/pt/SSH/64;baixado;
swsh1;swsh1-65;65;Pikachu;https://limitlesstcg.nyc3.cdn.digitaloceanspaces.com/tpci/SSH/SSH_065_R_PT.png;https://limitlesstcg.com/cards/pt/SSH/65;baixado;
swsh1;swsh1-66;66;Raichu;https://limitlesstcg.nyc3.cdn.digitaloceanspaces.com/tpci/SSH/SSH_066_R_PT.png;https://limitlesstcg.com/cards/pt/SSH/66;baixado;
swsh1;swsh1-67;67;Chinchou;https://limitlesstcg.nyc3.cdn.digitaloceanspaces.com/tpci/SSH/SSH_067_R_PT.png;https://limitlesstcg.com/cards/pt/SSH/67;baixado;
swsh1;swsh1-68;68;Chinchou;https://limitlesstcg.nyc3.cdn.digitaloceanspaces.com/tpci/SSH/SSH_068_R_PT.png;https://limitlesstcg.com/cards/pt/SSH/68;baixado;
swsh1;swsh1-69;69;Lanturn;https://limitlesstcg.nyc3.cdn.digitaloceanspaces.com/tpci/SSH/SSH_069_R_PT.png;https://limitlesstcg.com/cards/pt/SSH/69;baixado;
swsh1;swsh1-70;70;Joltik;https://limitlesstcg.nyc3.cdn.digitaloceanspaces.com/tpci/SSH/SSH_070_R_PT.png;https://limitlesstcg.com/cards/pt/SSH/70;baixado;
swsh1;swsh1-71;71;Galvantula;https://limitlesstcg.nyc3.cdn.digitaloceanspaces.com/tpci/SSH/SSH_071_R_PT.png;https://limitlesstcg.com/cards/pt/SSH/71;baixado;
swsh1;swsh1-72;72;Tapu Koko V;https://limitlesstcg.nyc3.cdn.digitaloceanspaces.com/tpci/SSH/SSH_072_R_PT.png;https://limitlesstcg.com/cards/pt/SSH/72;baixado;
swsh1;swsh1-73;73;Yamper;https://limitlesstcg.nyc3.cdn.digitaloceanspaces.com/tpci/SSH/SSH_073_R_PT.png;https://limitlesstcg.com/cards/pt/SSH/73;baixado;
swsh1;swsh1-74;74;Yamper;https://limitlesstcg.nyc3.cdn.digitaloceanspaces.com/tpci/SSH/SSH_074_R_PT.png;https://limitlesstcg.com/cards/pt/SSH/74;baixado;
swsh1;swsh1-75;75;Boltund;https://limitlesstcg.nyc3.cdn.digitaloceanspaces.com/tpci/SSH/SSH_075_R_PT.png;https://limitlesstcg.com/cards/pt/SSH/75;baixado;
swsh1;swsh1-76;76;Boltund;https://limitlesstcg.nyc3.cdn.digitaloceanspaces.com/tpci/SSH/SSH_076_R_PT.png;https://limitlesstcg.com/cards/pt/SSH/76;baixado;
swsh1;swsh1-77;77;Pincurchin;https://limitlesstcg.nyc3.cdn.digitaloceanspaces.com/tpci/SSH/SSH_077_R_PT.png;https://limitlesstcg.com/cards/pt/SSH/77;baixado;
swsh1;swsh1-78;78;Morpeko;https://limitlesstcg.nyc3.cdn.digitaloceanspaces.com/tpci/SSH/SSH_078_R_PT.png;https://limitlesstcg.com/cards/pt/SSH/78;baixado;
swsh1;swsh1-79;79;Morpeko V;https://limitlesstcg.nyc3.cdn.digitaloceanspaces.com/tpci/SSH/SSH_079_R_PT.png;https://limitlesstcg.com/cards/pt/SSH/79;baixado;
swsh1;swsh1-80;80;Morpeko VMAX;https://limitlesstcg.nyc3.cdn.digitaloceanspaces.com/tpci/SSH/SSH_080_R_PT.png;https://limitlesstcg.com/cards/pt/SSH/80;baixado;
swsh1;swsh1-81;81;Ponyta de Galar;https://limitlesstcg.nyc3.cdn.digitaloceanspaces.com/tpci/SSH/SSH_081_R_PT.png;https://limitlesstcg.com/cards/pt/SSH/81;baixado;
swsh1;swsh1-82;82;Rapidash de Galar;https://limitlesstcg.nyc3.cdn.digitaloceanspaces.com/tpci/SSH/SSH_082_R_PT.png;https://limitlesstcg.com/cards/pt/SSH/82;baixado;
swsh1;swsh1-83;83;Gastly;https://limitlesstcg.nyc3.cdn.digitaloceanspaces.com/tpci/SSH/SSH_083_R_PT.png;https://limitlesstcg.com/cards/pt/SSH/83;baixado;
swsh1;swsh1-84;84;Haunter;https://limitlesstcg.nyc3.cdn.digitaloceanspaces.com/tpci/SSH/SSH_084_R_PT.png;https://limitlesstcg.com/cards/pt/SSH/84;baixado;
swsh1;swsh1-85;85;Gengar;https://limitlesstcg.nyc3.cdn.digitaloceanspaces.com/tpci/SSH/SSH_085_R_PT.png;https://limitlesstcg.com/cards/pt/SSH/85;baixado;
swsh1;swsh1-86;86;Wobbuffet V;https://limitlesstcg.nyc3.cdn.digitaloceanspaces.com/tpci/SSH/SSH_086_R_PT.png;https://limitlesstcg.com/cards/pt/SSH/86;baixado;
swsh1;swsh1-87;87;Munna;https://limitlesstcg.nyc3.cdn.digitaloceanspaces.com/tpci/SSH/SSH_087_R_PT.png;https://limitlesstcg.com/cards/pt/SSH/87;baixado;
swsh1;swsh1-88;88;Musharna;https://limitlesstcg.nyc3.cdn.digitaloceanspaces.com/tpci/SSH/SSH_088_R_PT.png;https://limitlesstcg.com/cards/pt/SSH/88;baixado;
swsh1;swsh1-89;89;Sinistea;https://limitlesstcg.nyc3.cdn.digitaloceanspaces.com/tpci/SSH/SSH_089_R_PT.png;https://limitlesstcg.com/cards/pt/SSH/89;baixado;
swsh1;swsh1-90;90;Polteageist;https://limitlesstcg.nyc3.cdn.digitaloceanspaces.com/tpci/SSH/SSH_090_R_PT.png;https://limitlesstcg.com/cards/pt/SSH/90;baixado;
swsh1;swsh1-91;91;Indeedee V;https://limitlesstcg.nyc3.cdn.digitaloceanspaces.com/tpci/SSH/SSH_091_R_PT.png;https://limitlesstcg.com/cards/pt/SSH/91;baixado;
swsh1;swsh1-92;92;Diglett;https://limitlesstcg.nyc3.cdn.digitaloceanspaces.com/tpci/SSH/SSH_092_R_PT.png;https://limitlesstcg.com/cards/pt/SSH/92;baixado;
swsh1;swsh1-93;93;Dugtrio;https://limitlesstcg.nyc3.cdn.digitaloceanspaces.com/tpci/SSH/SSH_093_R_PT.png;https://limitlesstcg.com/cards/pt/SSH/93;baixado;
swsh1;swsh1-94;94;Hitmonlee;https://limitlesstcg.nyc3.cdn.digitaloceanspaces.com/tpci/SSH/SSH_094_R_PT.png;https://limitlesstcg.com/cards/pt/SSH/94;baixado;
swsh1;swsh1-95;95;Hitmonchan;https://limitlesstcg.nyc3.cdn.digitaloceanspaces.com/tpci/SSH/SSH_095_R_PT.png;https://limitlesstcg.com/cards/pt/SSH/95;baixado;
swsh1;swsh1-96;96;Rhyhorn;https://limitlesstcg.nyc3.cdn.digitaloceanspaces.com/tpci/SSH/SSH_096_R_PT.png;https://limitlesstcg.com/cards/pt/SSH/96;baixado;
swsh1;swsh1-97;97;Rhyhorn;https://limitlesstcg.nyc3.cdn.digitaloceanspaces.com/tpci/SSH/SSH_097_R_PT.png;https://limitlesstcg.com/cards/pt/SSH/97;baixado;
swsh1;swsh1-98;98;Rhydon;https://limitlesstcg.nyc3.cdn.digitaloceanspaces.com/tpci/SSH/SSH_098_R_PT.png;https://limitlesstcg.com/cards/pt/SSH/98;baixado;
swsh1;swsh1-99;99;Rhyperior;https://limitlesstcg.nyc3.cdn.digitaloceanspaces.com/tpci/SSH/SSH_099_R_PT.png;https://limitlesstcg.com/cards/pt/SSH/99;baixado;
swsh1;swsh1-100;100;Sudowoodo;https://limitlesstcg.nyc3.cdn.digitaloceanspaces.com/tpci/SSH/SSH_100_R_PT.png;https://limitlesstcg.com/cards/pt/SSH/100;baixado;
swsh1;swsh1-101;101;Baltoy;https://limitlesstcg.nyc3.cdn.digitaloceanspaces.com/tpci/SSH/SSH_101_R_PT.png;https://limitlesstcg.com/cards/pt/SSH/101;baixado;
swsh1;swsh1-102;102;Baltoy;https://limitlesstcg.nyc3.cdn.digitaloceanspaces.com/tpci/SSH/SSH_102_R_PT.png;https://limitlesstcg.com/cards/pt/SSH/102;baixado;
swsh1;swsh1-103;103;Claydol;https://limitlesstcg.nyc3.cdn.digitaloceanspaces.com/tpci/SSH/SSH_103_R_PT.png;https://limitlesstcg.com/cards/pt/SSH/103;baixado;
swsh1;swsh1-104;104;Regirock V;https://limitlesstcg.nyc3.cdn.digitaloceanspaces.com/tpci/SSH/SSH_104_R_PT.png;https://limitlesstcg.com/cards/pt/SSH/104;baixado;
swsh1;swsh1-105;105;Mudbray;https://limitlesstcg.nyc3.cdn.digitaloceanspaces.com/tpci/SSH/SSH_105_R_PT.png;https://limitlesstcg.com/cards/pt/SSH/105;baixado;
swsh1;swsh1-106;106;Mudsdale;https://limitlesstcg.nyc3.cdn.digitaloceanspaces.com/tpci/SSH/SSH_106_R_PT.png;https://limitlesstcg.com/cards/pt/SSH/106;baixado;
swsh1;swsh1-107;107;Silicobra;https://limitlesstcg.nyc3.cdn.digitaloceanspaces.com/tpci/SSH/SSH_107_R_PT.png;https://limitlesstcg.com/cards/pt/SSH/107;baixado;
swsh1;swsh1-108;108;Silicobra;https://limitlesstcg.nyc3.cdn.digitaloceanspaces.com/tpci/SSH/SSH_108_R_PT.png;https://limitlesstcg.com/cards/pt/SSH/108;baixado;
swsh1;swsh1-109;109;Sandaconda;https://limitlesstcg.nyc3.cdn.digitaloceanspaces.com/tpci/SSH/SSH_109_R_PT.png;https://limitlesstcg.com/cards/pt/SSH/109;baixado;
swsh1;swsh1-110;110;Sandaconda;https://limitlesstcg.nyc3.cdn.digitaloceanspaces.com/tpci/SSH/SSH_110_R_PT.png;https://limitlesstcg.com/cards/pt/SSH/110;baixado;
swsh1;swsh1-111;111;Clobbopus;https://limitlesstcg.nyc3.cdn.digitaloceanspaces.com/tpci/SSH/SSH_111_R_PT.png;https://limitlesstcg.com/cards/pt/SSH/111;baixado;
swsh1;swsh1-112;112;Clobbopus;https://limitlesstcg.nyc3.cdn.digitaloceanspaces.com/tpci/SSH/SSH_112_R_PT.png;https://limitlesstcg.com/cards/pt/SSH/112;baixado;
swsh1;swsh1-113;113;Grapploct;https://limitlesstcg.nyc3.cdn.digitaloceanspaces.com/tpci/SSH/SSH_113_R_PT.png;https://limitlesstcg.com/cards/pt/SSH/113;baixado;
swsh1;swsh1-114;114;Stonjourner;https://limitlesstcg.nyc3.cdn.digitaloceanspaces.com/tpci/SSH/SSH_114_R_PT.png;https://limitlesstcg.com/cards/pt/SSH/114;baixado;
swsh1;swsh1-115;115;Stonjourner V;https://limitlesstcg.nyc3.cdn.digitaloceanspaces.com/tpci/SSH/SSH_115_R_PT.png;https://limitlesstcg.com/cards/pt/SSH/115;baixado;
swsh1;swsh1-116;116;Stonjourner VMAX;https://limitlesstcg.nyc3.cdn.digitaloceanspaces.com/tpci/SSH/SSH_116_R_PT.png;https://limitlesstcg.com/cards/pt/SSH/116;baixado;
swsh1;swsh1-117;117;Zigzagoon de Galar;https://limitlesstcg.nyc3.cdn.digitaloceanspaces.com/tpci/SSH/SSH_117_R_PT.png;https://limitlesstcg.com/cards/pt/SSH/117;baixado;
swsh1;swsh1-118;118;Linoone de Galar;https://limitlesstcg.nyc3.cdn.digitaloceanspaces.com/tpci/SSH/SSH_118_R_PT.png;https://limitlesstcg.com/cards/pt/SSH/118;baixado;
swsh1;swsh1-119;119;Obstagoon de Galar;https://limitlesstcg.nyc3.cdn.digitaloceanspaces.com/tpci/SSH/SSH_119_R_PT.png;https://limitlesstcg.com/cards/pt/SSH/119;baixado;
swsh1;swsh1-120;120;Sableye V;https://limitlesstcg.nyc3.cdn.digitaloceanspaces.com/tpci/SSH/SSH_120_R_PT.png;https://limitlesstcg.com/cards/pt/SSH/120;baixado;
swsh1;swsh1-121;121;Skorupi;https://limitlesstcg.nyc3.cdn.digitaloceanspaces.com/tpci/SSH/SSH_121_R_PT.png;https://limitlesstcg.com/cards/pt/SSH/121;baixado;
swsh1;swsh1-122;122;Drapion;https://limitlesstcg.nyc3.cdn.digitaloceanspaces.com/tpci/SSH/SSH_122_R_PT.png;https://limitlesstcg.com/cards/pt/SSH/122;baixado;
swsh1;swsh1-123;123;Croagunk;https://limitlesstcg.nyc3.cdn.digitaloceanspaces.com/tpci/SSH/SSH_123_R_PT.png;https://limitlesstcg.com/cards/pt/SSH/123;baixado;
swsh1;swsh1-124;124;Toxicroak;https://limitlesstcg.nyc3.cdn.digitaloceanspaces.com/tpci/SSH/SSH_124_R_PT.png;https://limitlesstcg.com/cards/pt/SSH/124;baixado;
swsh1;swsh1-125;125;Nickit;https://limitlesstcg.nyc3.cdn.digitaloceanspaces.com/tpci/SSH/SSH_125_R_PT.png;https://limitlesstcg.com/cards/pt/SSH/125;baixado;
swsh1;swsh1-126;126;Thievul;https://limitlesstcg.nyc3.cdn.digitaloceanspaces.com/tpci/SSH/SSH_126_R_PT.png;https://limitlesstcg.com/cards/pt/SSH/126;baixado;
swsh1;swsh1-127;127;Meowth de Galar;https://limitlesstcg.nyc3.cdn.digitaloceanspaces.com/tpci/SSH/SSH_127_R_PT.png;https://limitlesstcg.com/cards/pt/SSH/127;baixado;
swsh1;swsh1-128;128;Perrserker de Galar;https://limitlesstcg.nyc3.cdn.digitaloceanspaces.com/tpci/SSH/SSH_128_R_PT.png;https://limitlesstcg.com/cards/pt/SSH/128;baixado;
swsh1;swsh1-129;129;Mawile;https://limitlesstcg.nyc3.cdn.digitaloceanspaces.com/tpci/SSH/SSH_129_R_PT.png;https://limitlesstcg.com/cards/pt/SSH/129;baixado;
swsh1;swsh1-130;130;Ferroseed;https://limitlesstcg.nyc3.cdn.digitaloceanspaces.com/tpci/SSH/SSH_130_R_PT.png;https://limitlesstcg.com/cards/pt/SSH/130;baixado;
swsh1;swsh1-131;131;Ferrothorn;https://limitlesstcg.nyc3.cdn.digitaloceanspaces.com/tpci/SSH/SSH_131_R_PT.png;https://limitlesstcg.com/cards/pt/SSH/131;baixado;
swsh1;swsh1-132;132;Stunfisk de Galar;https://limitlesstcg.nyc3.cdn.digitaloceanspaces.com/tpci/SSH/SSH_132_R_PT.png;https://limitlesstcg.com/cards/pt/SSH/132;baixado;
swsh1;swsh1-133;133;Pawniard;https://limitlesstcg.nyc3.cdn.digitaloceanspaces.com/tpci/SSH/SSH_133_R_PT.png;https://limitlesstcg.com/cards/pt/SSH/133;baixado;
swsh1;swsh1-134;134;Bisharp;https://limitlesstcg.nyc3.cdn.digitaloceanspaces.com/tpci/SSH/SSH_134_R_PT.png;https://limitlesstcg.com/cards/pt/SSH/134;baixado;
swsh1;swsh1-135;135;Corviknight;https://limitlesstcg.nyc3.cdn.digitaloceanspaces.com/tpci/SSH/SSH_135_R_PT.png;https://limitlesstcg.com/cards/pt/SSH/135;baixado;
swsh1;swsh1-136;136;Cufant;https://limitlesstcg.nyc3.cdn.digitaloceanspaces.com/tpci/SSH/SSH_136_R_PT.png;https://limitlesstcg.com/cards/pt/SSH/136;baixado;
swsh1;swsh1-137;137;Copperajah;https://limitlesstcg.nyc3.cdn.digitaloceanspaces.com/tpci/SSH/SSH_137_R_PT.png;https://limitlesstcg.com/cards/pt/SSH/137;baixado;
swsh1;swsh1-138;138;Zacian V;https://limitlesstcg.nyc3.cdn.digitaloceanspaces.com/tpci/SSH/SSH_138_R_PT.png;https://limitlesstcg.com/cards/pt/SSH/138;baixado;
swsh1;swsh1-139;139;Zamazenta V;https://limitlesstcg.nyc3.cdn.digitaloceanspaces.com/tpci/SSH/SSH_139_R_PT.png;https://limitlesstcg.com/cards/pt/SSH/139;baixado;
swsh1;swsh1-140;140;Snorlax;https://limitlesstcg.nyc3.cdn.digitaloceanspaces.com/tpci/SSH/SSH_140_R_PT.png;https://limitlesstcg.com/cards/pt/SSH/140;baixado;
swsh1;swsh1-141;141;Snorlax V;https://limitlesstcg.nyc3.cdn.digitaloceanspaces.com/tpci/SSH/SSH_141_R_PT.png;https://limitlesstcg.com/cards/pt/SSH/141;baixado;
swsh1;swsh1-142;142;Snorlax VMAX;https://limitlesstcg.nyc3.cdn.digitaloceanspaces.com/tpci/SSH/SSH_142_R_PT.png;https://limitlesstcg.com/cards/pt/SSH/142;baixado;
swsh1;swsh1-143;143;Hoothoot;https://limitlesstcg.nyc3.cdn.digitaloceanspaces.com/tpci/SSH/SSH_143_R_PT.png;https://limitlesstcg.com/cards/pt/SSH/143;baixado;
swsh1;swsh1-144;144;Noctowl;https://limitlesstcg.nyc3.cdn.digitaloceanspaces.com/tpci/SSH/SSH_144_R_PT.png;https://limitlesstcg.com/cards/pt/SSH/144;baixado;
swsh1;swsh1-145;145;Minccino;https://limitlesstcg.nyc3.cdn.digitaloceanspaces.com/tpci/SSH/SSH_145_R_PT.png;https://limitlesstcg.com/cards/pt/SSH/145;baixado;
swsh1;swsh1-146;146;Minccino;https://limitlesstcg.nyc3.cdn.digitaloceanspaces.com/tpci/SSH/SSH_146_R_PT.png;https://limitlesstcg.com/cards/pt/SSH/146;baixado;
swsh1;swsh1-147;147;Cinccino;https://limitlesstcg.nyc3.cdn.digitaloceanspaces.com/tpci/SSH/SSH_147_R_PT.png;https://limitlesstcg.com/cards/pt/SSH/147;baixado;
swsh1;swsh1-148;148;Oranguru;https://limitlesstcg.nyc3.cdn.digitaloceanspaces.com/tpci/SSH/SSH_148_R_PT.png;https://limitlesstcg.com/cards/pt/SSH/148;baixado;
swsh1;swsh1-149;149;Drampa;https://limitlesstcg.nyc3.cdn.digitaloceanspaces.com/tpci/SSH/SSH_149_R_PT.png;https://limitlesstcg.com/cards/pt/SSH/149;baixado;
swsh1;swsh1-150;150;Rookidee;https://limitlesstcg.nyc3.cdn.digitaloceanspaces.com/tpci/SSH/SSH_150_R_PT.png;https://limitlesstcg.com/cards/pt/SSH/150;baixado;
swsh1;swsh1-151;151;Corvisquire;https://limitlesstcg.nyc3.cdn.digitaloceanspaces.com/tpci/SSH/SSH_151_R_PT.png;https://limitlesstcg.com/cards/pt/SSH/151;baixado;
swsh1;swsh1-152;152;Wooloo;https://limitlesstcg.nyc3.cdn.digitaloceanspaces.com/tpci/SSH/SSH_152_R_PT.png;https://limitlesstcg.com/cards/pt/SSH/152;baixado;
swsh1;swsh1-153;153;Wooloo;https://limitlesstcg.nyc3.cdn.digitaloceanspaces.com/tpci/SSH/SSH_153_R_PT.png;https://limitlesstcg.com/cards/pt/SSH/153;baixado;
swsh1;swsh1-154;154;Dubwool;https://limitlesstcg.nyc3.cdn.digitaloceanspaces.com/tpci/SSH/SSH_154_R_PT.png;https://limitlesstcg.com/cards/pt/SSH/154;baixado;
swsh1;swsh1-155;155;Cramorant V;https://limitlesstcg.nyc3.cdn.digitaloceanspaces.com/tpci/SSH/SSH_155_R_PT.png;https://limitlesstcg.com/cards/pt/SSH/155;baixado;
swsh1;swsh1-156;156;Balão de Ar;https://limitlesstcg.nyc3.cdn.digitaloceanspaces.com/tpci/SSH/SSH_156_R_PT.png;https://limitlesstcg.com/cards/pt/SSH/156;baixado;
swsh1;swsh1-157;157;Beda;https://limitlesstcg.nyc3.cdn.digitaloceanspaces.com/tpci/SSH/SSH_157_R_PT.png;https://limitlesstcg.com/cards/pt/SSH/157;baixado;
swsh1;swsh1-158;158;Pingente Grande;https://limitlesstcg.nyc3.cdn.digitaloceanspaces.com/tpci/SSH/SSH_158_R_PT.png;https://limitlesstcg.com/cards/pt/SSH/158;baixado;
swsh1;swsh1-159;159;Martelo Esmagador;https://limitlesstcg.nyc3.cdn.digitaloceanspaces.com/tpci/SSH/SSH_159_R_PT.png;https://limitlesstcg.com/cards/pt/SSH/159;baixado;
swsh1;swsh1-160;160;Recuperação de Energia;https://limitlesstcg.nyc3.cdn.digitaloceanspaces.com/tpci/SSH/SSH_160_R_PT.png;https://limitlesstcg.com/cards/pt/SSH/160;baixado;
swsh1;swsh1-161;161;Busca de Energia;https://limitlesstcg.nyc3.cdn.digitaloceanspaces.com/tpci/SSH/SSH_161_R_PT.png;https://limitlesstcg.com/cards/pt/SSH/161;baixado;
swsh1;swsh1-162;162;Substituição de Energia;https://limitlesstcg.nyc3.cdn.digitaloceanspaces.com/tpci/SSH/SSH_162_R_PT.png;https://limitlesstcg.com/cards/pt/SSH/162;baixado;
swsh1;swsh1-163;163;Incenso de Evolução;https://limitlesstcg.nyc3.cdn.digitaloceanspaces.com/tpci/SSH/SSH_163_R_PT.png;https://limitlesstcg.com/cards/pt/SSH/163;baixado;
swsh1;swsh1-164;164;Grande Bola;https://limitlesstcg.nyc3.cdn.digitaloceanspaces.com/tpci/SSH/SSH_164_R_PT.png;https://limitlesstcg.com/cards/pt/SSH/164;baixado;
swsh1;swsh1-165;165;Lupo;https://limitlesstcg.nyc3.cdn.digitaloceanspaces.com/tpci/SSH/SSH_165_R_PT.png;https://limitlesstcg.com/cards/pt/SSH/165;baixado;
swsh1;swsh1-166;166;Hiperpoção;https://limitlesstcg.nyc3.cdn.digitaloceanspaces.com/tpci/SSH/SSH_166_R_PT.png;https://limitlesstcg.com/cards/pt/SSH/166;baixado;
swsh1;swsh1-167;167;Ovo da Sorte;https://limitlesstcg.nyc3.cdn.digitaloceanspaces.com/tpci/SSH/SSH_167_R_PT.png;https://limitlesstcg.com/cards/pt/SSH/167;baixado;
swsh1;swsh1-168;168;Fruta Lum;https://limitlesstcg.nyc3.cdn.digitaloceanspaces.com/tpci/SSH/SSH_168_R_PT.png;https://limitlesstcg.com/cards/pt/SSH/168;baixado;
swsh1;swsh1-169;169;Marine;https://limitlesstcg.nyc3.cdn.digitaloceanspaces.com/tpci/SSH/SSH_169_R_PT.png;https://limitlesstcg.com/cards/pt/SSH/169;baixado;
swsh1;swsh1-170;170;Disco de Metal;https://limitlesstcg.nyc3.cdn.digitaloceanspaces.com/tpci/SSH/SSH_170_R_PT.png;https://limitlesstcg.com/cards/pt/SSH/170;baixado;
swsh1;swsh1-171;171;Vara de Pescar Comum;https://limitlesstcg.nyc3.cdn.digitaloceanspaces.com/tpci/SSH/SSH_171_R_PT.png;https://limitlesstcg.com/cards/pt/SSH/171;baixado;
swsh1;swsh1-172;172;Pal Pad;https://limitlesstcg.nyc3.cdn.digitaloceanspaces.com/tpci/SSH/SSH_172_R_PT.png;https://limitlesstcg.com/cards/pt/SSH/172;baixado;
swsh1;swsh1-173;173;Poké Criança;https://limitlesstcg.nyc3.cdn.digitaloceanspaces.com/tpci/SSH/SSH_173_R_PT.png;https://limitlesstcg.com/cards/pt/SSH/173;baixado;
swsh1;swsh1-174;174;Pokégear 3.0;https://limitlesstcg.nyc3.cdn.digitaloceanspaces.com/tpci/SSH/SSH_174_R_PT.png;https://limitlesstcg.com/cards/pt/SSH/174;baixado;
swsh1;swsh1-175;175;Pegador de Pokémon;https://limitlesstcg.nyc3.cdn.digitaloceanspaces.com/tpci/SSH/SSH_175_R_PT.png;https://limitlesstcg.com/cards/pt/SSH/175;baixado;
swsh1;swsh1-176;176;Dama do Centro Pokémon;https://limitlesstcg.nyc3.cdn.digitaloceanspaces.com/tpci/SSH/SSH_176_R_PT.png;https://limitlesstcg.com/cards/pt/SSH/176;baixado;
swsh1;swsh1-177;177;Poção;https://limitlesstcg.nyc3.cdn.digitaloceanspaces.com/tpci/SSH/SSH_177_R_PT.png;https://limitlesstcg.com/cards/pt/SSH/177;baixado;
swsh1;swsh1-178;178;Pesquisa de Professores;https://limitlesstcg.nyc3.cdn.digitaloceanspaces.com/tpci/SSH/SSH_178_R_PT.png;https://limitlesstcg.com/cards/pt/SSH/178;baixado;
swsh1;swsh1-179;179;Bola Rápida;https://limitlesstcg.nyc3.cdn.digitaloceanspaces.com/tpci/SSH/SSH_179_R_PT.png;https://limitlesstcg.com/cards/pt/SSH/179;baixado;
swsh1;swsh1-180;180;Doce Raro;https://limitlesstcg.nyc3.cdn.digitaloceanspaces.com/tpci/SSH/SSH_180_R_PT.png;https://limitlesstcg.com/cards/pt/SSH/180;baixado;
swsh1;swsh1-181;181;Bicicleta Rotom;https://limitlesstcg.nyc3.cdn.digitaloceanspaces.com/tpci/SSH/SSH_181_R_PT.png;https://limitlesstcg.com/cards/pt/SSH/181;baixado;
swsh1;swsh1-182;182;Fruta Sitrus;https://limitlesstcg.nyc3.cdn.digitaloceanspaces.com/tpci/SSH/SSH_182_R_PT.png;https://limitlesstcg.com/cards/pt/SSH/182;baixado;
swsh1;swsh1-183;183;Substituição;https://limitlesstcg.nyc3.cdn.digitaloceanspaces.com/tpci/SSH/SSH_183_R_PT.png;https://limitlesstcg.com/cards/pt/SSH/183;baixado;
swsh1;swsh1-184;184;Recruta da Equipe Yell;https://limitlesstcg.nyc3.cdn.digitaloceanspaces.com/tpci/SSH/SSH_184_R_PT.png;https://limitlesstcg.com/cards/pt/SSH/184;baixado;
swsh1;swsh1-185;185;Faixa de Vitalidade;https://limitlesstcg.nyc3.cdn.digitaloceanspaces.com/tpci/SSH/SSH_185_R_PT.png;https://limitlesstcg.com/cards/pt/SSH/185;baixado;
swsh1;swsh1-186;186;Energia da Aurora;https://limitlesstcg.nyc3.cdn.digitaloceanspaces.com/tpci/SSH/SSH_186_R_PT.png;https://limitlesstcg.com/cards/pt/SSH/186;baixado;
swsh1;swsh1-187;187;Dhelmise V;https://limitlesstcg.nyc3.cdn.digitaloceanspaces.com/tpci/SSH/SSH_187_R_PT.png;https://limitlesstcg.com/cards/pt/SSH/187;baixado;
swsh1;swsh1-188;188;Torkoal V;https://limitlesstcg.nyc3.cdn.digitaloceanspaces.com/tpci/SSH/SSH_188_R_PT.png;https://limitlesstcg.com/cards/pt/SSH/188;baixado;
swsh1;swsh1-189;189;Lapras V;https://limitlesstcg.nyc3.cdn.digitaloceanspaces.com/tpci/SSH/SSH_189_R_PT.png;https://limitlesstcg.com/cards/pt/SSH/189;baixado;
swsh1;swsh1-190;190;Morpeko V;https://limitlesstcg.nyc3.cdn.digitaloceanspaces.com/tpci/SSH/SSH_190_R_PT.png;https://limitlesstcg.com/cards/pt/SSH/190;baixado;
swsh1;swsh1-191;191;Wobbuffet V;https://limitlesstcg.nyc3.cdn.digitaloceanspaces.com/tpci/SSH/SSH_191_R_PT.png;https://limitlesstcg.com/cards/pt/SSH/191;baixado;
swsh1;swsh1-192;192;Indeedee V;https://limitlesstcg.nyc3.cdn.digitaloceanspaces.com/tpci/SSH/SSH_192_R_PT.png;https://limitlesstcg.com/cards/pt/SSH/192;baixado;
swsh1;swsh1-193;193;Stonjourner V;https://limitlesstcg.nyc3.cdn.digitaloceanspaces.com/tpci/SSH/SSH_193_R_PT.png;https://limitlesstcg.com/cards/pt/SSH/193;baixado;
swsh1;swsh1-194;194;Sableye V;https://limitlesstcg.nyc3.cdn.digitaloceanspaces.com/tpci/SSH/SSH_194_R_PT.png;https://limitlesstcg.com/cards/pt/SSH/194;baixado;
swsh1;swsh1-195;195;Zacian V;https://limitlesstcg.nyc3.cdn.digitaloceanspaces.com/tpci/SSH/SSH_195_R_PT.png;https://limitlesstcg.com/cards/pt/SSH/195;baixado;
swsh1;swsh1-196;196;Zamazenta V;https://limitlesstcg.nyc3.cdn.digitaloceanspaces.com/tpci/SSH/SSH_196_R_PT.png;https://limitlesstcg.com/cards/pt/SSH/196;baixado;
swsh1;swsh1-197;197;Snorlax V;https://limitlesstcg.nyc3.cdn.digitaloceanspaces.com/tpci/SSH/SSH_197_R_PT.png;https://limitlesstcg.com/cards/pt/SSH/197;baixado;
swsh1;swsh1-198;198;Cramorant V;https://limitlesstcg.nyc3.cdn.digitaloceanspaces.com/tpci/SSH/SSH_198_R_PT.png;https://limitlesstcg.com/cards/pt/SSH/198;baixado;
swsh1;swsh1-199;199;Beda;https://limitlesstcg.nyc3.cdn.digitaloceanspaces.com/tpci/SSH/SSH_199_R_PT.png;https://limitlesstcg.com/cards/pt/SSH/199;baixado;
swsh1;swsh1-200;200;Marine;https://limitlesstcg.nyc3.cdn.digitaloceanspaces.com/tpci/SSH/SSH_200_R_PT.png;https://limitlesstcg.com/cards/pt/SSH/200;baixado;
swsh1;swsh1-201;201;Pesquisa de Professores;https://limitlesstcg.nyc3.cdn.digitaloceanspaces.com/tpci/SSH/SSH_201_R_PT.png;https://limitlesstcg.com/cards/pt/SSH/201;baixado;
swsh1;swsh1-202;202;Recruta da Equipe Yell;https://limitlesstcg.nyc3.cdn.digitaloceanspaces.com/tpci/SSH/SSH_202_R_PT.png;https://limitlesstcg.com/cards/pt/SSH/202;baixado;
swsh1;swsh1-203;203;Lapras VMAX;https://limitlesstcg.nyc3.cdn.digitaloceanspaces.com/tpci/SSH/SSH_203_R_PT.png;https://limitlesstcg.com/cards/pt/SSH/203;baixado;
swsh1;swsh1-204;204;Morpeko VMAX;https://limitlesstcg.nyc3.cdn.digitaloceanspaces.com/tpci/SSH/SSH_204_R_PT.png;https://limitlesstcg.com/cards/pt/SSH/204;baixado;
swsh1;swsh1-205;205;Stonjourner VMAX;https://limitlesstcg.nyc3.cdn.digitaloceanspaces.com/tpci/SSH/SSH_205_R_PT.png;https://limitlesstcg.com/cards/pt/SSH/205;baixado;
swsh1;swsh1-206;206;Snorlax VMAX;https://limitlesstcg.nyc3.cdn.digitaloceanspaces.com/tpci/SSH/SSH_206_R_PT.png;https://limitlesstcg.com/cards/pt/SSH/206;baixado;
swsh1;swsh1-207;207;Beda;https://limitlesstcg.nyc3.cdn.digitaloceanspaces.com/tpci/SSH/SSH_207_R_PT.png;https://limitlesstcg.com/cards/pt/SSH/207;baixado;
swsh1;swsh1-208;208;Marine;https://limitlesstcg.nyc3.cdn.digitaloceanspaces.com/tpci/SSH/SSH_208_R_PT.png;https://limitlesstcg.com/cards/pt/SSH/208;baixado;
swsh1;swsh1-209;209;Pesquisa de Professores;https://limitlesstcg.nyc3.cdn.digitaloceanspaces.com/tpci/SSH/SSH_209_R_PT.png;https://limitlesstcg.com/cards/pt/SSH/209;baixado;
swsh1;swsh1-210;210;Recruta da Equipe Yell;https://limitlesstcg.nyc3.cdn.digitaloceanspaces.com/tpci/SSH/SSH_210_R_PT.png;https://limitlesstcg.com/cards/pt/SSH/210;baixado;
swsh1;swsh1-211;211;Zacian V;https://limitlesstcg.nyc3.cdn.digitaloceanspaces.com/tpci/SSH/SSH_211_R_PT.png;https://limitlesstcg.com/cards/pt/SSH/211;baixado;
swsh1;swsh1-212;212;Zamazenta V;https://limitlesstcg.nyc3.cdn.digitaloceanspaces.com/tpci/SSH/SSH_212_R_PT.png;https://limitlesstcg.com/cards/pt/SSH/212;baixado;
swsh1;swsh1-213;213;Balão de Ar;https://limitlesstcg.nyc3.cdn.digitaloceanspaces.com/tpci/SSH/SSH_213_R_PT.png;https://limitlesstcg.com/cards/pt/SSH/213;baixado;
swsh1;swsh1-214;214;Disco de Metal;https://limitlesstcg.nyc3.cdn.digitaloceanspaces.com/tpci/SSH/SSH_214_R_PT.png;https://limitlesstcg.com/cards/pt/SSH/214;baixado;
swsh1;swsh1-215;215;Vara de Pescar Comum;https://limitlesstcg.nyc3.cdn.digitaloceanspaces.com/tpci/SSH/SSH_215_R_PT.png;https://limitlesstcg.com/cards/pt/SSH/215;baixado;
swsh1;swsh1-216;216;Bola Rápida;https://limitlesstcg.nyc3.cdn.digitaloceanspaces.com/tpci/SSH/SSH_216_R_PT.png;https://limitlesstcg.com/cards/pt/SSH/216;baixado;
swsh2;swsh2-1;1;Caterpie;https://limitlesstcg.nyc3.cdn.digitaloceanspaces.com/tpci/RCL/RCL_001_R_PT.png;https://limitlesstcg.com/cards/pt/RCL/1;baixado;
swsh2;swsh2-2;2;Metapod;https://limitlesstcg.nyc3.cdn.digitaloceanspaces.com/tpci/RCL/RCL_002_R_PT.png;https://limitlesstcg.com/cards/pt/RCL/2;baixado;
swsh2;swsh2-3;3;Butterfree;https://limitlesstcg.nyc3.cdn.digitaloceanspaces.com/tpci/RCL/RCL_003_R_PT.png;https://limitlesstcg.com/cards/pt/RCL/3;baixado;
swsh2;swsh2-4;4;Scyther;https://limitlesstcg.nyc3.cdn.digitaloceanspaces.com/tpci/RCL/RCL_004_R_PT.png;https://limitlesstcg.com/cards/pt/RCL/4;baixado;
swsh2;swsh2-5;5;Shuckle;https://limitlesstcg.nyc3.cdn.digitaloceanspaces.com/tpci/RCL/RCL_005_R_PT.png;https://limitlesstcg.com/cards/pt/RCL/5;baixado;
swsh2;swsh2-6;6;Heracross;https://limitlesstcg.nyc3.cdn.digitaloceanspaces.com/tpci/RCL/RCL_006_R_PT.png;https://limitlesstcg.com/cards/pt/RCL/6;baixado;
swsh2;swsh2-7;7;Lotad;https://limitlesstcg.nyc3.cdn.digitaloceanspaces.com/tpci/RCL/RCL_007_R_PT.png;https://limitlesstcg.com/cards/pt/RCL/7;baixado;
swsh2;swsh2-8;8;Lombre;https://limitlesstcg.nyc3.cdn.digitaloceanspaces.com/tpci/RCL/RCL_008_R_PT.png;https://limitlesstcg.com/cards/pt/RCL/8;baixado;
swsh2;swsh2-9;9;Ludicolo;https://limitlesstcg.nyc3.cdn.digitaloceanspaces.com/tpci/RCL/RCL_009_R_PT.png;https://limitlesstcg.com/cards/pt/RCL/9;baixado;
swsh2;swsh2-10;10;Surskit;https://limitlesstcg.nyc3.cdn.digitaloceanspaces.com/tpci/RCL/RCL_010_R_PT.png;https://limitlesstcg.com/cards/pt/RCL/10;baixado;
swsh2;swsh2-11;11;Masquerain;https://limitlesstcg.nyc3.cdn.digitaloceanspaces.com/tpci/RCL/RCL_011_R_PT.png;https://limitlesstcg.com/cards/pt/RCL/11;baixado;
swsh2;swsh2-12;12;Snover;https://limitlesstcg.nyc3.cdn.digitaloceanspaces.com/tpci/RCL/RCL_012_R_PT.png;https://limitlesstcg.com/cards/pt/RCL/12;baixado;
swsh2;swsh2-13;13;Abomasnow;https://limitlesstcg.nyc3.cdn.digitaloceanspaces.com/tpci/RCL/RCL_013_R_PT.png;https://limitlesstcg.com/cards/pt/RCL/13;baixado;
swsh2;swsh2-14;14;Phantump;https://limitlesstcg.nyc3.cdn.digitaloceanspaces.com/tpci/RCL/RCL_014_R_PT.png;https://limitlesstcg.com/cards/pt/RCL/14;baixado;
swsh2;swsh2-15;15;Trevenant;https://limitlesstcg.nyc3.cdn.digitaloceanspaces.com/tpci/RCL/RCL_015_R_PT.png;https://limitlesstcg.com/cards/pt/RCL/15;baixado;
swsh2;swsh2-16;16;Grubbin;https://limitlesstcg.nyc3.cdn.digitaloceanspaces.com/tpci/RCL/RCL_016_R_PT.png;https://limitlesstcg.com/cards/pt/RCL/16;baixado;
swsh2;swsh2-17;17;Rillaboom V;https://limitlesstcg.nyc3.cdn.digitaloceanspaces.com/tpci/RCL/RCL_017_R_PT.png;https://limitlesstcg.com/cards/pt/RCL/17;baixado;
swsh2;swsh2-18;18;Rillaboom VMAX;https://limitlesstcg.nyc3.cdn.digitaloceanspaces.com/tpci/RCL/RCL_018_R_PT.png;https://limitlesstcg.com/cards/pt/RCL/18;baixado;
swsh2;swsh2-19;19;Eldegoss V;https://limitlesstcg.nyc3.cdn.digitaloceanspaces.com/tpci/RCL/RCL_019_R_PT.png;https://limitlesstcg.com/cards/pt/RCL/19;baixado;
swsh2;swsh2-20;20;Applin;https://limitlesstcg.nyc3.cdn.digitaloceanspaces.com/tpci/RCL/RCL_020_R_PT.png;https://limitlesstcg.com/cards/pt/RCL/20;baixado;
swsh2;swsh2-21;21;Applin;https://limitlesstcg.nyc3.cdn.digitaloceanspaces.com/tpci/RCL/RCL_021_R_PT.png;https://limitlesstcg.com/cards/pt/RCL/21;baixado;
swsh2;swsh2-22;22;Flapple;https://limitlesstcg.nyc3.cdn.digitaloceanspaces.com/tpci/RCL/RCL_022_R_PT.png;https://limitlesstcg.com/cards/pt/RCL/22;baixado;
swsh2;swsh2-23;23;Appletun;https://limitlesstcg.nyc3.cdn.digitaloceanspaces.com/tpci/RCL/RCL_023_R_PT.png;https://limitlesstcg.com/cards/pt/RCL/23;baixado;
swsh2;swsh2-24;24;Vulpix;https://limitlesstcg.nyc3.cdn.digitaloceanspaces.com/tpci/RCL/RCL_024_R_PT.png;https://limitlesstcg.com/cards/pt/RCL/24;baixado;
swsh2;swsh2-25;25;Ninetales;https://limitlesstcg.nyc3.cdn.digitaloceanspaces.com/tpci/RCL/RCL_025_R_PT.png;https://limitlesstcg.com/cards/pt/RCL/25;baixado;
swsh2;swsh2-26;26;Ninetales V;https://limitlesstcg.nyc3.cdn.digitaloceanspaces.com/tpci/RCL/RCL_026_R_PT.png;https://limitlesstcg.com/cards/pt/RCL/26;baixado;
swsh2;swsh2-27;27;Growlithe;https://limitlesstcg.nyc3.cdn.digitaloceanspaces.com/tpci/RCL/RCL_027_R_PT.png;https://limitlesstcg.com/cards/pt/RCL/27;baixado;
swsh2;swsh2-28;28;Arcanine;https://limitlesstcg.nyc3.cdn.digitaloceanspaces.com/tpci/RCL/RCL_028_R_PT.png;https://limitlesstcg.com/cards/pt/RCL/28;baixado;
swsh2;swsh2-29;29;Magmar;https://limitlesstcg.nyc3.cdn.digitaloceanspaces.com/tpci/RCL/RCL_029_R_PT.png;https://limitlesstcg.com/cards/pt/RCL/29;baixado;
swsh2;swsh2-30;30;Magmortar;https://limitlesstcg.nyc3.cdn.digitaloceanspaces.com/tpci/RCL/RCL_030_R_PT.png;https://limitlesstcg.com/cards/pt/RCL/30;baixado;
swsh2;swsh2-31;31;Litwick;https://limitlesstcg.nyc3.cdn.digitaloceanspaces.com/tpci/RCL/RCL_031_R_PT.png;https://limitlesstcg.com/cards/pt/RCL/31;baixado;
swsh2;swsh2-32;32;Lampent;https://limitlesstcg.nyc3.cdn.digitaloceanspaces.com/tpci/RCL/RCL_032_R_PT.png;https://limitlesstcg.com/cards/pt/RCL/32;baixado;
swsh2;swsh2-33;33;Chandelure;https://limitlesstcg.nyc3.cdn.digitaloceanspaces.com/tpci/RCL/RCL_033_R_PT.png;https://limitlesstcg.com/cards/pt/RCL/33;baixado;
swsh2;swsh2-34;34;Heatmor;https://limitlesstcg.nyc3.cdn.digitaloceanspaces.com/tpci/RCL/RCL_034_R_PT.png;https://limitlesstcg.com/cards/pt/RCL/34;baixado;
swsh2;swsh2-35;35;Cinderace V;https://limitlesstcg.nyc3.cdn.digitaloceanspaces.com/tpci/RCL/RCL_035_R_PT.png;https://limitlesstcg.com/cards/pt/RCL/35;baixado;
swsh2;swsh2-36;36;Cinderace VMAX;https://limitlesstcg.nyc3.cdn.digitaloceanspaces.com/tpci/RCL/RCL_036_R_PT.png;https://limitlesstcg.com/cards/pt/RCL/36;baixado;
swsh2;swsh2-37;37;Mr. Mime de Galar;https://limitlesstcg.nyc3.cdn.digitaloceanspaces.com/tpci/RCL/RCL_037_R_PT.png;https://limitlesstcg.com/cards/pt/RCL/37;baixado;
swsh2;swsh2-38;38;Mr. Rime de Galar;https://limitlesstcg.nyc3.cdn.digitaloceanspaces.com/tpci/RCL/RCL_038_R_PT.png;https://limitlesstcg.com/cards/pt/RCL/38;baixado;
swsh2;swsh2-39;39;Magikarp;https://limitlesstcg.nyc3.cdn.digitaloceanspaces.com/tpci/RCL/RCL_039_R_PT.png;https://limitlesstcg.com/cards/pt/RCL/39;baixado;
swsh2;swsh2-40;40;Gyarados;https://limitlesstcg.nyc3.cdn.digitaloceanspaces.com/tpci/RCL/RCL_040_R_PT.png;https://limitlesstcg.com/cards/pt/RCL/40;baixado;
swsh2;swsh2-41;41;Wingull;https://limitlesstcg.nyc3.cdn.digitaloceanspaces.com/tpci/RCL/RCL_041_R_PT.png;https://limitlesstcg.com/cards/pt/RCL/41;baixado;
swsh2;swsh2-42;42;Pelipper;https://limitlesstcg.nyc3.cdn.digitaloceanspaces.com/tpci/RCL/RCL_042_R_PT.png;https://limitlesstcg.com/cards/pt/RCL/42;baixado;
swsh2;swsh2-43;43;Milotic V;https://limitlesstcg.nyc3.cdn.digitaloceanspaces.com/tpci/RCL/RCL_043_R_PT.png;https://limitlesstcg.com/cards/pt/RCL/43;baixado;
swsh2;swsh2-44;44;Tympole;https://limitlesstcg.nyc3.cdn.digitaloceanspaces.com/tpci/RCL/RCL_044_R_PT.png;https://limitlesstcg.com/cards/pt/RCL/44;baixado;
swsh2;swsh2-45;45;Palpitoad;https://limitlesstcg.nyc3.cdn.digitaloceanspaces.com/tpci/RCL/RCL_045_R_PT.png;https://limitlesstcg.com/cards/pt/RCL/45;baixado;
swsh2;swsh2-46;46;Seismitoad;https://limitlesstcg.nyc3.cdn.digitaloceanspaces.com/tpci/RCL/RCL_046_R_PT.png;https://limitlesstcg.com/cards/pt/RCL/46;baixado;
swsh2;swsh2-47;47;Darumaka de Galar;https://limitlesstcg.nyc3.cdn.digitaloceanspaces.com/tpci/RCL/RCL_047_R_PT.png;https://limitlesstcg.com/cards/pt/RCL/47;baixado;
swsh2;swsh2-48;48;Darmanitan de Galar;https://limitlesstcg.nyc3.cdn.digitaloceanspaces.com/tpci/RCL/RCL_048_R_PT.png;https://limitlesstcg.com/cards/pt/RCL/48;baixado;
swsh2;swsh2-49;49;Inteleon V;https://limitlesstcg.nyc3.cdn.digitaloceanspaces.com/tpci/RCL/RCL_049_R_PT.png;https://limitlesstcg.com/cards/pt/RCL/49;baixado;
swsh2;swsh2-50;50;Inteleon VMAX;https://limitlesstcg.nyc3.cdn.digitaloceanspaces.com/tpci/RCL/RCL_050_R_PT.png;https://limitlesstcg.com/cards/pt/RCL/50;baixado;
swsh2;swsh2-51;51;Cramorant;https://limitlesstcg.nyc3.cdn.digitaloceanspaces.com/tpci/RCL/RCL_051_R_PT.png;https://limitlesstcg.com/cards/pt/RCL/51;baixado;
swsh2;swsh2-52;52;Arrokuda;https://limitlesstcg.nyc3.cdn.digitaloceanspaces.com/tpci/RCL/RCL_052_R_PT.png;https://limitlesstcg.com/cards/pt/RCL/52;baixado;
swsh2;swsh2-53;53;Barraskewda;https://limitlesstcg.nyc3.cdn.digitaloceanspaces.com/tpci/RCL/RCL_053_R_PT.png;https://limitlesstcg.com/cards/pt/RCL/53;baixado;
swsh2;swsh2-54;54;Eiscue;https://limitlesstcg.nyc3.cdn.digitaloceanspaces.com/tpci/RCL/RCL_054_R_PT.png;https://limitlesstcg.com/cards/pt/RCL/54;baixado;
swsh2;swsh2-55;55;Eiscue V;https://limitlesstcg.nyc3.cdn.digitaloceanspaces.com/tpci/RCL/RCL_055_R_PT.png;https://limitlesstcg.com/cards/pt/RCL/55;baixado;
swsh2;swsh2-56;56;Voltorb;https://limitlesstcg.nyc3.cdn.digitaloceanspaces.com/tpci/RCL/RCL_056_R_PT.png;https://limitlesstcg.com/cards/pt/RCL/56;baixado;
swsh2;swsh2-57;57;Electrode;https://limitlesstcg.nyc3.cdn.digitaloceanspaces.com/tpci/RCL/RCL_057_R_PT.png;https://limitlesstcg.com/cards/pt/RCL/57;baixado;
swsh2;swsh2-58;58;Electabuzz;https://limitlesstcg.nyc3.cdn.digitaloceanspaces.com/tpci/RCL/RCL_058_R_PT.png;https://limitlesstcg.com/cards/pt/RCL/58;baixado;
swsh2;swsh2-59;59;Electivire;https://limitlesstcg.nyc3.cdn.digitaloceanspaces.com/tpci/RCL/RCL_059_R_PT.png;https://limitlesstcg.com/cards/pt/RCL/59;baixado;
swsh2;swsh2-60;60;Shinx;https://limitlesstcg.nyc3.cdn.digitaloceanspaces.com/tpci/RCL/RCL_060_R_PT.png;https://limitlesstcg.com/cards/pt/RCL/60;baixado;
swsh2;swsh2-61;61;Luxio;https://limitlesstcg.nyc3.cdn.digitaloceanspaces.com/tpci/RCL/RCL_061_R_PT.png;https://limitlesstcg.com/cards/pt/RCL/61;baixado;
swsh2;swsh2-62;62;Luxray;https://limitlesstcg.nyc3.cdn.digitaloceanspaces.com/tpci/RCL/RCL_062_R_PT.png;https://limitlesstcg.com/cards/pt/RCL/62;baixado;
swsh2;swsh2-63;63;Helioptile;https://limitlesstcg.nyc3.cdn.digitaloceanspaces.com/tpci/RCL/RCL_063_R_PT.png;https://limitlesstcg.com/cards/pt/RCL/63;baixado;
swsh2;swsh2-64;64;Heliolisk;https://limitlesstcg.nyc3.cdn.digitaloceanspaces.com/tpci/RCL/RCL_064_R_PT.png;https://limitlesstcg.com/cards/pt/RCL/64;baixado;
swsh2;swsh2-65;65;Charjabug;https://limitlesstcg.nyc3.cdn.digitaloceanspaces.com/tpci/RCL/RCL_065_R_PT.png;https://limitlesstcg.com/cards/pt/RCL/65;baixado;
swsh2;swsh2-66;66;Vikavolt;https://limitlesstcg.nyc3.cdn.digitaloceanspaces.com/tpci/RCL/RCL_066_R_PT.png;https://limitlesstcg.com/cards/pt/RCL/66;baixado;
swsh2;swsh2-67;67;Boltund V;https://limitlesstcg.nyc3.cdn.digitaloceanspaces.com/tpci/RCL/RCL_067_R_PT.png;https://limitlesstcg.com/cards/pt/RCL/67;baixado;
swsh2;swsh2-68;68;Toxel;https://limitlesstcg.nyc3.cdn.digitaloceanspaces.com/tpci/RCL/RCL_068_R_PT.png;https://limitlesstcg.com/cards/pt/RCL/68;baixado;
swsh2;swsh2-69;69;Toxtricity;https://limitlesstcg.nyc3.cdn.digitaloceanspaces.com/tpci/RCL/RCL_069_R_PT.png;https://limitlesstcg.com/cards/pt/RCL/69;baixado;
swsh2;swsh2-70;70;Toxtricity V;https://limitlesstcg.nyc3.cdn.digitaloceanspaces.com/tpci/RCL/RCL_070_R_PT.png;https://limitlesstcg.com/cards/pt/RCL/70;baixado;
swsh2;swsh2-71;71;Toxtricity VMAX;https://limitlesstcg.nyc3.cdn.digitaloceanspaces.com/tpci/RCL/RCL_071_R_PT.png;https://limitlesstcg.com/cards/pt/RCL/71;baixado;
swsh2;swsh2-72;72;Pincurchin V;https://limitlesstcg.nyc3.cdn.digitaloceanspaces.com/tpci/RCL/RCL_072_R_PT.png;https://limitlesstcg.com/cards/pt/RCL/72;baixado;
swsh2;swsh2-73;73;Morpeko;https://limitlesstcg.nyc3.cdn.digitaloceanspaces.com/tpci/RCL/RCL_073_R_PT.png;https://limitlesstcg.com/cards/pt/RCL/73;baixado;
swsh2;swsh2-74;74;Clefairy;https://limitlesstcg.nyc3.cdn.digitaloceanspaces.com/tpci/RCL/RCL_074_R_PT.png;https://limitlesstcg.com/cards/pt/RCL/74;baixado;
swsh2;swsh2-75;75;Clefable;https://limitlesstcg.nyc3.cdn.digitaloceanspaces.com/tpci/RCL/RCL_075_R_PT.png;https://limitlesstcg.com/cards/pt/RCL/75;baixado;
swsh2;swsh2-76;76;Natu;https://limitlesstcg.nyc3.cdn.digitaloceanspaces.com/tpci/RCL/RCL_076_R_PT.png;https://limitlesstcg.com/cards/pt/RCL/76;baixado;
swsh2;swsh2-77;77;Xatu;https://limitlesstcg.nyc3.cdn.digitaloceanspaces.com/tpci/RCL/RCL_077_R_PT.png;https://limitlesstcg.com/cards/pt/RCL/77;baixado;
swsh2;swsh2-78;78;Corsola de Galar;https://limitlesstcg.nyc3.cdn.digitaloceanspaces.com/tpci/RCL/RCL_078_R_PT.png;https://limitlesstcg.com/cards/pt/RCL/78;baixado;
swsh2;swsh2-79;79;Cursola de Galar;https://limitlesstcg.nyc3.cdn.digitaloceanspaces.com/tpci/RCL/RCL_079_R_PT.png;https://limitlesstcg.com/cards/pt/RCL/79;baixado;
swsh2;swsh2-80;80;Sigilyph;https://limitlesstcg.nyc3.cdn.digitaloceanspaces.com/tpci/RCL/RCL_080_R_PT.png;https://limitlesstcg.com/cards/pt/RCL/80;baixado;
swsh2;swsh2-81;81;Sandygast;https://limitlesstcg.nyc3.cdn.digitaloceanspaces.com/tpci/RCL/RCL_081_R_PT.png;https://limitlesstcg.com/cards/pt/RCL/81;baixado;
swsh2;swsh2-82;82;Palossand;https://limitlesstcg.nyc3.cdn.digitaloceanspaces.com/tpci/RCL/RCL_082_R_PT.png;https://limitlesstcg.com/cards/pt/RCL/82;baixado;
swsh2;swsh2-83;83;Hatenna;https://limitlesstcg.nyc3.cdn.digitaloceanspaces.com/tpci/RCL/RCL_083_R_PT.png;https://limitlesstcg.com/cards/pt/RCL/83;baixado;
swsh2;swsh2-84;84;Hattrem;https://limitlesstcg.nyc3.cdn.digitaloceanspaces.com/tpci/RCL/RCL_084_R_PT.png;https://limitlesstcg.com/cards/pt/RCL/84;baixado;
swsh2;swsh2-85;85;Hatterene;https://limitlesstcg.nyc3.cdn.digitaloceanspaces.com/tpci/RCL/RCL_085_R_PT.png;https://limitlesstcg.com/cards/pt/RCL/85;baixado;
swsh2;swsh2-86;86;Milcery;https://limitlesstcg.nyc3.cdn.digitaloceanspaces.com/tpci/RCL/RCL_086_R_PT.png;https://limitlesstcg.com/cards/pt/RCL/86;baixado;
swsh2;swsh2-87;87;Alcremie;https://limitlesstcg.nyc3.cdn.digitaloceanspaces.com/tpci/RCL/RCL_087_R_PT.png;https://limitlesstcg.com/cards/pt/RCL/87;baixado;
swsh2;swsh2-88;88;Indeedee;https://limitlesstcg.nyc3.cdn.digitaloceanspaces.com/tpci/RCL/RCL_088_R_PT.png;https://limitlesstcg.com/cards/pt/RCL/88;baixado;
swsh2;swsh2-89;89;Dreepy;https://limitlesstcg.nyc3.cdn.digitaloceanspaces.com/tpci/RCL/RCL_089_R_PT.png;https://limitlesstcg.com/cards/pt/RCL/89;baixado;
swsh2;swsh2-90;90;Drakloak;https://limitlesstcg.nyc3.cdn.digitaloceanspaces.com/tpci/RCL/RCL_090_R_PT.png;https://limitlesstcg.com/cards/pt/RCL/90;baixado;
swsh2;swsh2-91;91;Dragapult;https://limitlesstcg.nyc3.cdn.digitaloceanspaces.com/tpci/RCL/RCL_091_R_PT.png;https://limitlesstcg.com/cards/pt/RCL/91;baixado;
swsh2;swsh2-92;92;Dragapult V;https://limitlesstcg.nyc3.cdn.digitaloceanspaces.com/tpci/RCL/RCL_092_R_PT.png;https://limitlesstcg.com/cards/pt/RCL/92;baixado;
swsh2;swsh2-93;93;Dragapult VMAX;https://limitlesstcg.nyc3.cdn.digitaloceanspaces.com/tpci/RCL/RCL_093_R_PT.png;https://limitlesstcg.com/cards/pt/RCL/93;baixado;
swsh2;swsh2-94;94;Farfetch'd de Galar;https://limitlesstcg.nyc3.cdn.digitaloceanspaces.com/tpci/RCL/RCL_094_R_PT.png;https://limitlesstcg.com/cards/pt/RCL/94;baixado;
swsh2;swsh2-95;95;Sirfetch'd de Galar;https://limitlesstcg.nyc3.cdn.digitaloceanspaces.com/tpci/RCL/RCL_095_R_PT.png;https://limitlesstcg.com/cards/pt/RCL/95;baixado;
swsh2;swsh2-96;96;Nosepass;https://limitlesstcg.nyc3.cdn.digitaloceanspaces.com/tpci/RCL/RCL_096_R_PT.png;https://limitlesstcg.com/cards/pt/RCL/96;baixado;
swsh2;swsh2-97;97;Meditite;https://limitlesstcg.nyc3.cdn.digitaloceanspaces.com/tpci/RCL/RCL_097_R_PT.png;https://limitlesstcg.com/cards/pt/RCL/97;baixado;
swsh2;swsh2-98;98;Medicham;https://limitlesstcg.nyc3.cdn.digitaloceanspaces.com/tpci/RCL/RCL_098_R_PT.png;https://limitlesstcg.com/cards/pt/RCL/98;baixado;
swsh2;swsh2-99;99;Barboach;https://limitlesstcg.nyc3.cdn.digitaloceanspaces.com/tpci/RCL/RCL_099_R_PT.png;https://limitlesstcg.com/cards/pt/RCL/99;baixado;
swsh2;swsh2-100;100;Whiscash;https://limitlesstcg.nyc3.cdn.digitaloceanspaces.com/tpci/RCL/RCL_100_R_PT.png;https://limitlesstcg.com/cards/pt/RCL/100;baixado;
swsh2;swsh2-101;101;Yamask de Galar;https://limitlesstcg.nyc3.cdn.digitaloceanspaces.com/tpci/RCL/RCL_101_R_PT.png;https://limitlesstcg.com/cards/pt/RCL/101;baixado;
swsh2;swsh2-102;102;Runerigus de Galar;https://limitlesstcg.nyc3.cdn.digitaloceanspaces.com/tpci/RCL/RCL_102_R_PT.png;https://limitlesstcg.com/cards/pt/RCL/102;baixado;
swsh2;swsh2-103;103;Binacle;https://limitlesstcg.nyc3.cdn.digitaloceanspaces.com/tpci/RCL/RCL_103_R_PT.png;https://limitlesstcg.com/cards/pt/RCL/103;baixado;
swsh2;swsh2-104;104;Barbaracle;https://limitlesstcg.nyc3.cdn.digitaloceanspaces.com/tpci/RCL/RCL_104_R_PT.png;https://limitlesstcg.com/cards/pt/RCL/104;baixado;
swsh2;swsh2-105;105;Rolycoly;https://limitlesstcg.nyc3.cdn.digitaloceanspaces.com/tpci/RCL/RCL_105_R_PT.png;https://limitlesstcg.com/cards/pt/RCL/105;baixado;
swsh2;swsh2-106;106;Carkol;https://limitlesstcg.nyc3.cdn.digitaloceanspaces.com/tpci/RCL/RCL_106_R_PT.png;https://limitlesstcg.com/cards/pt/RCL/106;baixado;
swsh2;swsh2-107;107;Coalossal;https://limitlesstcg.nyc3.cdn.digitaloceanspaces.com/tpci/RCL/RCL_107_R_PT.png;https://limitlesstcg.com/cards/pt/RCL/107;baixado;
swsh2;swsh2-108;108;Sandaconda V;https://limitlesstcg.nyc3.cdn.digitaloceanspaces.com/tpci/RCL/RCL_108_R_PT.png;https://limitlesstcg.com/cards/pt/RCL/108;baixado;
swsh2;swsh2-109;109;Falinks;https://limitlesstcg.nyc3.cdn.digitaloceanspaces.com/tpci/RCL/RCL_109_R_PT.png;https://limitlesstcg.com/cards/pt/RCL/109;baixado;
swsh2;swsh2-110;110;Falinks V;https://limitlesstcg.nyc3.cdn.digitaloceanspaces.com/tpci/RCL/RCL_110_R_PT.png;https://limitlesstcg.com/cards/pt/RCL/110;baixado;
swsh2;swsh2-111;111;Stonjourner;https://limitlesstcg.nyc3.cdn.digitaloceanspaces.com/tpci/RCL/RCL_111_R_PT.png;https://limitlesstcg.com/cards/pt/RCL/111;baixado;
swsh2;swsh2-112;112;Koffing;https://limitlesstcg.nyc3.cdn.digitaloceanspaces.com/tpci/RCL/RCL_112_R_PT.png;https://limitlesstcg.com/cards/pt/RCL/112;baixado;
swsh2;swsh2-113;113;Weezing de Galar;https://limitlesstcg.nyc3.cdn.digitaloceanspaces.com/tpci/RCL/RCL_113_R_PT.png;https://limitlesstcg.com/cards/pt/RCL/113;baixado;
swsh2;swsh2-114;114;Stunky;https://limitlesstcg.nyc3.cdn.digitaloceanspaces.com/tpci/RCL/RCL_114_R_PT.png;https://limitlesstcg.com/cards/pt/RCL/114;baixado;
swsh2;swsh2-115;115;Skuntank;https://limitlesstcg.nyc3.cdn.digitaloceanspaces.com/tpci/RCL/RCL_115_R_PT.png;https://limitlesstcg.com/cards/pt/RCL/115;baixado;
swsh2;swsh2-116;116;Spiritomb;https://limitlesstcg.nyc3.cdn.digitaloceanspaces.com/tpci/RCL/RCL_116_R_PT.png;https://limitlesstcg.com/cards/pt/RCL/116;baixado;
swsh2;swsh2-117;117;Trubbish;https://limitlesstcg.nyc3.cdn.digitaloceanspaces.com/tpci/RCL/RCL_117_R_PT.png;https://limitlesstcg.com/cards/pt/RCL/117;baixado;
swsh2;swsh2-118;118;Garbodor;https://limitlesstcg.nyc3.cdn.digitaloceanspaces.com/tpci/RCL/RCL_118_R_PT.png;https://limitlesstcg.com/cards/pt/RCL/118;baixado;
swsh2;swsh2-119;119;Vullaby;https://limitlesstcg.nyc3.cdn.digitaloceanspaces.com/tpci/RCL/RCL_119_R_PT.png;https://limitlesstcg.com/cards/pt/RCL/119;baixado;
swsh2;swsh2-120;120;Mandibuzz;https://limitlesstcg.nyc3.cdn.digitaloceanspaces.com/tpci/RCL/RCL_120_R_PT.png;https://limitlesstcg.com/cards/pt/RCL/120;baixado;
swsh2;swsh2-121;121;Malamar V;https://limitlesstcg.nyc3.cdn.digitaloceanspaces.com/tpci/RCL/RCL_121_R_PT.png;https://limitlesstcg.com/cards/pt/RCL/121;baixado;
swsh2;swsh2-122;122;Malamar VMAX;https://limitlesstcg.nyc3.cdn.digitaloceanspaces.com/tpci/RCL/RCL_122_R_PT.png;https://limitlesstcg.com/cards/pt/RCL/122;baixado;
swsh2;swsh2-123;123;Impidimp;https://limitlesstcg.nyc3.cdn.digitaloceanspaces.com/tpci/RCL/RCL_123_R_PT.png;https://limitlesstcg.com/cards/pt/RCL/123;baixado;
swsh2;swsh2-124;124;Morgrem;https://limitlesstcg.nyc3.cdn.digitaloceanspaces.com/tpci/RCL/RCL_124_R_PT.png;https://limitlesstcg.com/cards/pt/RCL/124;baixado;
swsh2;swsh2-125;125;Grimmsnarl;https://limitlesstcg.nyc3.cdn.digitaloceanspaces.com/tpci/RCL/RCL_125_R_PT.png;https://limitlesstcg.com/cards/pt/RCL/125;baixado;
swsh2;swsh2-126;126;Meowth de Galar;https://limitlesstcg.nyc3.cdn.digitaloceanspaces.com/tpci/RCL/RCL_126_R_PT.png;https://limitlesstcg.com/cards/pt/RCL/126;baixado;
swsh2;swsh2-127;127;Perrserker de Galar;https://limitlesstcg.nyc3.cdn.digitaloceanspaces.com/tpci/RCL/RCL_127_R_PT.png;https://limitlesstcg.com/cards/pt/RCL/127;baixado;
swsh2;swsh2-128;128;Scizor;https://limitlesstcg.nyc3.cdn.digitaloceanspaces.com/tpci/RCL/RCL_128_R_PT.png;https://limitlesstcg.com/cards/pt/RCL/128;baixado;
swsh2;swsh2-129;129;Bronzor;https://limitlesstcg.nyc3.cdn.digitaloceanspaces.com/tpci/RCL/RCL_129_R_PT.png;https://limitlesstcg.com/cards/pt/RCL/129;baixado;
swsh2;swsh2-130;130;Bronzong;https://limitlesstcg.nyc3.cdn.digitaloceanspaces.com/tpci/RCL/RCL_130_R_PT.png;https://limitlesstcg.com/cards/pt/RCL/130;baixado;
swsh2;swsh2-131;131;Probopass;https://limitlesstcg.nyc3.cdn.digitaloceanspaces.com/tpci/RCL/RCL_131_R_PT.png;https://limitlesstcg.com/cards/pt/RCL/131;baixado;
swsh2;swsh2-132;132;Durant;https://limitlesstcg.nyc3.cdn.digitaloceanspaces.com/tpci/RCL/RCL_132_R_PT.png;https://limitlesstcg.com/cards/pt/RCL/132;baixado;
swsh2;swsh2-133;133;Honedge;https://limitlesstcg.nyc3.cdn.digitaloceanspaces.com/tpci/RCL/RCL_133_R_PT.png;https://limitlesstcg.com/cards/pt/RCL/133;baixado;
swsh2;swsh2-134;134;Doublade;https://limitlesstcg.nyc3.cdn.digitaloceanspaces.com/tpci/RCL/RCL_134_R_PT.png;https://limitlesstcg.com/cards/pt/RCL/134;baixado;
swsh2;swsh2-135;135;Aegislash;https://limitlesstcg.nyc3.cdn.digitaloceanspaces.com/tpci/RCL/RCL_135_R_PT.png;https://limitlesstcg.com/cards/pt/RCL/135;baixado;
swsh2;swsh2-136;136;Copperajah V;https://limitlesstcg.nyc3.cdn.digitaloceanspaces.com/tpci/RCL/RCL_136_R_PT.png;https://limitlesstcg.com/cards/pt/RCL/136;baixado;
swsh2;swsh2-137;137;Copperajah VMAX;https://limitlesstcg.nyc3.cdn.digitaloceanspaces.com/tpci/RCL/RCL_137_R_PT.png;https://limitlesstcg.com/cards/pt/RCL/137;baixado;
swsh2;swsh2-138;138;Duraludon;https://limitlesstcg.nyc3.cdn.digitaloceanspaces.com/tpci/RCL/RCL_138_R_PT.png;https://limitlesstcg.com/cards/pt/RCL/138;baixado;
swsh2;swsh2-139;139;Zacian;https://limitlesstcg.nyc3.cdn.digitaloceanspaces.com/tpci/RCL/RCL_139_R_PT.png;https://limitlesstcg.com/cards/pt/RCL/139;baixado;
swsh2;swsh2-140;140;Zamazenta;https://limitlesstcg.nyc3.cdn.digitaloceanspaces.com/tpci/RCL/RCL_140_R_PT.png;https://limitlesstcg.com/cards/pt/RCL/140;baixado;
swsh2;swsh2-141;141;Snorlax;https://limitlesstcg.nyc3.cdn.digitaloceanspaces.com/tpci/RCL/RCL_141_R_PT.png;https://limitlesstcg.com/cards/pt/RCL/141;baixado;
swsh2;swsh2-142;142;Chatot;https://limitlesstcg.nyc3.cdn.digitaloceanspaces.com/tpci/RCL/RCL_142_R_PT.png;https://limitlesstcg.com/cards/pt/RCL/142;baixado;
swsh2;swsh2-143;143;Pidove;https://limitlesstcg.nyc3.cdn.digitaloceanspaces.com/tpci/RCL/RCL_143_R_PT.png;https://limitlesstcg.com/cards/pt/RCL/143;baixado;
swsh2;swsh2-144;144;Tranquill;https://limitlesstcg.nyc3.cdn.digitaloceanspaces.com/tpci/RCL/RCL_144_R_PT.png;https://limitlesstcg.com/cards/pt/RCL/144;baixado;
swsh2;swsh2-145;145;Unfezant;https://limitlesstcg.nyc3.cdn.digitaloceanspaces.com/tpci/RCL/RCL_145_R_PT.png;https://limitlesstcg.com/cards/pt/RCL/145;baixado;
swsh2;swsh2-146;146;Bunnelby;https://limitlesstcg.nyc3.cdn.digitaloceanspaces.com/tpci/RCL/RCL_146_R_PT.png;https://limitlesstcg.com/cards/pt/RCL/146;baixado;
swsh2;swsh2-147;147;Diggersby;https://limitlesstcg.nyc3.cdn.digitaloceanspaces.com/tpci/RCL/RCL_147_R_PT.png;https://limitlesstcg.com/cards/pt/RCL/147;baixado;
swsh2;swsh2-148;148;Hawlucha;https://limitlesstcg.nyc3.cdn.digitaloceanspaces.com/tpci/RCL/RCL_148_R_PT.png;https://limitlesstcg.com/cards/pt/RCL/148;baixado;
swsh2;swsh2-149;149;Stufful;https://limitlesstcg.nyc3.cdn.digitaloceanspaces.com/tpci/RCL/RCL_149_R_PT.png;https://limitlesstcg.com/cards/pt/RCL/149;baixado;
swsh2;swsh2-150;150;Bewear;https://limitlesstcg.nyc3.cdn.digitaloceanspaces.com/tpci/RCL/RCL_150_R_PT.png;https://limitlesstcg.com/cards/pt/RCL/150;baixado;
swsh2;swsh2-151;151;Skwovet;https://limitlesstcg.nyc3.cdn.digitaloceanspaces.com/tpci/RCL/RCL_151_R_PT.png;https://limitlesstcg.com/cards/pt/RCL/151;baixado;
swsh2;swsh2-152;152;Greedent;https://limitlesstcg.nyc3.cdn.digitaloceanspaces.com/tpci/RCL/RCL_152_R_PT.png;https://limitlesstcg.com/cards/pt/RCL/152;baixado;
swsh2;swsh2-153;153;Dubwool V;https://limitlesstcg.nyc3.cdn.digitaloceanspaces.com/tpci/RCL/RCL_153_R_PT.png;https://limitlesstcg.com/cards/pt/RCL/153;baixado;
swsh2;swsh2-154;154;Ordem da Chefia;https://limitlesstcg.nyc3.cdn.digitaloceanspaces.com/tpci/RCL/RCL_154_R_PT.png;https://limitlesstcg.com/cards/pt/RCL/154;baixado;
swsh2;swsh2-155;155;Cachecol em Chamas;https://limitlesstcg.nyc3.cdn.digitaloceanspaces.com/tpci/RCL/RCL_155_R_PT.png;https://limitlesstcg.com/cards/pt/RCL/155;baixado;
swsh2;swsh2-156;156;Balde Profundo;https://limitlesstcg.nyc3.cdn.digitaloceanspaces.com/tpci/RCL/RCL_156_R_PT.png;https://limitlesstcg.com/cards/pt/RCL/156;baixado;
swsh2;swsh2-157;157;Pá Amaldiçoada;https://limitlesstcg.nyc3.cdn.digitaloceanspaces.com/tpci/RCL/RCL_157_R_PT.png;https://limitlesstcg.com/cards/pt/RCL/157;baixado;
swsh2;swsh2-158;158;Dan;https://limitlesstcg.nyc3.cdn.digitaloceanspaces.com/tpci/RCL/RCL_158_R_PT.png;https://limitlesstcg.com/cards/pt/RCL/158;baixado;
swsh2;swsh2-159;159;Cura Total;https://limitlesstcg.nyc3.cdn.digitaloceanspaces.com/tpci/RCL/RCL_159_R_PT.png;https://limitlesstcg.com/cards/pt/RCL/159;baixado;
swsh2;swsh2-160;160;Mina de Galar;https://limitlesstcg.nyc3.cdn.digitaloceanspaces.com/tpci/RCL/RCL_160_R_PT.png;https://limitlesstcg.com/cards/pt/RCL/160;baixado;
swsh2;swsh2-161;161;Milo;https://limitlesstcg.nyc3.cdn.digitaloceanspaces.com/tpci/RCL/RCL_161_R_PT.png;https://limitlesstcg.com/cards/pt/RCL/161;baixado;
swsh2;swsh2-162;162;Pepita;https://limitlesstcg.nyc3.cdn.digitaloceanspaces.com/tpci/RCL/RCL_162_R_PT.png;https://limitlesstcg.com/cards/pt/RCL/162;baixado;
swsh2;swsh2-163;163;Oleana;https://limitlesstcg.nyc3.cdn.digitaloceanspaces.com/tpci/RCL/RCL_163_R_PT.png;https://limitlesstcg.com/cards/pt/RCL/163;baixado;
swsh2;swsh2-164;164;Poké Bola;https://limitlesstcg.nyc3.cdn.digitaloceanspaces.com/tpci/RCL/RCL_164_R_PT.png;https://limitlesstcg.com/cards/pt/RCL/164;baixado;
swsh2;swsh2-165;165;Rede de Recolhida;https://limitlesstcg.nyc3.cdn.digitaloceanspaces.com/tpci/RCL/RCL_165_R_PT.png;https://limitlesstcg.com/cards/pt/RCL/165;baixado;
swsh2;swsh2-166;166;Skyla;https://limitlesstcg.nyc3.cdn.digitaloceanspaces.com/tpci/RCL/RCL_166_R_PT.png;https://limitlesstcg.com/cards/pt/RCL/166;baixado;
swsh2;swsh2-167;167;Sônia;https://limitlesstcg.nyc3.cdn.digitaloceanspaces.com/tpci/RCL/RCL_167_R_PT.png;https://limitlesstcg.com/cards/pt/RCL/167;baixado;
swsh2;swsh2-168;168;Sucateador de Ferramentas;https://limitlesstcg.nyc3.cdn.digitaloceanspaces.com/tpci/RCL/RCL_168_R_PT.png;https://limitlesstcg.com/cards/pt/RCL/168;baixado;
swsh2;swsh2-169;169;Quadra de Treino;https://limitlesstcg.nyc3.cdn.digitaloceanspaces.com/tpci/RCL/RCL_169_R_PT.png;https://limitlesstcg.com/cards/pt/RCL/169;baixado;
swsh2;swsh2-170;170;Estádio de Turffield;https://limitlesstcg.nyc3.cdn.digitaloceanspaces.com/tpci/RCL/RCL_170_R_PT.png;https://limitlesstcg.com/cards/pt/RCL/170;baixado;
swsh2;swsh2-171;171;Energia de Captura;https://limitlesstcg.nyc3.cdn.digitaloceanspaces.com/tpci/RCL/RCL_171_R_PT.png;https://limitlesstcg.com/cards/pt/RCL/171;baixado;
swsh2;swsh2-172;172;Energia Psychic Horripilante;https://limitlesstcg.nyc3.cdn.digitaloceanspaces.com/tpci/RCL/RCL_172_R_PT.png;https://limitlesstcg.com/cards/pt/RCL/172;baixado;
swsh2;swsh2-173;173;Energia Lightning Acelerada;https://limitlesstcg.nyc3.cdn.digitaloceanspaces.com/tpci/RCL/RCL_173_R_PT.png;https://limitlesstcg.com/cards/pt/RCL/173;baixado;
swsh2;swsh2-174;174;Energia Gêmea;https://limitlesstcg.nyc3.cdn.digitaloceanspaces.com/tpci/RCL/RCL_174_R_PT.png;https://limitlesstcg.com/cards/pt/RCL/174;baixado;
swsh2;swsh2-175;175;Rillaboom V;https://limitlesstcg.nyc3.cdn.digitaloceanspaces.com/tpci/RCL/RCL_175_R_PT.png;https://limitlesstcg.com/cards/pt/RCL/175;baixado;
swsh2;swsh2-176;176;Eldegoss V;https://limitlesstcg.nyc3.cdn.digitaloceanspaces.com/tpci/RCL/RCL_176_R_PT.png;https://limitlesstcg.com/cards/pt/RCL/176;baixado;
swsh2;swsh2-177;177;Ninetales V;https://limitlesstcg.nyc3.cdn.digitaloceanspaces.com/tpci/RCL/RCL_177_R_PT.png;https://limitlesstcg.com/cards/pt/RCL/177;baixado;
swsh2;swsh2-178;178;Cinderace V;https://limitlesstcg.nyc3.cdn.digitaloceanspaces.com/tpci/RCL/RCL_178_R_PT.png;https://limitlesstcg.com/cards/pt/RCL/178;baixado;
swsh2;swsh2-179;179;Milotic V;https://limitlesstcg.nyc3.cdn.digitaloceanspaces.com/tpci/RCL/RCL_179_R_PT.png;https://limitlesstcg.com/cards/pt/RCL/179;baixado;
swsh2;swsh2-180;180;Inteleon V;https://limitlesstcg.nyc3.cdn.digitaloceanspaces.com/tpci/RCL/RCL_180_R_PT.png;https://limitlesstcg.com/cards/pt/RCL/180;baixado;
swsh2;swsh2-181;181;Boltund V;https://limitlesstcg.nyc3.cdn.digitaloceanspaces.com/tpci/RCL/RCL_181_R_PT.png;https://limitlesstcg.com/cards/pt/RCL/181;baixado;
swsh2;swsh2-182;182;Toxtricity V;https://limitlesstcg.nyc3.cdn.digitaloceanspaces.com/tpci/RCL/RCL_182_R_PT.png;https://limitlesstcg.com/cards/pt/RCL/182;baixado;
swsh2;swsh2-183;183;Dragapult V;https://limitlesstcg.nyc3.cdn.digitaloceanspaces.com/tpci/RCL/RCL_183_R_PT.png;https://limitlesstcg.com/cards/pt/RCL/183;baixado;
swsh2;swsh2-184;184;Sandaconda V;https://limitlesstcg.nyc3.cdn.digitaloceanspaces.com/tpci/RCL/RCL_184_R_PT.png;https://limitlesstcg.com/cards/pt/RCL/184;baixado;
swsh2;swsh2-185;185;Falinks V;https://limitlesstcg.nyc3.cdn.digitaloceanspaces.com/tpci/RCL/RCL_185_R_PT.png;https://limitlesstcg.com/cards/pt/RCL/185;baixado;
swsh2;swsh2-186;186;Malamar V;https://limitlesstcg.nyc3.cdn.digitaloceanspaces.com/tpci/RCL/RCL_186_R_PT.png;https://limitlesstcg.com/cards/pt/RCL/186;baixado;
swsh2;swsh2-187;187;Copperajah V;https://limitlesstcg.nyc3.cdn.digitaloceanspaces.com/tpci/RCL/RCL_187_R_PT.png;https://limitlesstcg.com/cards/pt/RCL/187;baixado;
swsh2;swsh2-188;188;Dubwool V;https://limitlesstcg.nyc3.cdn.digitaloceanspaces.com/tpci/RCL/RCL_188_R_PT.png;https://limitlesstcg.com/cards/pt/RCL/188;baixado;
swsh2;swsh2-189;189;Ordem da Chefia;https://limitlesstcg.nyc3.cdn.digitaloceanspaces.com/tpci/RCL/RCL_189_R_PT.png;https://limitlesstcg.com/cards/pt/RCL/189;baixado;
swsh2;swsh2-190;190;Milo;https://limitlesstcg.nyc3.cdn.digitaloceanspaces.com/tpci/RCL/RCL_190_R_PT.png;https://limitlesstcg.com/cards/pt/RCL/190;baixado;
swsh2;swsh2-191;191;Oleana;https://limitlesstcg.nyc3.cdn.digitaloceanspaces.com/tpci/RCL/RCL_191_R_PT.png;https://limitlesstcg.com/cards/pt/RCL/191;baixado;
swsh2;swsh2-192;192;Sônia;https://limitlesstcg.nyc3.cdn.digitaloceanspaces.com/tpci/RCL/RCL_192_R_PT.png;https://limitlesstcg.com/cards/pt/RCL/192;baixado;
swsh2;swsh2-193;193;Rillaboom VMAX;https://limitlesstcg.nyc3.cdn.digitaloceanspaces.com/tpci/RCL/RCL_193_R_PT.png;https://limitlesstcg.com/cards/pt/RCL/193;baixado;
swsh2;swsh2-194;194;Cinderace VMAX;https://limitlesstcg.nyc3.cdn.digitaloceanspaces.com/tpci/RCL/RCL_194_R_PT.png;https://limitlesstcg.com/cards/pt/RCL/194;baixado;
swsh2;swsh2-195;195;Inteleon VMAX;https://limitlesstcg.nyc3.cdn.digitaloceanspaces.com/tpci/RCL/RCL_195_R_PT.png;https://limitlesstcg.com/cards/pt/RCL/195;baixado;
swsh2;swsh2-196;196;Toxtricity VMAX;https://limitlesstcg.nyc3.cdn.digitaloceanspaces.com/tpci/RCL/RCL_196_R_PT.png;https://limitlesstcg.com/cards/pt/RCL/196;baixado;
swsh2;swsh2-197;197;Dragapult VMAX;https://limitlesstcg.nyc3.cdn.digitaloceanspaces.com/tpci/RCL/RCL_197_R_PT.png;https://limitlesstcg.com/cards/pt/RCL/197;baixado;
swsh2;swsh2-198;198;Malamar VMAX;https://limitlesstcg.nyc3.cdn.digitaloceanspaces.com/tpci/RCL/RCL_198_R_PT.png;https://limitlesstcg.com/cards/pt/RCL/198;baixado;
swsh2;swsh2-199;199;Copperajah VMAX;https://limitlesstcg.nyc3.cdn.digitaloceanspaces.com/tpci/RCL/RCL_199_R_PT.png;https://limitlesstcg.com/cards/pt/RCL/199;baixado;
swsh2;swsh2-200;200;Ordem da Chefia;https://limitlesstcg.nyc3.cdn.digitaloceanspaces.com/tpci/RCL/RCL_200_R_PT.png;https://limitlesstcg.com/cards/pt/RCL/200;baixado;
swsh2;swsh2-201;201;Milo;https://limitlesstcg.nyc3.cdn.digitaloceanspaces.com/tpci/RCL/RCL_201_R_PT.png;https://limitlesstcg.com/cards/pt/RCL/201;baixado;
swsh2;swsh2-202;202;Oleana;https://limitlesstcg.nyc3.cdn.digitaloceanspaces.com/tpci/RCL/RCL_202_R_PT.png;https://limitlesstcg.com/cards/pt/RCL/202;baixado;
swsh2;swsh2-203;203;Sônia;https://limitlesstcg.nyc3.cdn.digitaloceanspaces.com/tpci/RCL/RCL_203_R_PT.png;https://limitlesstcg.com/cards/pt/RCL/203;baixado;
swsh2;swsh2-204;204;Frosmoth;https://limitlesstcg.nyc3.cdn.digitaloceanspaces.com/tpci/RCL/RCL_204_R_PT.png;https://limitlesstcg.com/cards/pt/RCL/204;baixado;
swsh2;swsh2-205;205;Perrserker de Galar;https://limitlesstcg.nyc3.cdn.digitaloceanspaces.com/tpci/RCL/RCL_205_R_PT.png;https://limitlesstcg.com/cards/pt/RCL/205;baixado;
swsh2;swsh2-206;206;Pingente Grande;https://limitlesstcg.nyc3.cdn.digitaloceanspaces.com/tpci/RCL/RCL_206_R_PT.png;https://limitlesstcg.com/cards/pt/RCL/206;baixado;
swsh2;swsh2-207;207;Rede de Recolhida;https://limitlesstcg.nyc3.cdn.digitaloceanspaces.com/tpci/RCL/RCL_207_R_PT.png;https://limitlesstcg.com/cards/pt/RCL/207;baixado;
swsh2;swsh2-208;208;Sucateador de Ferramentas;https://limitlesstcg.nyc3.cdn.digitaloceanspaces.com/tpci/RCL/RCL_208_R_PT.png;https://limitlesstcg.com/cards/pt/RCL/208;baixado;
swsh2;swsh2-209;209;Energia Gêmea;https://limitlesstcg.nyc3.cdn.digitaloceanspaces.com/tpci/RCL/RCL_209_R_PT.png;https://limitlesstcg.com/cards/pt/RCL/209;baixado;
swsh3;swsh3-1;1;Butterfree V;https://limitlesstcg.nyc3.cdn.digitaloceanspaces.com/tpci/DAA/DAA_001_R_PT.png;https://limitlesstcg.com/cards/pt/DAA/1;baixado;
swsh3;swsh3-2;2;Butterfree VMAX;https://limitlesstcg.nyc3.cdn.digitaloceanspaces.com/tpci/DAA/DAA_002_R_PT.png;https://limitlesstcg.com/cards/pt/DAA/2;baixado;
swsh3;swsh3-3;3;Paras;https://limitlesstcg.nyc3.cdn.digitaloceanspaces.com/tpci/DAA/DAA_003_R_PT.png;https://limitlesstcg.com/cards/pt/DAA/3;baixado;
swsh3;swsh3-4;4;Parasect;https://limitlesstcg.nyc3.cdn.digitaloceanspaces.com/tpci/DAA/DAA_004_R_PT.png;https://limitlesstcg.com/cards/pt/DAA/4;baixado;
swsh3;swsh3-5;5;Carnivine;https://limitlesstcg.nyc3.cdn.digitaloceanspaces.com/tpci/DAA/DAA_005_R_PT.png;https://limitlesstcg.com/cards/pt/DAA/5;baixado;
swsh3;swsh3-6;6;Pansage;https://limitlesstcg.nyc3.cdn.digitaloceanspaces.com/tpci/DAA/DAA_006_R_PT.png;https://limitlesstcg.com/cards/pt/DAA/6;baixado;
swsh3;swsh3-7;7;Simisage;https://limitlesstcg.nyc3.cdn.digitaloceanspaces.com/tpci/DAA/DAA_007_R_PT.png;https://limitlesstcg.com/cards/pt/DAA/7;baixado;
swsh3;swsh3-8;8;Karrablast;https://limitlesstcg.nyc3.cdn.digitaloceanspaces.com/tpci/DAA/DAA_008_R_PT.png;https://limitlesstcg.com/cards/pt/DAA/8;baixado;
swsh3;swsh3-9;9;Shelmet;https://limitlesstcg.nyc3.cdn.digitaloceanspaces.com/tpci/DAA/DAA_009_R_PT.png;https://limitlesstcg.com/cards/pt/DAA/9;baixado;
swsh3;swsh3-10;10;Accelgor;https://limitlesstcg.nyc3.cdn.digitaloceanspaces.com/tpci/DAA/DAA_010_R_PT.png;https://limitlesstcg.com/cards/pt/DAA/10;baixado;
swsh3;swsh3-11;11;Rowlet;https://limitlesstcg.nyc3.cdn.digitaloceanspaces.com/tpci/DAA/DAA_011_R_PT.png;https://limitlesstcg.com/cards/pt/DAA/11;baixado;
swsh3;swsh3-12;12;Dartrix;https://limitlesstcg.nyc3.cdn.digitaloceanspaces.com/tpci/DAA/DAA_012_R_PT.png;https://limitlesstcg.com/cards/pt/DAA/12;baixado;
swsh3;swsh3-13;13;Decidueye;https://limitlesstcg.nyc3.cdn.digitaloceanspaces.com/tpci/DAA/DAA_013_R_PT.png;https://limitlesstcg.com/cards/pt/DAA/13;baixado;
swsh3;swsh3-14;14;Bounsweet;https://limitlesstcg.nyc3.cdn.digitaloceanspaces.com/tpci/DAA/DAA_014_R_PT.png;https://limitlesstcg.com/cards/pt/DAA/14;baixado;
swsh3;swsh3-15;15;Steenee;https://limitlesstcg.nyc3.cdn.digitaloceanspaces.com/tpci/DAA/DAA_015_R_PT.png;https://limitlesstcg.com/cards/pt/DAA/15;baixado;
swsh3;swsh3-16;16;Tsareena;https://limitlesstcg.nyc3.cdn.digitaloceanspaces.com/tpci/DAA/DAA_016_R_PT.png;https://limitlesstcg.com/cards/pt/DAA/16;baixado;
swsh3;swsh3-17;17;Wimpod;https://limitlesstcg.nyc3.cdn.digitaloceanspaces.com/tpci/DAA/DAA_017_R_PT.png;https://limitlesstcg.com/cards/pt/DAA/17;baixado;
swsh3;swsh3-18;18;Golisopod;https://limitlesstcg.nyc3.cdn.digitaloceanspaces.com/tpci/DAA/DAA_018_R_PT.png;https://limitlesstcg.com/cards/pt/DAA/18;baixado;
swsh3;swsh3-19;19;Charizard V;https://limitlesstcg.nyc3.cdn.digitaloceanspaces.com/tpci/DAA/DAA_019_R_PT.png;https://limitlesstcg.com/cards/pt/DAA/19;baixado;
swsh3;swsh3-20;20;Charizard VMAX;https://limitlesstcg.nyc3.cdn.digitaloceanspaces.com/tpci/DAA/DAA_020_R_PT.png;https://limitlesstcg.com/cards/pt/DAA/20;baixado;
swsh3;swsh3-21;21;Houndoom V;https://limitlesstcg.nyc3.cdn.digitaloceanspaces.com/tpci/DAA/DAA_021_R_PT.png;https://limitlesstcg.com/cards/pt/DAA/21;baixado;
swsh3;swsh3-22;22;Torchic;https://limitlesstcg.nyc3.cdn.digitaloceanspaces.com/tpci/DAA/DAA_022_R_PT.png;https://limitlesstcg.com/cards/pt/DAA/22;baixado;
swsh3;swsh3-23;23;Combusken;https://limitlesstcg.nyc3.cdn.digitaloceanspaces.com/tpci/DAA/DAA_023_R_PT.png;https://limitlesstcg.com/cards/pt/DAA/23;baixado;
swsh3;swsh3-24;24;Blaziken;https://limitlesstcg.nyc3.cdn.digitaloceanspaces.com/tpci/DAA/DAA_024_R_PT.png;https://limitlesstcg.com/cards/pt/DAA/24;baixado;
swsh3;swsh3-25;25;Heatran;https://limitlesstcg.nyc3.cdn.digitaloceanspaces.com/tpci/DAA/DAA_025_R_PT.png;https://limitlesstcg.com/cards/pt/DAA/25;baixado;
swsh3;swsh3-26;26;Pansear;https://limitlesstcg.nyc3.cdn.digitaloceanspaces.com/tpci/DAA/DAA_026_R_PT.png;https://limitlesstcg.com/cards/pt/DAA/26;baixado;
swsh3;swsh3-27;27;Simisear;https://limitlesstcg.nyc3.cdn.digitaloceanspaces.com/tpci/DAA/DAA_027_R_PT.png;https://limitlesstcg.com/cards/pt/DAA/27;baixado;
swsh3;swsh3-28;28;Darmanitan de Galar;https://limitlesstcg.nyc3.cdn.digitaloceanspaces.com/tpci/DAA/DAA_028_R_PT.png;https://limitlesstcg.com/cards/pt/DAA/28;baixado;
swsh3;swsh3-29;29;Larvesta;https://limitlesstcg.nyc3.cdn.digitaloceanspaces.com/tpci/DAA/DAA_029_R_PT.png;https://limitlesstcg.com/cards/pt/DAA/29;baixado;
swsh3;swsh3-30;30;Volcarona;https://limitlesstcg.nyc3.cdn.digitaloceanspaces.com/tpci/DAA/DAA_030_R_PT.png;https://limitlesstcg.com/cards/pt/DAA/30;baixado;
swsh3;swsh3-31;31;Fletchinder;https://limitlesstcg.nyc3.cdn.digitaloceanspaces.com/tpci/DAA/DAA_031_R_PT.png;https://limitlesstcg.com/cards/pt/DAA/31;baixado;
swsh3;swsh3-32;32;Talonflame;https://limitlesstcg.nyc3.cdn.digitaloceanspaces.com/tpci/DAA/DAA_032_R_PT.png;https://limitlesstcg.com/cards/pt/DAA/32;baixado;
swsh3;swsh3-33;33;Centiskorch V;https://limitlesstcg.nyc3.cdn.digitaloceanspaces.com/tpci/DAA/DAA_033_R_PT.png;https://limitlesstcg.com/cards/pt/DAA/33;baixado;
swsh3;swsh3-34;34;Centiskorch VMAX;https://limitlesstcg.nyc3.cdn.digitaloceanspaces.com/tpci/DAA/DAA_034_R_PT.png;https://limitlesstcg.com/cards/pt/DAA/34;baixado;
swsh3;swsh3-35;35;Mr. Mime de Galar;https://limitlesstcg.nyc3.cdn.digitaloceanspaces.com/tpci/DAA/DAA_035_R_PT.png;https://limitlesstcg.com/cards/pt/DAA/35;baixado;
swsh3;swsh3-36;36;Mr. Rime de Galar;https://limitlesstcg.nyc3.cdn.digitaloceanspaces.com/tpci/DAA/DAA_036_R_PT.png;https://limitlesstcg.com/cards/pt/DAA/36;baixado;
swsh3;swsh3-37;37;Suicune;https://limitlesstcg.nyc3.cdn.digitaloceanspaces.com/tpci/DAA/DAA_037_R_PT.png;https://limitlesstcg.com/cards/pt/DAA/37;baixado;
swsh3;swsh3-38;38;Feebas;https://limitlesstcg.nyc3.cdn.digitaloceanspaces.com/tpci/DAA/DAA_038_R_PT.png;https://limitlesstcg.com/cards/pt/DAA/38;baixado;
swsh3;swsh3-39;39;Milotic;https://limitlesstcg.nyc3.cdn.digitaloceanspaces.com/tpci/DAA/DAA_039_R_PT.png;https://limitlesstcg.com/cards/pt/DAA/39;baixado;
swsh3;swsh3-40;40;Relicanth;https://limitlesstcg.nyc3.cdn.digitaloceanspaces.com/tpci/DAA/DAA_040_R_PT.png;https://limitlesstcg.com/cards/pt/DAA/40;baixado;
swsh3;swsh3-41;41;Panpour;https://limitlesstcg.nyc3.cdn.digitaloceanspaces.com/tpci/DAA/DAA_041_R_PT.png;https://limitlesstcg.com/cards/pt/DAA/41;baixado;
swsh3;swsh3-42;42;Simipour;https://limitlesstcg.nyc3.cdn.digitaloceanspaces.com/tpci/DAA/DAA_042_R_PT.png;https://limitlesstcg.com/cards/pt/DAA/42;baixado;
swsh3;swsh3-43;43;Darumaka de Galar;https://limitlesstcg.nyc3.cdn.digitaloceanspaces.com/tpci/DAA/DAA_043_R_PT.png;https://limitlesstcg.com/cards/pt/DAA/43;baixado;
swsh3;swsh3-44;44;Darmanitan de Galar;https://limitlesstcg.nyc3.cdn.digitaloceanspaces.com/tpci/DAA/DAA_044_R_PT.png;https://limitlesstcg.com/cards/pt/DAA/44;baixado;
swsh3;swsh3-45;45;Vanillite;https://limitlesstcg.nyc3.cdn.digitaloceanspaces.com/tpci/DAA/DAA_045_R_PT.png;https://limitlesstcg.com/cards/pt/DAA/45;baixado;
swsh3;swsh3-46;46;Vanillish;https://limitlesstcg.nyc3.cdn.digitaloceanspaces.com/tpci/DAA/DAA_046_R_PT.png;https://limitlesstcg.com/cards/pt/DAA/46;baixado;
swsh3;swsh3-47;47;Vanilluxe;https://limitlesstcg.nyc3.cdn.digitaloceanspaces.com/tpci/DAA/DAA_047_R_PT.png;https://limitlesstcg.com/cards/pt/DAA/47;baixado;
swsh3;swsh3-48;48;Cubchoo;https://limitlesstcg.nyc3.cdn.digitaloceanspaces.com/tpci/DAA/DAA_048_R_PT.png;https://limitlesstcg.com/cards/pt/DAA/48;baixado;
swsh3;swsh3-49;49;Beartic;https://limitlesstcg.nyc3.cdn.digitaloceanspaces.com/tpci/DAA/DAA_049_R_PT.png;https://limitlesstcg.com/cards/pt/DAA/49;baixado;
swsh3;swsh3-50;50;Wishiwashi;https://limitlesstcg.nyc3.cdn.digitaloceanspaces.com/tpci/DAA/DAA_050_R_PT.png;https://limitlesstcg.com/cards/pt/DAA/50;baixado;
swsh3;swsh3-51;51;Mareanie;https://limitlesstcg.nyc3.cdn.digitaloceanspaces.com/tpci/DAA/DAA_051_R_PT.png;https://limitlesstcg.com/cards/pt/DAA/51;baixado;
swsh3;swsh3-52;52;Toxapex;https://limitlesstcg.nyc3.cdn.digitaloceanspaces.com/tpci/DAA/DAA_052_R_PT.png;https://limitlesstcg.com/cards/pt/DAA/52;baixado;
swsh3;swsh3-53;53;Dracovish;https://limitlesstcg.nyc3.cdn.digitaloceanspaces.com/tpci/DAA/DAA_053_R_PT.png;https://limitlesstcg.com/cards/pt/DAA/53;baixado;
swsh3;swsh3-54;54;Arctovish;https://limitlesstcg.nyc3.cdn.digitaloceanspaces.com/tpci/DAA/DAA_054_R_PT.png;https://limitlesstcg.com/cards/pt/DAA/54;baixado;
swsh3;swsh3-55;55;Mareep;https://limitlesstcg.nyc3.cdn.digitaloceanspaces.com/tpci/DAA/DAA_055_R_PT.png;https://limitlesstcg.com/cards/pt/DAA/55;baixado;
swsh3;swsh3-56;56;Flaaffy;https://limitlesstcg.nyc3.cdn.digitaloceanspaces.com/tpci/DAA/DAA_056_R_PT.png;https://limitlesstcg.com/cards/pt/DAA/56;baixado;
swsh3;swsh3-57;57;Ampharos;https://limitlesstcg.nyc3.cdn.digitaloceanspaces.com/tpci/DAA/DAA_057_R_PT.png;https://limitlesstcg.com/cards/pt/DAA/57;baixado;
swsh3;swsh3-58;58;Electrike;https://limitlesstcg.nyc3.cdn.digitaloceanspaces.com/tpci/DAA/DAA_058_R_PT.png;https://limitlesstcg.com/cards/pt/DAA/58;baixado;
swsh3;swsh3-59;59;Manectric;https://limitlesstcg.nyc3.cdn.digitaloceanspaces.com/tpci/DAA/DAA_059_R_PT.png;https://limitlesstcg.com/cards/pt/DAA/59;baixado;
swsh3;swsh3-60;60;Vikavolt V;https://limitlesstcg.nyc3.cdn.digitaloceanspaces.com/tpci/DAA/DAA_060_R_PT.png;https://limitlesstcg.com/cards/pt/DAA/60;baixado;
swsh3;swsh3-61;61;Tapu Koko;https://limitlesstcg.nyc3.cdn.digitaloceanspaces.com/tpci/DAA/DAA_061_R_PT.png;https://limitlesstcg.com/cards/pt/DAA/61;baixado;
swsh3;swsh3-62;62;Toxel;https://limitlesstcg.nyc3.cdn.digitaloceanspaces.com/tpci/DAA/DAA_062_R_PT.png;https://limitlesstcg.com/cards/pt/DAA/62;baixado;
swsh3;swsh3-63;63;Toxtricity;https://limitlesstcg.nyc3.cdn.digitaloceanspaces.com/tpci/DAA/DAA_063_R_PT.png;https://limitlesstcg.com/cards/pt/DAA/63;baixado;
swsh3;swsh3-64;64;Pincurchin;https://limitlesstcg.nyc3.cdn.digitaloceanspaces.com/tpci/DAA/DAA_064_R_PT.png;https://limitlesstcg.com/cards/pt/DAA/64;baixado;
swsh3;swsh3-65;65;Dracozolt;https://limitlesstcg.nyc3.cdn.digitaloceanspaces.com/tpci/DAA/DAA_065_R_PT.png;https://limitlesstcg.com/cards/pt/DAA/65;baixado;
swsh3;swsh3-66;66;Arctozolt;https://limitlesstcg.nyc3.cdn.digitaloceanspaces.com/tpci/DAA/DAA_066_R_PT.png;https://limitlesstcg.com/cards/pt/DAA/66;baixado;
swsh3;swsh3-67;67;Jigglypuff;https://limitlesstcg.nyc3.cdn.digitaloceanspaces.com/tpci/DAA/DAA_067_R_PT.png;https://limitlesstcg.com/cards/pt/DAA/67;baixado;
swsh3;swsh3-68;68;Wigglytuff;https://limitlesstcg.nyc3.cdn.digitaloceanspaces.com/tpci/DAA/DAA_068_R_PT.png;https://limitlesstcg.com/cards/pt/DAA/68;baixado;
swsh3;swsh3-69;69;Mew V;https://limitlesstcg.nyc3.cdn.digitaloceanspaces.com/tpci/DAA/DAA_069_R_PT.png;https://limitlesstcg.com/cards/pt/DAA/69;baixado;
swsh3;swsh3-70;70;Snubbull;https://limitlesstcg.nyc3.cdn.digitaloceanspaces.com/tpci/DAA/DAA_070_R_PT.png;https://limitlesstcg.com/cards/pt/DAA/70;baixado;
swsh3;swsh3-71;71;Granbull;https://limitlesstcg.nyc3.cdn.digitaloceanspaces.com/tpci/DAA/DAA_071_R_PT.png;https://limitlesstcg.com/cards/pt/DAA/71;baixado;
swsh3;swsh3-72;72;Lunatone;https://limitlesstcg.nyc3.cdn.digitaloceanspaces.com/tpci/DAA/DAA_072_R_PT.png;https://limitlesstcg.com/cards/pt/DAA/72;baixado;
swsh3;swsh3-73;73;Gothita;https://limitlesstcg.nyc3.cdn.digitaloceanspaces.com/tpci/DAA/DAA_073_R_PT.png;https://limitlesstcg.com/cards/pt/DAA/73;baixado;
swsh3;swsh3-74;74;Gothorita;https://limitlesstcg.nyc3.cdn.digitaloceanspaces.com/tpci/DAA/DAA_074_R_PT.png;https://limitlesstcg.com/cards/pt/DAA/74;baixado;
swsh3;swsh3-75;75;Gothitelle;https://limitlesstcg.nyc3.cdn.digitaloceanspaces.com/tpci/DAA/DAA_075_R_PT.png;https://limitlesstcg.com/cards/pt/DAA/75;baixado;
swsh3;swsh3-76;76;Golett;https://limitlesstcg.nyc3.cdn.digitaloceanspaces.com/tpci/DAA/DAA_076_R_PT.png;https://limitlesstcg.com/cards/pt/DAA/76;baixado;
swsh3;swsh3-77;77;Golurk;https://limitlesstcg.nyc3.cdn.digitaloceanspaces.com/tpci/DAA/DAA_077_R_PT.png;https://limitlesstcg.com/cards/pt/DAA/77;baixado;
swsh3;swsh3-78;78;Dedenne;https://limitlesstcg.nyc3.cdn.digitaloceanspaces.com/tpci/DAA/DAA_078_R_PT.png;https://limitlesstcg.com/cards/pt/DAA/78;baixado;
swsh3;swsh3-79;79;Morelull;https://limitlesstcg.nyc3.cdn.digitaloceanspaces.com/tpci/DAA/DAA_079_R_PT.png;https://limitlesstcg.com/cards/pt/DAA/79;baixado;
swsh3;swsh3-80;80;Shiinotic;https://limitlesstcg.nyc3.cdn.digitaloceanspaces.com/tpci/DAA/DAA_080_R_PT.png;https://limitlesstcg.com/cards/pt/DAA/80;baixado;
swsh3;swsh3-81;81;Mimikyu;https://limitlesstcg.nyc3.cdn.digitaloceanspaces.com/tpci/DAA/DAA_081_R_PT.png;https://limitlesstcg.com/cards/pt/DAA/81;baixado;
swsh3;swsh3-82;82;Sinistea;https://limitlesstcg.nyc3.cdn.digitaloceanspaces.com/tpci/DAA/DAA_082_R_PT.png;https://limitlesstcg.com/cards/pt/DAA/82;baixado;
swsh3;swsh3-83;83;Polteageist;https://limitlesstcg.nyc3.cdn.digitaloceanspaces.com/tpci/DAA/DAA_083_R_PT.png;https://limitlesstcg.com/cards/pt/DAA/83;baixado;
swsh3;swsh3-84;84;Diglett;https://limitlesstcg.nyc3.cdn.digitaloceanspaces.com/tpci/DAA/DAA_084_R_PT.png;https://limitlesstcg.com/cards/pt/DAA/84;baixado;
swsh3;swsh3-85;85;Dugtrio;https://limitlesstcg.nyc3.cdn.digitaloceanspaces.com/tpci/DAA/DAA_085_R_PT.png;https://limitlesstcg.com/cards/pt/DAA/85;baixado;
swsh3;swsh3-86;86;Larvitar;https://limitlesstcg.nyc3.cdn.digitaloceanspaces.com/tpci/DAA/DAA_086_R_PT.png;https://limitlesstcg.com/cards/pt/DAA/86;baixado;
swsh3;swsh3-87;87;Pupitar;https://limitlesstcg.nyc3.cdn.digitaloceanspaces.com/tpci/DAA/DAA_087_R_PT.png;https://limitlesstcg.com/cards/pt/DAA/87;baixado;
swsh3;swsh3-88;88;Tyranitar;https://limitlesstcg.nyc3.cdn.digitaloceanspaces.com/tpci/DAA/DAA_088_R_PT.png;https://limitlesstcg.com/cards/pt/DAA/88;baixado;
swsh3;swsh3-89;89;Trapinch;https://limitlesstcg.nyc3.cdn.digitaloceanspaces.com/tpci/DAA/DAA_089_R_PT.png;https://limitlesstcg.com/cards/pt/DAA/89;baixado;
swsh3;swsh3-90;90;Vibrava;https://limitlesstcg.nyc3.cdn.digitaloceanspaces.com/tpci/DAA/DAA_090_R_PT.png;https://limitlesstcg.com/cards/pt/DAA/90;baixado;
swsh3;swsh3-91;91;Flygon;https://limitlesstcg.nyc3.cdn.digitaloceanspaces.com/tpci/DAA/DAA_091_R_PT.png;https://limitlesstcg.com/cards/pt/DAA/91;baixado;
swsh3;swsh3-92;92;Solrock;https://limitlesstcg.nyc3.cdn.digitaloceanspaces.com/tpci/DAA/DAA_092_R_PT.png;https://limitlesstcg.com/cards/pt/DAA/92;baixado;
swsh3;swsh3-93;93;Hippopotas;https://limitlesstcg.nyc3.cdn.digitaloceanspaces.com/tpci/DAA/DAA_093_R_PT.png;https://limitlesstcg.com/cards/pt/DAA/93;baixado;
swsh3;swsh3-94;94;Hippowdon;https://limitlesstcg.nyc3.cdn.digitaloceanspaces.com/tpci/DAA/DAA_094_R_PT.png;https://limitlesstcg.com/cards/pt/DAA/94;baixado;
swsh3;swsh3-95;95;Rhyperior V;https://limitlesstcg.nyc3.cdn.digitaloceanspaces.com/tpci/DAA/DAA_095_R_PT.png;https://limitlesstcg.com/cards/pt/DAA/95;baixado;
swsh3;swsh3-96;96;Diggersby;https://limitlesstcg.nyc3.cdn.digitaloceanspaces.com/tpci/DAA/DAA_096_R_PT.png;https://limitlesstcg.com/cards/pt/DAA/96;baixado;
swsh3;swsh3-97;97;Passimian;https://limitlesstcg.nyc3.cdn.digitaloceanspaces.com/tpci/DAA/DAA_097_R_PT.png;https://limitlesstcg.com/cards/pt/DAA/97;baixado;
swsh3;swsh3-98;98;Sirfetch'd de Galar;https://limitlesstcg.nyc3.cdn.digitaloceanspaces.com/tpci/DAA/DAA_098_R_PT.png;https://limitlesstcg.com/cards/pt/DAA/98;baixado;
swsh3;swsh3-99;99;Slowbro de Galar V;https://limitlesstcg.nyc3.cdn.digitaloceanspaces.com/tpci/DAA/DAA_099_R_PT.png;https://limitlesstcg.com/cards/pt/DAA/99;baixado;
swsh3;swsh3-100;100;Grimer;https://limitlesstcg.nyc3.cdn.digitaloceanspaces.com/tpci/DAA/DAA_100_R_PT.png;https://limitlesstcg.com/cards/pt/DAA/100;baixado;
swsh3;swsh3-101;101;Muk;https://limitlesstcg.nyc3.cdn.digitaloceanspaces.com/tpci/DAA/DAA_101_R_PT.png;https://limitlesstcg.com/cards/pt/DAA/101;baixado;
swsh3;swsh3-102;102;Spinarak;https://limitlesstcg.nyc3.cdn.digitaloceanspaces.com/tpci/DAA/DAA_102_R_PT.png;https://limitlesstcg.com/cards/pt/DAA/102;baixado;
swsh3;swsh3-103;103;Ariados;https://limitlesstcg.nyc3.cdn.digitaloceanspaces.com/tpci/DAA/DAA_103_R_PT.png;https://limitlesstcg.com/cards/pt/DAA/103;baixado;
swsh3;swsh3-104;104;Crobat V;https://limitlesstcg.nyc3.cdn.digitaloceanspaces.com/tpci/DAA/DAA_104_R_PT.png;https://limitlesstcg.com/cards/pt/DAA/104;baixado;
swsh3;swsh3-105;105;Darkrai;https://limitlesstcg.nyc3.cdn.digitaloceanspaces.com/tpci/DAA/DAA_105_R_PT.png;https://limitlesstcg.com/cards/pt/DAA/105;baixado;
swsh3;swsh3-106;106;Purrloin;https://limitlesstcg.nyc3.cdn.digitaloceanspaces.com/tpci/DAA/DAA_106_R_PT.png;https://limitlesstcg.com/cards/pt/DAA/106;baixado;
swsh3;swsh3-107;107;Liepard;https://limitlesstcg.nyc3.cdn.digitaloceanspaces.com/tpci/DAA/DAA_107_R_PT.png;https://limitlesstcg.com/cards/pt/DAA/107;baixado;
swsh3;swsh3-108;108;Deino;https://limitlesstcg.nyc3.cdn.digitaloceanspaces.com/tpci/DAA/DAA_108_R_PT.png;https://limitlesstcg.com/cards/pt/DAA/108;baixado;
swsh3;swsh3-109;109;Zweilous;https://limitlesstcg.nyc3.cdn.digitaloceanspaces.com/tpci/DAA/DAA_109_R_PT.png;https://limitlesstcg.com/cards/pt/DAA/109;baixado;
swsh3;swsh3-110;110;Hydreigon;https://limitlesstcg.nyc3.cdn.digitaloceanspaces.com/tpci/DAA/DAA_110_R_PT.png;https://limitlesstcg.com/cards/pt/DAA/110;baixado;
swsh3;swsh3-111;111;Hoopa;https://limitlesstcg.nyc3.cdn.digitaloceanspaces.com/tpci/DAA/DAA_111_R_PT.png;https://limitlesstcg.com/cards/pt/DAA/111;baixado;
swsh3;swsh3-112;112;Nickit;https://limitlesstcg.nyc3.cdn.digitaloceanspaces.com/tpci/DAA/DAA_112_R_PT.png;https://limitlesstcg.com/cards/pt/DAA/112;baixado;
swsh3;swsh3-113;113;Thievul;https://limitlesstcg.nyc3.cdn.digitaloceanspaces.com/tpci/DAA/DAA_113_R_PT.png;https://limitlesstcg.com/cards/pt/DAA/113;baixado;
swsh3;swsh3-114;114;Grimmsnarl V;https://limitlesstcg.nyc3.cdn.digitaloceanspaces.com/tpci/DAA/DAA_114_R_PT.png;https://limitlesstcg.com/cards/pt/DAA/114;baixado;
swsh3;swsh3-115;115;Grimmsnarl VMAX;https://limitlesstcg.nyc3.cdn.digitaloceanspaces.com/tpci/DAA/DAA_115_R_PT.png;https://limitlesstcg.com/cards/pt/DAA/115;baixado;
swsh3;swsh3-116;116;Eternatus V;https://limitlesstcg.nyc3.cdn.digitaloceanspaces.com/tpci/DAA/DAA_116_R_PT.png;https://limitlesstcg.com/cards/pt/DAA/116;baixado;
swsh3;swsh3-117;117;Eternatus VMAX;https://limitlesstcg.nyc3.cdn.digitaloceanspaces.com/tpci/DAA/DAA_117_R_PT.png;https://limitlesstcg.com/cards/pt/DAA/117;baixado;
swsh3;swsh3-118;118;Scizor V;https://limitlesstcg.nyc3.cdn.digitaloceanspaces.com/tpci/DAA/DAA_118_R_PT.png;https://limitlesstcg.com/cards/pt/DAA/118;baixado;
swsh3;swsh3-119;119;Scizor VMAX;https://limitlesstcg.nyc3.cdn.digitaloceanspaces.com/tpci/DAA/DAA_119_R_PT.png;https://limitlesstcg.com/cards/pt/DAA/119;baixado;
swsh3;swsh3-120;120;Skarmory;https://limitlesstcg.nyc3.cdn.digitaloceanspaces.com/tpci/DAA/DAA_120_R_PT.png;https://limitlesstcg.com/cards/pt/DAA/120;baixado;
swsh3;swsh3-121;121;Aron;https://limitlesstcg.nyc3.cdn.digitaloceanspaces.com/tpci/DAA/DAA_121_R_PT.png;https://limitlesstcg.com/cards/pt/DAA/121;baixado;
swsh3;swsh3-122;122;Lairon;https://limitlesstcg.nyc3.cdn.digitaloceanspaces.com/tpci/DAA/DAA_122_R_PT.png;https://limitlesstcg.com/cards/pt/DAA/122;baixado;
swsh3;swsh3-123;123;Aggron;https://limitlesstcg.nyc3.cdn.digitaloceanspaces.com/tpci/DAA/DAA_123_R_PT.png;https://limitlesstcg.com/cards/pt/DAA/123;baixado;
swsh3;swsh3-124;124;Escavalier;https://limitlesstcg.nyc3.cdn.digitaloceanspaces.com/tpci/DAA/DAA_124_R_PT.png;https://limitlesstcg.com/cards/pt/DAA/124;baixado;
swsh3;swsh3-125;125;Klink;https://limitlesstcg.nyc3.cdn.digitaloceanspaces.com/tpci/DAA/DAA_125_R_PT.png;https://limitlesstcg.com/cards/pt/DAA/125;baixado;
swsh3;swsh3-126;126;Klang;https://limitlesstcg.nyc3.cdn.digitaloceanspaces.com/tpci/DAA/DAA_126_R_PT.png;https://limitlesstcg.com/cards/pt/DAA/126;baixado;
swsh3;swsh3-127;127;Klinklang;https://limitlesstcg.nyc3.cdn.digitaloceanspaces.com/tpci/DAA/DAA_127_R_PT.png;https://limitlesstcg.com/cards/pt/DAA/127;baixado;
swsh3;swsh3-128;128;Stunfisk de Galar V;https://limitlesstcg.nyc3.cdn.digitaloceanspaces.com/tpci/DAA/DAA_128_R_PT.png;https://limitlesstcg.com/cards/pt/DAA/128;baixado;
swsh3;swsh3-129;129;Meltan;https://limitlesstcg.nyc3.cdn.digitaloceanspaces.com/tpci/DAA/DAA_129_R_PT.png;https://limitlesstcg.com/cards/pt/DAA/129;baixado;
swsh3;swsh3-130;130;Melmetal;https://limitlesstcg.nyc3.cdn.digitaloceanspaces.com/tpci/DAA/DAA_130_R_PT.png;https://limitlesstcg.com/cards/pt/DAA/130;baixado;
swsh3;swsh3-131;131;Cufant;https://limitlesstcg.nyc3.cdn.digitaloceanspaces.com/tpci/DAA/DAA_131_R_PT.png;https://limitlesstcg.com/cards/pt/DAA/131;baixado;
swsh3;swsh3-132;132;Copperajah;https://limitlesstcg.nyc3.cdn.digitaloceanspaces.com/tpci/DAA/DAA_132_R_PT.png;https://limitlesstcg.com/cards/pt/DAA/132;baixado;
swsh3;swsh3-133;133;Kangaskhan;https://limitlesstcg.nyc3.cdn.digitaloceanspaces.com/tpci/DAA/DAA_133_R_PT.png;https://limitlesstcg.com/cards/pt/DAA/133;baixado;
swsh3;swsh3-134;134;Tauros;https://limitlesstcg.nyc3.cdn.digitaloceanspaces.com/tpci/DAA/DAA_134_R_PT.png;https://limitlesstcg.com/cards/pt/DAA/134;baixado;
swsh3;swsh3-135;135;Sentret;https://limitlesstcg.nyc3.cdn.digitaloceanspaces.com/tpci/DAA/DAA_135_R_PT.png;https://limitlesstcg.com/cards/pt/DAA/135;baixado;
swsh3;swsh3-136;136;Furret;https://limitlesstcg.nyc3.cdn.digitaloceanspaces.com/tpci/DAA/DAA_136_R_PT.png;https://limitlesstcg.com/cards/pt/DAA/136;baixado;
swsh3;swsh3-137;137;Dunsparce;https://limitlesstcg.nyc3.cdn.digitaloceanspaces.com/tpci/DAA/DAA_137_R_PT.png;https://limitlesstcg.com/cards/pt/DAA/137;baixado;
swsh3;swsh3-138;138;Teddiursa;https://limitlesstcg.nyc3.cdn.digitaloceanspaces.com/tpci/DAA/DAA_138_R_PT.png;https://limitlesstcg.com/cards/pt/DAA/138;baixado;
swsh3;swsh3-139;139;Ursaring;https://limitlesstcg.nyc3.cdn.digitaloceanspaces.com/tpci/DAA/DAA_139_R_PT.png;https://limitlesstcg.com/cards/pt/DAA/139;baixado;
swsh3;swsh3-140;140;Lugia;https://limitlesstcg.nyc3.cdn.digitaloceanspaces.com/tpci/DAA/DAA_140_R_PT.png;https://limitlesstcg.com/cards/pt/DAA/140;baixado;
swsh3;swsh3-141;141;Skitty;https://limitlesstcg.nyc3.cdn.digitaloceanspaces.com/tpci/DAA/DAA_141_R_PT.png;https://limitlesstcg.com/cards/pt/DAA/141;baixado;
swsh3;swsh3-142;142;Delcatty;https://limitlesstcg.nyc3.cdn.digitaloceanspaces.com/tpci/DAA/DAA_142_R_PT.png;https://limitlesstcg.com/cards/pt/DAA/142;baixado;
swsh3;swsh3-143;143;Salamence V;https://limitlesstcg.nyc3.cdn.digitaloceanspaces.com/tpci/DAA/DAA_143_R_PT.png;https://limitlesstcg.com/cards/pt/DAA/143;baixado;
swsh3;swsh3-144;144;Salamence VMAX;https://limitlesstcg.nyc3.cdn.digitaloceanspaces.com/tpci/DAA/DAA_144_R_PT.png;https://limitlesstcg.com/cards/pt/DAA/144;baixado;
swsh3;swsh3-145;145;Starly;https://limitlesstcg.nyc3.cdn.digitaloceanspaces.com/tpci/DAA/DAA_145_R_PT.png;https://limitlesstcg.com/cards/pt/DAA/145;baixado;
swsh3;swsh3-146;146;Staravia;https://limitlesstcg.nyc3.cdn.digitaloceanspaces.com/tpci/DAA/DAA_146_R_PT.png;https://limitlesstcg.com/cards/pt/DAA/146;baixado;
swsh3;swsh3-147;147;Staraptor;https://limitlesstcg.nyc3.cdn.digitaloceanspaces.com/tpci/DAA/DAA_147_R_PT.png;https://limitlesstcg.com/cards/pt/DAA/147;baixado;
swsh3;swsh3-148;148;Ducklett;https://limitlesstcg.nyc3.cdn.digitaloceanspaces.com/tpci/DAA/DAA_148_R_PT.png;https://limitlesstcg.com/cards/pt/DAA/148;baixado;
swsh3;swsh3-149;149;Swanna;https://limitlesstcg.nyc3.cdn.digitaloceanspaces.com/tpci/DAA/DAA_149_R_PT.png;https://limitlesstcg.com/cards/pt/DAA/149;baixado;
swsh3;swsh3-150;150;Bunnelby;https://limitlesstcg.nyc3.cdn.digitaloceanspaces.com/tpci/DAA/DAA_150_R_PT.png;https://limitlesstcg.com/cards/pt/DAA/150;baixado;
swsh3;swsh3-151;151;Fletchling;https://limitlesstcg.nyc3.cdn.digitaloceanspaces.com/tpci/DAA/DAA_151_R_PT.png;https://limitlesstcg.com/cards/pt/DAA/151;baixado;
swsh3;swsh3-152;152;Skwovet;https://limitlesstcg.nyc3.cdn.digitaloceanspaces.com/tpci/DAA/DAA_152_R_PT.png;https://limitlesstcg.com/cards/pt/DAA/152;baixado;
swsh3;swsh3-153;153;Greedent;https://limitlesstcg.nyc3.cdn.digitaloceanspaces.com/tpci/DAA/DAA_153_R_PT.png;https://limitlesstcg.com/cards/pt/DAA/153;baixado;
swsh3;swsh3-154;154;Rookidee;https://limitlesstcg.nyc3.cdn.digitaloceanspaces.com/tpci/DAA/DAA_154_R_PT.png;https://limitlesstcg.com/cards/pt/DAA/154;baixado;
swsh3;swsh3-155;155;Corvisquire;https://limitlesstcg.nyc3.cdn.digitaloceanspaces.com/tpci/DAA/DAA_155_R_PT.png;https://limitlesstcg.com/cards/pt/DAA/155;baixado;
swsh3;swsh3-156;156;Corviknight;https://limitlesstcg.nyc3.cdn.digitaloceanspaces.com/tpci/DAA/DAA_156_R_PT.png;https://limitlesstcg.com/cards/pt/DAA/156;baixado;
swsh3;swsh3-157;157;Grande Sombrinha;https://limitlesstcg.nyc3.cdn.digitaloceanspaces.com/tpci/DAA/DAA_157_R_PT.png;https://limitlesstcg.com/cards/pt/DAA/157;baixado;
swsh3;swsh3-158;158;Fumaceira;https://limitlesstcg.nyc3.cdn.digitaloceanspaces.com/tpci/DAA/DAA_158_R_PT.png;https://limitlesstcg.com/cards/pt/DAA/158;baixado;
swsh3;swsh3-159;159;Ornitólogo;https://limitlesstcg.nyc3.cdn.digitaloceanspaces.com/tpci/DAA/DAA_159_R_PT.png;https://limitlesstcg.com/cards/pt/DAA/159;baixado;
swsh3;swsh3-160;160;Capa da Determinação;https://limitlesstcg.nyc3.cdn.digitaloceanspaces.com/tpci/DAA/DAA_160_R_PT.png;https://limitlesstcg.com/cards/pt/DAA/160;baixado;
swsh3;swsh3-161;161;Sino Familiar;https://limitlesstcg.nyc3.cdn.digitaloceanspaces.com/tpci/DAA/DAA_161_R_PT.png;https://limitlesstcg.com/cards/pt/DAA/161;baixado;
swsh3;swsh3-162;162;Bosque Glimwood;https://limitlesstcg.nyc3.cdn.digitaloceanspaces.com/tpci/DAA/DAA_162_R_PT.png;https://limitlesstcg.com/cards/pt/DAA/162;baixado;
swsh3;swsh3-163;163;Kabu;https://limitlesstcg.nyc3.cdn.digitaloceanspaces.com/tpci/DAA/DAA_163_R_PT.png;https://limitlesstcg.com/cards/pt/DAA/163;baixado;
swsh3;swsh3-164;164;Computador Antigo;https://limitlesstcg.nyc3.cdn.digitaloceanspaces.com/tpci/DAA/DAA_164_R_PT.png;https://limitlesstcg.com/cards/pt/DAA/164;baixado;
swsh3;swsh3-165;165;Pietro;https://limitlesstcg.nyc3.cdn.digitaloceanspaces.com/tpci/DAA/DAA_165_R_PT.png;https://limitlesstcg.com/cards/pt/DAA/165;baixado;
swsh3;swsh3-166;166;Cuidado dos Criadores de Pokémon;https://limitlesstcg.nyc3.cdn.digitaloceanspaces.com/tpci/DAA/DAA_166_R_PT.png;https://limitlesstcg.com/cards/pt/DAA/166;baixado;
swsh3;swsh3-167;167;Fóssil Raro;https://limitlesstcg.nyc3.cdn.digitaloceanspaces.com/tpci/DAA/DAA_167_R_PT.png;https://limitlesstcg.com/cards/pt/DAA/167;baixado;
swsh3;swsh3-168;168;Rossi;https://limitlesstcg.nyc3.cdn.digitaloceanspaces.com/tpci/DAA/DAA_168_R_PT.png;https://limitlesstcg.com/cards/pt/DAA/168;baixado;
swsh3;swsh3-169;169;Torre Rossi;https://limitlesstcg.nyc3.cdn.digitaloceanspaces.com/tpci/DAA/DAA_169_R_PT.png;https://limitlesstcg.com/cards/pt/DAA/169;baixado;
swsh3;swsh3-170;170;Spikemuth;https://limitlesstcg.nyc3.cdn.digitaloceanspaces.com/tpci/DAA/DAA_170_R_PT.png;https://limitlesstcg.com/cards/pt/DAA/170;baixado;
swsh3;swsh3-171;171;Luvas do Esforço;https://limitlesstcg.nyc3.cdn.digitaloceanspaces.com/tpci/DAA/DAA_171_R_PT.png;https://limitlesstcg.com/cards/pt/DAA/171;baixado;
swsh3;swsh3-172;172;Fragmento Turbo;https://limitlesstcg.nyc3.cdn.digitaloceanspaces.com/tpci/DAA/DAA_172_R_PT.png;https://limitlesstcg.com/cards/pt/DAA/172;baixado;
swsh3;swsh3-173;173;Corneta da Equipe Yell;https://limitlesstcg.nyc3.cdn.digitaloceanspaces.com/tpci/DAA/DAA_173_R_PT.png;https://limitlesstcg.com/cards/pt/DAA/173;baixado;
swsh3;swsh3-174;174;Energia Fire Incandescente;https://limitlesstcg.nyc3.cdn.digitaloceanspaces.com/tpci/DAA/DAA_174_R_PT.png;https://limitlesstcg.com/cards/pt/DAA/174;baixado;
swsh3;swsh3-175;175;Energia Darkness Oculta;https://limitlesstcg.nyc3.cdn.digitaloceanspaces.com/tpci/DAA/DAA_175_R_PT.png;https://limitlesstcg.com/cards/pt/DAA/175;baixado;
swsh3;swsh3-176;176;Energia Colorless Poderosa;https://limitlesstcg.nyc3.cdn.digitaloceanspaces.com/tpci/DAA/DAA_176_R_PT.png;https://limitlesstcg.com/cards/pt/DAA/176;baixado;
swsh3;swsh3-177;177;Butterfree V;https://limitlesstcg.nyc3.cdn.digitaloceanspaces.com/tpci/DAA/DAA_177_R_PT.png;https://limitlesstcg.com/cards/pt/DAA/177;baixado;
swsh3;swsh3-178;178;Houndoom V;https://limitlesstcg.nyc3.cdn.digitaloceanspaces.com/tpci/DAA/DAA_178_R_PT.png;https://limitlesstcg.com/cards/pt/DAA/178;baixado;
swsh3;swsh3-179;179;Centiskorch V;https://limitlesstcg.nyc3.cdn.digitaloceanspaces.com/tpci/DAA/DAA_179_R_PT.png;https://limitlesstcg.com/cards/pt/DAA/179;baixado;
swsh3;swsh3-180;180;Vikavolt V;https://limitlesstcg.nyc3.cdn.digitaloceanspaces.com/tpci/DAA/DAA_180_R_PT.png;https://limitlesstcg.com/cards/pt/DAA/180;baixado;
swsh3;swsh3-181;181;Rhyperior V;https://limitlesstcg.nyc3.cdn.digitaloceanspaces.com/tpci/DAA/DAA_181_R_PT.png;https://limitlesstcg.com/cards/pt/DAA/181;baixado;
swsh3;swsh3-182;182;Crobat V;https://limitlesstcg.nyc3.cdn.digitaloceanspaces.com/tpci/DAA/DAA_182_R_PT.png;https://limitlesstcg.com/cards/pt/DAA/182;baixado;
swsh3;swsh3-183;183;Scizor V;https://limitlesstcg.nyc3.cdn.digitaloceanspaces.com/tpci/DAA/DAA_183_R_PT.png;https://limitlesstcg.com/cards/pt/DAA/183;baixado;
swsh3;swsh3-184;184;Stunfisk de Galar V;https://limitlesstcg.nyc3.cdn.digitaloceanspaces.com/tpci/DAA/DAA_184_R_PT.png;https://limitlesstcg.com/cards/pt/DAA/184;baixado;
swsh3;swsh3-185;185;Salamence V;https://limitlesstcg.nyc3.cdn.digitaloceanspaces.com/tpci/DAA/DAA_185_R_PT.png;https://limitlesstcg.com/cards/pt/DAA/185;baixado;
swsh3;swsh3-186;186;Kabu;https://limitlesstcg.nyc3.cdn.digitaloceanspaces.com/tpci/DAA/DAA_186_R_PT.png;https://limitlesstcg.com/cards/pt/DAA/186;baixado;
swsh3;swsh3-187;187;Pietro;https://limitlesstcg.nyc3.cdn.digitaloceanspaces.com/tpci/DAA/DAA_187_R_PT.png;https://limitlesstcg.com/cards/pt/DAA/187;baixado;
swsh3;swsh3-188;188;Cuidado dos Criadores de Pokémon;https://limitlesstcg.nyc3.cdn.digitaloceanspaces.com/tpci/DAA/DAA_188_R_PT.png;https://limitlesstcg.com/cards/pt/DAA/188;baixado;
swsh3;swsh3-189;189;Rossi;https://limitlesstcg.nyc3.cdn.digitaloceanspaces.com/tpci/DAA/DAA_189_R_PT.png;https://limitlesstcg.com/cards/pt/DAA/189;baixado;
swsh3;swsh3-190;190;Butterfree VMAX;https://limitlesstcg.nyc3.cdn.digitaloceanspaces.com/tpci/DAA/DAA_190_R_PT.png;https://limitlesstcg.com/cards/pt/DAA/190;baixado;
swsh3;swsh3-191;191;Centiskorch VMAX;https://limitlesstcg.nyc3.cdn.digitaloceanspaces.com/tpci/DAA/DAA_191_R_PT.png;https://limitlesstcg.com/cards/pt/DAA/191;baixado;
swsh3;swsh3-192;192;Eternatus VMAX;https://limitlesstcg.nyc3.cdn.digitaloceanspaces.com/tpci/DAA/DAA_192_R_PT.png;https://limitlesstcg.com/cards/pt/DAA/192;baixado;
swsh3;swsh3-193;193;Scizor VMAX;https://limitlesstcg.nyc3.cdn.digitaloceanspaces.com/tpci/DAA/DAA_193_R_PT.png;https://limitlesstcg.com/cards/pt/DAA/193;baixado;
swsh3;swsh3-194;194;Salamence VMAX;https://limitlesstcg.nyc3.cdn.digitaloceanspaces.com/tpci/DAA/DAA_194_R_PT.png;https://limitlesstcg.com/cards/pt/DAA/194;baixado;
swsh3;swsh3-195;195;Cuidado dos Criadores de Pokémon;https://limitlesstcg.nyc3.cdn.digitaloceanspaces.com/tpci/DAA/DAA_195_R_PT.png;https://limitlesstcg.com/cards/pt/DAA/195;baixado;
swsh3;swsh3-196;196;Rossi;https://limitlesstcg.nyc3.cdn.digitaloceanspaces.com/tpci/DAA/DAA_196_R_PT.png;https://limitlesstcg.com/cards/pt/DAA/196;baixado;
swsh3;swsh3-197;197;Rillaboom;https://limitlesstcg.nyc3.cdn.digitaloceanspaces.com/tpci/DAA/DAA_197_R_PT.png;https://limitlesstcg.com/cards/pt/DAA/197;baixado;
swsh3;swsh3-198;198;Coalossal;https://limitlesstcg.nyc3.cdn.digitaloceanspaces.com/tpci/DAA/DAA_198_R_PT.png;https://limitlesstcg.com/cards/pt/DAA/198;baixado;
swsh3;swsh3-199;199;Grande Sombrinha;https://limitlesstcg.nyc3.cdn.digitaloceanspaces.com/tpci/DAA/DAA_199_R_PT.png;https://limitlesstcg.com/cards/pt/DAA/199;baixado;
swsh3;swsh3-200;200;Fragmento Turbo;https://limitlesstcg.nyc3.cdn.digitaloceanspaces.com/tpci/DAA/DAA_200_R_PT.png;https://limitlesstcg.com/cards/pt/DAA/200;baixado;
swsh3;swsh3-201;201;Energia de Captura;https://limitlesstcg.nyc3.cdn.digitaloceanspaces.com/tpci/DAA/DAA_201_R_PT.png;https://limitlesstcg.com/cards/pt/DAA/201;baixado;
swsh3.5;swsh3.5-1;1;Venusaur V;https://limitlesstcg.nyc3.cdn.digitaloceanspaces.com/tpci/CPA/CPA_001_R_PT.png;https://limitlesstcg.com/cards/pt/CPA/1;baixado;
swsh3.5;swsh3.5-2;2;Weedle;https://limitlesstcg.nyc3.cdn.digitaloceanspaces.com/tpci/CPA/CPA_002_R_PT.png;https://limitlesstcg.com/cards/pt/CPA/2;baixado;
swsh3.5;swsh3.5-3;3;Kakuna;https://limitlesstcg.nyc3.cdn.digitaloceanspaces.com/tpci/CPA/CPA_003_R_PT.png;https://limitlesstcg.com/cards/pt/CPA/3;baixado;
swsh3.5;swsh3.5-4;4;Beedrill;https://limitlesstcg.nyc3.cdn.digitaloceanspaces.com/tpci/CPA/CPA_004_R_PT.png;https://limitlesstcg.com/cards/pt/CPA/4;baixado;
swsh3.5;swsh3.5-5;5;Eldegoss V;https://limitlesstcg.nyc3.cdn.digitaloceanspaces.com/tpci/CPA/CPA_005_R_PT.png;https://limitlesstcg.com/cards/pt/CPA/5;baixado;
swsh3.5;swsh3.5-6;6;Vulpix;https://limitlesstcg.nyc3.cdn.digitaloceanspaces.com/tpci/CPA/CPA_006_R_PT.png;https://limitlesstcg.com/cards/pt/CPA/6;baixado;
swsh3.5;swsh3.5-7;7;Victini;https://limitlesstcg.nyc3.cdn.digitaloceanspaces.com/tpci/CPA/CPA_007_R_PT.png;https://limitlesstcg.com/cards/pt/CPA/7;baixado;
swsh3.5;swsh3.5-8;8;Incineroar V;https://limitlesstcg.nyc3.cdn.digitaloceanspaces.com/tpci/CPA/CPA_008_R_PT.png;https://limitlesstcg.com/cards/pt/CPA/8;baixado;
swsh3.5;swsh3.5-9;9;Sizzlipede;https://limitlesstcg.nyc3.cdn.digitaloceanspaces.com/tpci/CPA/CPA_009_R_PT.png;https://limitlesstcg.com/cards/pt/CPA/9;baixado;
swsh3.5;swsh3.5-10;10;Centiskorch;https://limitlesstcg.nyc3.cdn.digitaloceanspaces.com/tpci/CPA/CPA_010_R_PT.png;https://limitlesstcg.com/cards/pt/CPA/10;baixado;
swsh3.5;swsh3.5-11;11;Carvanha;https://limitlesstcg.nyc3.cdn.digitaloceanspaces.com/tpci/CPA/CPA_011_R_PT.png;https://limitlesstcg.com/cards/pt/CPA/11;baixado;
swsh3.5;swsh3.5-12;12;Sharpedo;https://limitlesstcg.nyc3.cdn.digitaloceanspaces.com/tpci/CPA/CPA_012_R_PT.png;https://limitlesstcg.com/cards/pt/CPA/12;baixado;
swsh3.5;swsh3.5-13;13;Wailord V;https://limitlesstcg.nyc3.cdn.digitaloceanspaces.com/tpci/CPA/CPA_013_R_PT.png;https://limitlesstcg.com/cards/pt/CPA/13;baixado;
swsh3.5;swsh3.5-14;14;Drednaw V;https://limitlesstcg.nyc3.cdn.digitaloceanspaces.com/tpci/CPA/CPA_014_R_PT.png;https://limitlesstcg.com/cards/pt/CPA/14;baixado;
swsh3.5;swsh3.5-15;15;Drednaw VMAX;https://limitlesstcg.nyc3.cdn.digitaloceanspaces.com/tpci/CPA/CPA_015_R_PT.png;https://limitlesstcg.com/cards/pt/CPA/15;baixado;
swsh3.5;swsh3.5-16;16;Gardevoir V;https://limitlesstcg.nyc3.cdn.digitaloceanspaces.com/tpci/CPA/CPA_016_R_PT.png;https://limitlesstcg.com/cards/pt/CPA/16;baixado;
swsh3.5;swsh3.5-17;17;Gardevoir VMAX;https://limitlesstcg.nyc3.cdn.digitaloceanspaces.com/tpci/CPA/CPA_017_R_PT.png;https://limitlesstcg.com/cards/pt/CPA/17;baixado;
swsh3.5;swsh3.5-18;18;Hatenna;https://limitlesstcg.nyc3.cdn.digitaloceanspaces.com/tpci/CPA/CPA_018_R_PT.png;https://limitlesstcg.com/cards/pt/CPA/18;baixado;
swsh3.5;swsh3.5-19;19;Hattrem;https://limitlesstcg.nyc3.cdn.digitaloceanspaces.com/tpci/CPA/CPA_019_R_PT.png;https://limitlesstcg.com/cards/pt/CPA/19;baixado;
swsh3.5;swsh3.5-20;20;Hatterene;https://limitlesstcg.nyc3.cdn.digitaloceanspaces.com/tpci/CPA/CPA_020_R_PT.png;https://limitlesstcg.com/cards/pt/CPA/20;baixado;
swsh3.5;swsh3.5-21;21;Cursola de Galar V;https://limitlesstcg.nyc3.cdn.digitaloceanspaces.com/tpci/CPA/CPA_021_R_PT.png;https://limitlesstcg.com/cards/pt/CPA/21;baixado;
swsh3.5;swsh3.5-22;22;Alcremie V;https://limitlesstcg.nyc3.cdn.digitaloceanspaces.com/tpci/CPA/CPA_022_R_PT.png;https://limitlesstcg.com/cards/pt/CPA/22;baixado;
swsh3.5;swsh3.5-23;23;Alcremie VMAX;https://limitlesstcg.nyc3.cdn.digitaloceanspaces.com/tpci/CPA/CPA_023_R_PT.png;https://limitlesstcg.com/cards/pt/CPA/23;baixado;
swsh3.5;swsh3.5-24;24;Machop;https://limitlesstcg.nyc3.cdn.digitaloceanspaces.com/tpci/CPA/CPA_024_R_PT.png;https://limitlesstcg.com/cards/pt/CPA/24;baixado;
swsh3.5;swsh3.5-25;25;Machoke;https://limitlesstcg.nyc3.cdn.digitaloceanspaces.com/tpci/CPA/CPA_025_R_PT.png;https://limitlesstcg.com/cards/pt/CPA/25;baixado;
swsh3.5;swsh3.5-26;26;Machamp;https://limitlesstcg.nyc3.cdn.digitaloceanspaces.com/tpci/CPA/CPA_026_R_PT.png;https://limitlesstcg.com/cards/pt/CPA/26;baixado;
swsh3.5;swsh3.5-27;27;Lucario V;https://limitlesstcg.nyc3.cdn.digitaloceanspaces.com/tpci/CPA/CPA_027_R_PT.png;https://limitlesstcg.com/cards/pt/CPA/27;baixado;
swsh3.5;swsh3.5-28;28;Zygarde;https://limitlesstcg.nyc3.cdn.digitaloceanspaces.com/tpci/CPA/CPA_028_R_PT.png;https://limitlesstcg.com/cards/pt/CPA/28;baixado;
swsh3.5;swsh3.5-29;29;Rockruff;https://limitlesstcg.nyc3.cdn.digitaloceanspaces.com/tpci/CPA/CPA_029_R_PT.png;https://limitlesstcg.com/cards/pt/CPA/29;baixado;
swsh3.5;swsh3.5-30;30;Lycanroc;https://limitlesstcg.nyc3.cdn.digitaloceanspaces.com/tpci/CPA/CPA_030_R_PT.png;https://limitlesstcg.com/cards/pt/CPA/30;baixado;
swsh3.5;swsh3.5-31;31;Rolycoly;https://limitlesstcg.nyc3.cdn.digitaloceanspaces.com/tpci/CPA/CPA_031_R_PT.png;https://limitlesstcg.com/cards/pt/CPA/31;baixado;
swsh3.5;swsh3.5-32;32;Grapploct V;https://limitlesstcg.nyc3.cdn.digitaloceanspaces.com/tpci/CPA/CPA_032_R_PT.png;https://limitlesstcg.com/cards/pt/CPA/32;baixado;
swsh3.5;swsh3.5-33;33;Ekans;https://limitlesstcg.nyc3.cdn.digitaloceanspaces.com/tpci/CPA/CPA_033_R_PT.png;https://limitlesstcg.com/cards/pt/CPA/33;baixado;
swsh3.5;swsh3.5-34;34;Arbok;https://limitlesstcg.nyc3.cdn.digitaloceanspaces.com/tpci/CPA/CPA_034_R_PT.png;https://limitlesstcg.com/cards/pt/CPA/34;baixado;
swsh3.5;swsh3.5-35;35;Zigzagoon de Galar;https://limitlesstcg.nyc3.cdn.digitaloceanspaces.com/tpci/CPA/CPA_035_R_PT.png;https://limitlesstcg.com/cards/pt/CPA/35;baixado;
swsh3.5;swsh3.5-36;36;Linoone de Galar;https://limitlesstcg.nyc3.cdn.digitaloceanspaces.com/tpci/CPA/CPA_036_R_PT.png;https://limitlesstcg.com/cards/pt/CPA/36;baixado;
swsh3.5;swsh3.5-37;37;Obstagoon de Galar;https://limitlesstcg.nyc3.cdn.digitaloceanspaces.com/tpci/CPA/CPA_037_R_PT.png;https://limitlesstcg.com/cards/pt/CPA/37;baixado;
swsh3.5;swsh3.5-38;38;Absol;https://limitlesstcg.nyc3.cdn.digitaloceanspaces.com/tpci/CPA/CPA_038_R_PT.png;https://limitlesstcg.com/cards/pt/CPA/38;baixado;
swsh3.5;swsh3.5-39;39;Purrloin;https://limitlesstcg.nyc3.cdn.digitaloceanspaces.com/tpci/CPA/CPA_039_R_PT.png;https://limitlesstcg.com/cards/pt/CPA/39;baixado;
swsh3.5;swsh3.5-40;40;Liepard;https://limitlesstcg.nyc3.cdn.digitaloceanspaces.com/tpci/CPA/CPA_040_R_PT.png;https://limitlesstcg.com/cards/pt/CPA/40;baixado;
swsh3.5;swsh3.5-41;41;Scraggy;https://limitlesstcg.nyc3.cdn.digitaloceanspaces.com/tpci/CPA/CPA_041_R_PT.png;https://limitlesstcg.com/cards/pt/CPA/41;baixado;
swsh3.5;swsh3.5-42;42;Scrafty;https://limitlesstcg.nyc3.cdn.digitaloceanspaces.com/tpci/CPA/CPA_042_R_PT.png;https://limitlesstcg.com/cards/pt/CPA/42;baixado;
swsh3.5;swsh3.5-43;43;Trubbish;https://limitlesstcg.nyc3.cdn.digitaloceanspaces.com/tpci/CPA/CPA_043_R_PT.png;https://limitlesstcg.com/cards/pt/CPA/43;baixado;
swsh3.5;swsh3.5-44;44;Inkay;https://limitlesstcg.nyc3.cdn.digitaloceanspaces.com/tpci/CPA/CPA_044_R_PT.png;https://limitlesstcg.com/cards/pt/CPA/44;baixado;
swsh3.5;swsh3.5-45;45;Malamar;https://limitlesstcg.nyc3.cdn.digitaloceanspaces.com/tpci/CPA/CPA_045_R_PT.png;https://limitlesstcg.com/cards/pt/CPA/45;baixado;
swsh3.5;swsh3.5-46;46;Nickit;https://limitlesstcg.nyc3.cdn.digitaloceanspaces.com/tpci/CPA/CPA_046_R_PT.png;https://limitlesstcg.com/cards/pt/CPA/46;baixado;
swsh3.5;swsh3.5-47;47;Duraludon V;https://limitlesstcg.nyc3.cdn.digitaloceanspaces.com/tpci/CPA/CPA_047_R_PT.png;https://limitlesstcg.com/cards/pt/CPA/47;baixado;
swsh3.5;swsh3.5-48;48;Swablu;https://limitlesstcg.nyc3.cdn.digitaloceanspaces.com/tpci/CPA/CPA_048_R_PT.png;https://limitlesstcg.com/cards/pt/CPA/48;baixado;
swsh3.5;swsh3.5-49;49;Altaria;https://limitlesstcg.nyc3.cdn.digitaloceanspaces.com/tpci/CPA/CPA_049_R_PT.png;https://limitlesstcg.com/cards/pt/CPA/49;baixado;
swsh3.5;swsh3.5-50;50;Beda;https://limitlesstcg.nyc3.cdn.digitaloceanspaces.com/tpci/CPA/CPA_050_R_PT.png;https://limitlesstcg.com/cards/pt/CPA/50;baixado;
swsh3.5;swsh3.5-51;51;Água Fresca;https://limitlesstcg.nyc3.cdn.digitaloceanspaces.com/tpci/CPA/CPA_051_R_PT.png;https://limitlesstcg.com/cards/pt/CPA/51;baixado;
swsh3.5;swsh3.5-52;52;Grande Bola;https://limitlesstcg.nyc3.cdn.digitaloceanspaces.com/tpci/CPA/CPA_052_R_PT.png;https://limitlesstcg.com/cards/pt/CPA/52;baixado;
swsh3.5;swsh3.5-53;53;Lupo;https://limitlesstcg.nyc3.cdn.digitaloceanspaces.com/tpci/CPA/CPA_053_R_PT.png;https://limitlesstcg.com/cards/pt/CPA/53;baixado;
swsh3.5;swsh3.5-54;54;Hiperpoção;https://limitlesstcg.nyc3.cdn.digitaloceanspaces.com/tpci/CPA/CPA_054_R_PT.png;https://limitlesstcg.com/cards/pt/CPA/54;baixado;
swsh3.5;swsh3.5-55;55;Kabu;https://limitlesstcg.nyc3.cdn.digitaloceanspaces.com/tpci/CPA/CPA_055_R_PT.png;https://limitlesstcg.com/cards/pt/CPA/55;baixado;
swsh3.5;swsh3.5-56;56;Marine;https://limitlesstcg.nyc3.cdn.digitaloceanspaces.com/tpci/CPA/CPA_056_R_PT.png;https://limitlesstcg.com/cards/pt/CPA/56;baixado;
swsh3.5;swsh3.5-57;57;Milo;https://limitlesstcg.nyc3.cdn.digitaloceanspaces.com/tpci/CPA/CPA_057_R_PT.png;https://limitlesstcg.com/cards/pt/CPA/57;baixado;
swsh3.5;swsh3.5-58;58;Pietro;https://limitlesstcg.nyc3.cdn.digitaloceanspaces.com/tpci/CPA/CPA_058_R_PT.png;https://limitlesstcg.com/cards/pt/CPA/58;baixado;
swsh3.5;swsh3.5-59;59;Poké Bola;https://limitlesstcg.nyc3.cdn.digitaloceanspaces.com/tpci/CPA/CPA_059_R_PT.png;https://limitlesstcg.com/cards/pt/CPA/59;baixado;
swsh3.5;swsh3.5-60;60;Dama do Centro Pokémon;https://limitlesstcg.nyc3.cdn.digitaloceanspaces.com/tpci/CPA/CPA_060_R_PT.png;https://limitlesstcg.com/cards/pt/CPA/60;baixado;
swsh3.5;swsh3.5-61;61;Poção;https://limitlesstcg.nyc3.cdn.digitaloceanspaces.com/tpci/CPA/CPA_061_R_PT.png;https://limitlesstcg.com/cards/pt/CPA/61;baixado;
swsh3.5;swsh3.5-62;62;Pesquisa de Professores;https://limitlesstcg.nyc3.cdn.digitaloceanspaces.com/tpci/CPA/CPA_062_R_PT.png;https://limitlesstcg.com/cards/pt/CPA/62;baixado;
swsh3.5;swsh3.5-63;63;Bicicleta Rotom;https://limitlesstcg.nyc3.cdn.digitaloceanspaces.com/tpci/CPA/CPA_063_R_PT.png;https://limitlesstcg.com/cards/pt/CPA/63;baixado;
swsh3.5;swsh3.5-64;64;Rotom Fone;https://limitlesstcg.nyc3.cdn.digitaloceanspaces.com/tpci/CPA/CPA_064_R_PT.png;https://limitlesstcg.com/cards/pt/CPA/64;baixado;
swsh3.5;swsh3.5-65;65;Sônia;https://limitlesstcg.nyc3.cdn.digitaloceanspaces.com/tpci/CPA/CPA_065_R_PT.png;https://limitlesstcg.com/cards/pt/CPA/65;baixado;
swsh3.5;swsh3.5-66;66;Lata de Comida Suspeita;https://limitlesstcg.nyc3.cdn.digitaloceanspaces.com/tpci/CPA/CPA_066_R_PT.png;https://limitlesstcg.com/cards/pt/CPA/66;baixado;
swsh3.5;swsh3.5-67;67;Recruta da Equipe Yell;https://limitlesstcg.nyc3.cdn.digitaloceanspaces.com/tpci/CPA/CPA_067_R_PT.png;https://limitlesstcg.com/cards/pt/CPA/67;baixado;
swsh3.5;swsh3.5-68;68;Estádio de Turffield;https://limitlesstcg.nyc3.cdn.digitaloceanspaces.com/tpci/CPA/CPA_068_R_PT.png;https://limitlesstcg.com/cards/pt/CPA/68;baixado;
swsh3.5;swsh3.5-69;69;Drednaw V;https://limitlesstcg.nyc3.cdn.digitaloceanspaces.com/tpci/CPA/CPA_069_R_PT.png;https://limitlesstcg.com/cards/pt/CPA/69;baixado;
swsh3.5;swsh3.5-70;70;Gardevoir V;https://limitlesstcg.nyc3.cdn.digitaloceanspaces.com/tpci/CPA/CPA_070_R_PT.png;https://limitlesstcg.com/cards/pt/CPA/70;baixado;
swsh3.5;swsh3.5-71;71;Cursola de Galar V;https://limitlesstcg.nyc3.cdn.digitaloceanspaces.com/tpci/CPA/CPA_071_R_PT.png;https://limitlesstcg.com/cards/pt/CPA/71;baixado;
swsh3.5;swsh3.5-72;72;Grapploct V;https://limitlesstcg.nyc3.cdn.digitaloceanspaces.com/tpci/CPA/CPA_072_R_PT.png;https://limitlesstcg.com/cards/pt/CPA/72;baixado;
swsh3.5;swsh3.5-73;73;Lupo;https://limitlesstcg.nyc3.cdn.digitaloceanspaces.com/tpci/CPA/CPA_073_R_PT.png;https://limitlesstcg.com/cards/pt/CPA/73;baixado;
swsh3.5;swsh3.5-74;74;Charizard VMAX;https://limitlesstcg.nyc3.cdn.digitaloceanspaces.com/tpci/CPA/CPA_074_R_PT.png;https://limitlesstcg.com/cards/pt/CPA/74;baixado;
swsh3.5;swsh3.5-75;75;Drednaw VMAX;https://limitlesstcg.nyc3.cdn.digitaloceanspaces.com/tpci/CPA/CPA_075_R_PT.png;https://limitlesstcg.com/cards/pt/CPA/75;baixado;
swsh3.5;swsh3.5-76;76;Gardevoir VMAX;https://limitlesstcg.nyc3.cdn.digitaloceanspaces.com/tpci/CPA/CPA_076_R_PT.png;https://limitlesstcg.com/cards/pt/CPA/76;baixado;
swsh3.5;swsh3.5-77;77;Kabu;https://limitlesstcg.nyc3.cdn.digitaloceanspaces.com/tpci/CPA/CPA_077_R_PT.png;https://limitlesstcg.com/cards/pt/CPA/77;baixado;
swsh3.5;swsh3.5-78;78;Pietro;https://limitlesstcg.nyc3.cdn.digitaloceanspaces.com/tpci/CPA/CPA_078_R_PT.png;https://limitlesstcg.com/cards/pt/CPA/78;baixado;
swsh3.5;swsh3.5-79;79;Charizard V;https://limitlesstcg.nyc3.cdn.digitaloceanspaces.com/tpci/CPA/CPA_079_R_PT.png;https://limitlesstcg.com/cards/pt/CPA/79;baixado;
swsh3.5;swsh3.5-80;80;Lata de Comida Suspeita;https://limitlesstcg.nyc3.cdn.digitaloceanspaces.com/tpci/CPA/CPA_080_R_PT.png;https://limitlesstcg.com/cards/pt/CPA/80;baixado;
swsh4;swsh4-1;1;Weedle;https://limitlesstcg.nyc3.cdn.digitaloceanspaces.com/tpci/VIV/VIV_001_R_PT.png;https://limitlesstcg.com/cards/pt/VIV/1;baixado;
swsh4;swsh4-2;2;Kakuna;https://limitlesstcg.nyc3.cdn.digitaloceanspaces.com/tpci/VIV/VIV_002_R_PT.png;https://limitlesstcg.com/cards/pt/VIV/2;baixado;
swsh4;swsh4-3;3;Beedrill;https://limitlesstcg.nyc3.cdn.digitaloceanspaces.com/tpci/VIV/VIV_003_R_PT.png;https://limitlesstcg.com/cards/pt/VIV/3;baixado;
swsh4;swsh4-4;4;Exeggcute;https://limitlesstcg.nyc3.cdn.digitaloceanspaces.com/tpci/VIV/VIV_004_R_PT.png;https://limitlesstcg.com/cards/pt/VIV/4;baixado;
swsh4;swsh4-5;5;Exeggutor;https://limitlesstcg.nyc3.cdn.digitaloceanspaces.com/tpci/VIV/VIV_005_R_PT.png;https://limitlesstcg.com/cards/pt/VIV/5;baixado;
swsh4;swsh4-6;6;Yanma;https://limitlesstcg.nyc3.cdn.digitaloceanspaces.com/tpci/VIV/VIV_006_R_PT.png;https://limitlesstcg.com/cards/pt/VIV/6;baixado;
swsh4;swsh4-7;7;Yanmega;https://limitlesstcg.nyc3.cdn.digitaloceanspaces.com/tpci/VIV/VIV_007_R_PT.png;https://limitlesstcg.com/cards/pt/VIV/7;baixado;
swsh4;swsh4-8;8;Pineco;https://limitlesstcg.nyc3.cdn.digitaloceanspaces.com/tpci/VIV/VIV_008_R_PT.png;https://limitlesstcg.com/cards/pt/VIV/8;baixado;
swsh4;swsh4-9;9;Celebi;https://limitlesstcg.nyc3.cdn.digitaloceanspaces.com/tpci/VIV/VIV_009_R_PT.png;https://limitlesstcg.com/cards/pt/VIV/9;baixado;
swsh4;swsh4-10;10;Seedot;https://limitlesstcg.nyc3.cdn.digitaloceanspaces.com/tpci/VIV/VIV_010_R_PT.png;https://limitlesstcg.com/cards/pt/VIV/10;baixado;
swsh4;swsh4-11;11;Nuzleaf;https://limitlesstcg.nyc3.cdn.digitaloceanspaces.com/tpci/VIV/VIV_011_R_PT.png;https://limitlesstcg.com/cards/pt/VIV/11;baixado;
swsh4;swsh4-12;12;Shiftry;https://limitlesstcg.nyc3.cdn.digitaloceanspaces.com/tpci/VIV/VIV_012_R_PT.png;https://limitlesstcg.com/cards/pt/VIV/12;baixado;
swsh4;swsh4-13;13;Nincada;https://limitlesstcg.nyc3.cdn.digitaloceanspaces.com/tpci/VIV/VIV_013_R_PT.png;https://limitlesstcg.com/cards/pt/VIV/13;baixado;
swsh4;swsh4-14;14;Ninjask;https://limitlesstcg.nyc3.cdn.digitaloceanspaces.com/tpci/VIV/VIV_014_R_PT.png;https://limitlesstcg.com/cards/pt/VIV/14;baixado;
swsh4;swsh4-15;15;Shaymin;https://limitlesstcg.nyc3.cdn.digitaloceanspaces.com/tpci/VIV/VIV_015_R_PT.png;https://limitlesstcg.com/cards/pt/VIV/15;baixado;
swsh4;swsh4-16;16;Genesect;https://limitlesstcg.nyc3.cdn.digitaloceanspaces.com/tpci/VIV/VIV_016_R_PT.png;https://limitlesstcg.com/cards/pt/VIV/16;baixado;
swsh4;swsh4-17;17;Skiddo;https://limitlesstcg.nyc3.cdn.digitaloceanspaces.com/tpci/VIV/VIV_017_R_PT.png;https://limitlesstcg.com/cards/pt/VIV/17;baixado;
swsh4;swsh4-18;18;Gogoat;https://limitlesstcg.nyc3.cdn.digitaloceanspaces.com/tpci/VIV/VIV_018_R_PT.png;https://limitlesstcg.com/cards/pt/VIV/18;baixado;
swsh4;swsh4-19;19;Dhelmise;https://limitlesstcg.nyc3.cdn.digitaloceanspaces.com/tpci/VIV/VIV_019_R_PT.png;https://limitlesstcg.com/cards/pt/VIV/19;baixado;
swsh4;swsh4-20;20;Orbeetle V;https://limitlesstcg.nyc3.cdn.digitaloceanspaces.com/tpci/VIV/VIV_020_R_PT.png;https://limitlesstcg.com/cards/pt/VIV/20;baixado;
swsh4;swsh4-21;21;Orbeetle VMAX;https://limitlesstcg.nyc3.cdn.digitaloceanspaces.com/tpci/VIV/VIV_021_R_PT.png;https://limitlesstcg.com/cards/pt/VIV/21;baixado;
swsh4;swsh4-22;22;Zarude V;https://limitlesstcg.nyc3.cdn.digitaloceanspaces.com/tpci/VIV/VIV_022_R_PT.png;https://limitlesstcg.com/cards/pt/VIV/22;baixado;
swsh4;swsh4-23;23;Charmander;https://limitlesstcg.nyc3.cdn.digitaloceanspaces.com/tpci/VIV/VIV_023_R_PT.png;https://limitlesstcg.com/cards/pt/VIV/23;baixado;
swsh4;swsh4-24;24;Charmeleon;https://limitlesstcg.nyc3.cdn.digitaloceanspaces.com/tpci/VIV/VIV_024_R_PT.png;https://limitlesstcg.com/cards/pt/VIV/24;baixado;
swsh4;swsh4-25;25;Charizard;https://limitlesstcg.nyc3.cdn.digitaloceanspaces.com/tpci/VIV/VIV_025_R_PT.png;https://limitlesstcg.com/cards/pt/VIV/25;baixado;
swsh4;swsh4-26;26;Flareon;https://limitlesstcg.nyc3.cdn.digitaloceanspaces.com/tpci/VIV/VIV_026_R_PT.png;https://limitlesstcg.com/cards/pt/VIV/26;baixado;
swsh4;swsh4-27;27;Slugma;https://limitlesstcg.nyc3.cdn.digitaloceanspaces.com/tpci/VIV/VIV_027_R_PT.png;https://limitlesstcg.com/cards/pt/VIV/27;baixado;
swsh4;swsh4-28;28;Magcargo;https://limitlesstcg.nyc3.cdn.digitaloceanspaces.com/tpci/VIV/VIV_028_R_PT.png;https://limitlesstcg.com/cards/pt/VIV/28;baixado;
swsh4;swsh4-29;29;Talonflame V;https://limitlesstcg.nyc3.cdn.digitaloceanspaces.com/tpci/VIV/VIV_029_R_PT.png;https://limitlesstcg.com/cards/pt/VIV/29;baixado;
swsh4;swsh4-30;30;Vaporeon;https://limitlesstcg.nyc3.cdn.digitaloceanspaces.com/tpci/VIV/VIV_030_R_PT.png;https://limitlesstcg.com/cards/pt/VIV/30;baixado;
swsh4;swsh4-31;31;Wailmer;https://limitlesstcg.nyc3.cdn.digitaloceanspaces.com/tpci/VIV/VIV_031_R_PT.png;https://limitlesstcg.com/cards/pt/VIV/31;baixado;
swsh4;swsh4-32;32;Wailord;https://limitlesstcg.nyc3.cdn.digitaloceanspaces.com/tpci/VIV/VIV_032_R_PT.png;https://limitlesstcg.com/cards/pt/VIV/32;baixado;
swsh4;swsh4-33;33;Oshawott;https://limitlesstcg.nyc3.cdn.digitaloceanspaces.com/tpci/VIV/VIV_033_R_PT.png;https://limitlesstcg.com/cards/pt/VIV/33;baixado;
swsh4;swsh4-34;34;Dewott;https://limitlesstcg.nyc3.cdn.digitaloceanspaces.com/tpci/VIV/VIV_034_R_PT.png;https://limitlesstcg.com/cards/pt/VIV/34;baixado;
swsh4;swsh4-35;35;Samurott;https://limitlesstcg.nyc3.cdn.digitaloceanspaces.com/tpci/VIV/VIV_035_R_PT.png;https://limitlesstcg.com/cards/pt/VIV/35;baixado;
swsh4;swsh4-36;36;Darmanitan de Galar V;https://limitlesstcg.nyc3.cdn.digitaloceanspaces.com/tpci/VIV/VIV_036_R_PT.png;https://limitlesstcg.com/cards/pt/VIV/36;baixado;
swsh4;swsh4-37;37;Darmanitan de Galar VMAX;https://limitlesstcg.nyc3.cdn.digitaloceanspaces.com/tpci/VIV/VIV_037_R_PT.png;https://limitlesstcg.com/cards/pt/VIV/37;baixado;
swsh4;swsh4-38;38;Chewtle;https://limitlesstcg.nyc3.cdn.digitaloceanspaces.com/tpci/VIV/VIV_038_R_PT.png;https://limitlesstcg.com/cards/pt/VIV/38;baixado;
swsh4;swsh4-39;39;Drednaw;https://limitlesstcg.nyc3.cdn.digitaloceanspaces.com/tpci/VIV/VIV_039_R_PT.png;https://limitlesstcg.com/cards/pt/VIV/39;baixado;
swsh4;swsh4-40;40;Cramorant;https://limitlesstcg.nyc3.cdn.digitaloceanspaces.com/tpci/VIV/VIV_040_R_PT.png;https://limitlesstcg.com/cards/pt/VIV/40;baixado;
swsh4;swsh4-41;41;Arrokuda;https://limitlesstcg.nyc3.cdn.digitaloceanspaces.com/tpci/VIV/VIV_041_R_PT.png;https://limitlesstcg.com/cards/pt/VIV/41;baixado;
swsh4;swsh4-42;42;Barraskewda;https://limitlesstcg.nyc3.cdn.digitaloceanspaces.com/tpci/VIV/VIV_042_R_PT.png;https://limitlesstcg.com/cards/pt/VIV/42;baixado;
swsh4;swsh4-43;43;Pikachu V;https://limitlesstcg.nyc3.cdn.digitaloceanspaces.com/tpci/VIV/VIV_043_R_PT.png;https://limitlesstcg.com/cards/pt/VIV/43;baixado;
swsh4;swsh4-44;44;Pikachu VMAX;https://limitlesstcg.nyc3.cdn.digitaloceanspaces.com/tpci/VIV/VIV_044_R_PT.png;https://limitlesstcg.com/cards/pt/VIV/44;baixado;
swsh4;swsh4-45;45;Voltorb;https://limitlesstcg.nyc3.cdn.digitaloceanspaces.com/tpci/VIV/VIV_045_R_PT.png;https://limitlesstcg.com/cards/pt/VIV/45;baixado;
swsh4;swsh4-46;46;Electrode;https://limitlesstcg.nyc3.cdn.digitaloceanspaces.com/tpci/VIV/VIV_046_R_PT.png;https://limitlesstcg.com/cards/pt/VIV/46;baixado;
swsh4;swsh4-47;47;Jolteon;https://limitlesstcg.nyc3.cdn.digitaloceanspaces.com/tpci/VIV/VIV_047_R_PT.png;https://limitlesstcg.com/cards/pt/VIV/47;baixado;
swsh4;swsh4-48;48;Zapdos;https://limitlesstcg.nyc3.cdn.digitaloceanspaces.com/tpci/VIV/VIV_048_R_PT.png;https://limitlesstcg.com/cards/pt/VIV/48;baixado;
swsh4;swsh4-49;49;Ampharos V;https://limitlesstcg.nyc3.cdn.digitaloceanspaces.com/tpci/VIV/VIV_049_R_PT.png;https://limitlesstcg.com/cards/pt/VIV/49;baixado;
swsh4;swsh4-50;50;Raikou;https://limitlesstcg.nyc3.cdn.digitaloceanspaces.com/tpci/VIV/VIV_050_R_PT.png;https://limitlesstcg.com/cards/pt/VIV/50;baixado;
swsh4;swsh4-51;51;Electrike;https://limitlesstcg.nyc3.cdn.digitaloceanspaces.com/tpci/VIV/VIV_051_R_PT.png;https://limitlesstcg.com/cards/pt/VIV/51;baixado;
swsh4;swsh4-52;52;Manectric;https://limitlesstcg.nyc3.cdn.digitaloceanspaces.com/tpci/VIV/VIV_052_R_PT.png;https://limitlesstcg.com/cards/pt/VIV/52;baixado;
swsh4;swsh4-53;53;Blitzle;https://limitlesstcg.nyc3.cdn.digitaloceanspaces.com/tpci/VIV/VIV_053_R_PT.png;https://limitlesstcg.com/cards/pt/VIV/53;baixado;
swsh4;swsh4-54;54;Zebstrika;https://limitlesstcg.nyc3.cdn.digitaloceanspaces.com/tpci/VIV/VIV_054_R_PT.png;https://limitlesstcg.com/cards/pt/VIV/54;baixado;
swsh4;swsh4-55;55;Joltik;https://limitlesstcg.nyc3.cdn.digitaloceanspaces.com/tpci/VIV/VIV_055_R_PT.png;https://limitlesstcg.com/cards/pt/VIV/55;baixado;
swsh4;swsh4-56;56;Galvantula;https://limitlesstcg.nyc3.cdn.digitaloceanspaces.com/tpci/VIV/VIV_056_R_PT.png;https://limitlesstcg.com/cards/pt/VIV/56;baixado;
swsh4;swsh4-57;57;Tynamo;https://limitlesstcg.nyc3.cdn.digitaloceanspaces.com/tpci/VIV/VIV_057_R_PT.png;https://limitlesstcg.com/cards/pt/VIV/57;baixado;
swsh4;swsh4-58;58;Eelektrik;https://limitlesstcg.nyc3.cdn.digitaloceanspaces.com/tpci/VIV/VIV_058_R_PT.png;https://limitlesstcg.com/cards/pt/VIV/58;baixado;
swsh4;swsh4-59;59;Eelektross;https://limitlesstcg.nyc3.cdn.digitaloceanspaces.com/tpci/VIV/VIV_059_R_PT.png;https://limitlesstcg.com/cards/pt/VIV/59;baixado;
swsh4;swsh4-60;60;Zekrom;https://limitlesstcg.nyc3.cdn.digitaloceanspaces.com/tpci/VIV/VIV_060_R_PT.png;https://limitlesstcg.com/cards/pt/VIV/60;baixado;
swsh4;swsh4-61;61;Zeraora;https://limitlesstcg.nyc3.cdn.digitaloceanspaces.com/tpci/VIV/VIV_061_R_PT.png;https://limitlesstcg.com/cards/pt/VIV/61;baixado;
swsh4;swsh4-62;62;Pincurchin;https://limitlesstcg.nyc3.cdn.digitaloceanspaces.com/tpci/VIV/VIV_062_R_PT.png;https://limitlesstcg.com/cards/pt/VIV/62;baixado;
swsh4;swsh4-63;63;Clefairy;https://limitlesstcg.nyc3.cdn.digitaloceanspaces.com/tpci/VIV/VIV_063_R_PT.png;https://limitlesstcg.com/cards/pt/VIV/63;baixado;
swsh4;swsh4-64;64;Clefable;https://limitlesstcg.nyc3.cdn.digitaloceanspaces.com/tpci/VIV/VIV_064_R_PT.png;https://limitlesstcg.com/cards/pt/VIV/64;baixado;
swsh4;swsh4-65;65;Girafarig;https://limitlesstcg.nyc3.cdn.digitaloceanspaces.com/tpci/VIV/VIV_065_R_PT.png;https://limitlesstcg.com/cards/pt/VIV/65;baixado;
swsh4;swsh4-66;66;Shedinja;https://limitlesstcg.nyc3.cdn.digitaloceanspaces.com/tpci/VIV/VIV_066_R_PT.png;https://limitlesstcg.com/cards/pt/VIV/66;baixado;
swsh4;swsh4-67;67;Shuppet;https://limitlesstcg.nyc3.cdn.digitaloceanspaces.com/tpci/VIV/VIV_067_R_PT.png;https://limitlesstcg.com/cards/pt/VIV/67;baixado;
swsh4;swsh4-68;68;Banette;https://limitlesstcg.nyc3.cdn.digitaloceanspaces.com/tpci/VIV/VIV_068_R_PT.png;https://limitlesstcg.com/cards/pt/VIV/68;baixado;
swsh4;swsh4-69;69;Duskull;https://limitlesstcg.nyc3.cdn.digitaloceanspaces.com/tpci/VIV/VIV_069_R_PT.png;https://limitlesstcg.com/cards/pt/VIV/69;baixado;
swsh4;swsh4-70;70;Dusclops;https://limitlesstcg.nyc3.cdn.digitaloceanspaces.com/tpci/VIV/VIV_070_R_PT.png;https://limitlesstcg.com/cards/pt/VIV/70;baixado;
swsh4;swsh4-71;71;Dusknoir;https://limitlesstcg.nyc3.cdn.digitaloceanspaces.com/tpci/VIV/VIV_071_R_PT.png;https://limitlesstcg.com/cards/pt/VIV/71;baixado;
swsh4;swsh4-72;72;Chimecho;https://limitlesstcg.nyc3.cdn.digitaloceanspaces.com/tpci/VIV/VIV_072_R_PT.png;https://limitlesstcg.com/cards/pt/VIV/72;baixado;
swsh4;swsh4-73;73;Woobat;https://limitlesstcg.nyc3.cdn.digitaloceanspaces.com/tpci/VIV/VIV_073_R_PT.png;https://limitlesstcg.com/cards/pt/VIV/73;baixado;
swsh4;swsh4-74;74;Swoobat;https://limitlesstcg.nyc3.cdn.digitaloceanspaces.com/tpci/VIV/VIV_074_R_PT.png;https://limitlesstcg.com/cards/pt/VIV/74;baixado;
swsh4;swsh4-75;75;Cottonee;https://limitlesstcg.nyc3.cdn.digitaloceanspaces.com/tpci/VIV/VIV_075_R_PT.png;https://limitlesstcg.com/cards/pt/VIV/75;baixado;
swsh4;swsh4-76;76;Whimsicott;https://limitlesstcg.nyc3.cdn.digitaloceanspaces.com/tpci/VIV/VIV_076_R_PT.png;https://limitlesstcg.com/cards/pt/VIV/76;baixado;
swsh4;swsh4-77;77;Dedenne;https://limitlesstcg.nyc3.cdn.digitaloceanspaces.com/tpci/VIV/VIV_077_R_PT.png;https://limitlesstcg.com/cards/pt/VIV/77;baixado;
swsh4;swsh4-78;78;Xerneas;https://limitlesstcg.nyc3.cdn.digitaloceanspaces.com/tpci/VIV/VIV_078_R_PT.png;https://limitlesstcg.com/cards/pt/VIV/78;baixado;
swsh4;swsh4-79;79;Diancie;https://limitlesstcg.nyc3.cdn.digitaloceanspaces.com/tpci/VIV/VIV_079_R_PT.png;https://limitlesstcg.com/cards/pt/VIV/79;baixado;
swsh4;swsh4-80;80;Milcery;https://limitlesstcg.nyc3.cdn.digitaloceanspaces.com/tpci/VIV/VIV_080_R_PT.png;https://limitlesstcg.com/cards/pt/VIV/80;baixado;
swsh4;swsh4-81;81;Alcremie;https://limitlesstcg.nyc3.cdn.digitaloceanspaces.com/tpci/VIV/VIV_081_R_PT.png;https://limitlesstcg.com/cards/pt/VIV/81;baixado;
swsh4;swsh4-82;82;Zacian;https://limitlesstcg.nyc3.cdn.digitaloceanspaces.com/tpci/VIV/VIV_082_R_PT.png;https://limitlesstcg.com/cards/pt/VIV/82;baixado;
swsh4;swsh4-83;83;Wooper;https://limitlesstcg.nyc3.cdn.digitaloceanspaces.com/tpci/VIV/VIV_083_R_PT.png;https://limitlesstcg.com/cards/pt/VIV/83;baixado;
swsh4;swsh4-84;84;Quagsire;https://limitlesstcg.nyc3.cdn.digitaloceanspaces.com/tpci/VIV/VIV_084_R_PT.png;https://limitlesstcg.com/cards/pt/VIV/84;baixado;
swsh4;swsh4-85;85;Shuckle;https://limitlesstcg.nyc3.cdn.digitaloceanspaces.com/tpci/VIV/VIV_085_R_PT.png;https://limitlesstcg.com/cards/pt/VIV/85;baixado;
swsh4;swsh4-86;86;Phanpy;https://limitlesstcg.nyc3.cdn.digitaloceanspaces.com/tpci/VIV/VIV_086_R_PT.png;https://limitlesstcg.com/cards/pt/VIV/86;baixado;
swsh4;swsh4-87;87;Donphan;https://limitlesstcg.nyc3.cdn.digitaloceanspaces.com/tpci/VIV/VIV_087_R_PT.png;https://limitlesstcg.com/cards/pt/VIV/87;baixado;
swsh4;swsh4-88;88;Hitmontop;https://limitlesstcg.nyc3.cdn.digitaloceanspaces.com/tpci/VIV/VIV_088_R_PT.png;https://limitlesstcg.com/cards/pt/VIV/88;baixado;
swsh4;swsh4-89;89;Regirock;https://limitlesstcg.nyc3.cdn.digitaloceanspaces.com/tpci/VIV/VIV_089_R_PT.png;https://limitlesstcg.com/cards/pt/VIV/89;baixado;
swsh4;swsh4-90;90;Riolu;https://limitlesstcg.nyc3.cdn.digitaloceanspaces.com/tpci/VIV/VIV_090_R_PT.png;https://limitlesstcg.com/cards/pt/VIV/90;baixado;
swsh4;swsh4-91;91;Drilbur;https://limitlesstcg.nyc3.cdn.digitaloceanspaces.com/tpci/VIV/VIV_091_R_PT.png;https://limitlesstcg.com/cards/pt/VIV/91;baixado;
swsh4;swsh4-92;92;Terrakion;https://limitlesstcg.nyc3.cdn.digitaloceanspaces.com/tpci/VIV/VIV_092_R_PT.png;https://limitlesstcg.com/cards/pt/VIV/92;baixado;
swsh4;swsh4-93;93;Zygarde;https://limitlesstcg.nyc3.cdn.digitaloceanspaces.com/tpci/VIV/VIV_093_R_PT.png;https://limitlesstcg.com/cards/pt/VIV/93;baixado;
swsh4;swsh4-94;94;Rockruff;https://limitlesstcg.nyc3.cdn.digitaloceanspaces.com/tpci/VIV/VIV_094_R_PT.png;https://limitlesstcg.com/cards/pt/VIV/94;baixado;
swsh4;swsh4-95;95;Lycanroc;https://limitlesstcg.nyc3.cdn.digitaloceanspaces.com/tpci/VIV/VIV_095_R_PT.png;https://limitlesstcg.com/cards/pt/VIV/95;baixado;
swsh4;swsh4-96;96;Mudbray;https://limitlesstcg.nyc3.cdn.digitaloceanspaces.com/tpci/VIV/VIV_096_R_PT.png;https://limitlesstcg.com/cards/pt/VIV/96;baixado;
swsh4;swsh4-97;97;Mudsdale;https://limitlesstcg.nyc3.cdn.digitaloceanspaces.com/tpci/VIV/VIV_097_R_PT.png;https://limitlesstcg.com/cards/pt/VIV/97;baixado;
swsh4;swsh4-98;98;Coalossal V;https://limitlesstcg.nyc3.cdn.digitaloceanspaces.com/tpci/VIV/VIV_098_R_PT.png;https://limitlesstcg.com/cards/pt/VIV/98;baixado;
swsh4;swsh4-99;99;Coalossal VMAX;https://limitlesstcg.nyc3.cdn.digitaloceanspaces.com/tpci/VIV/VIV_099_R_PT.png;https://limitlesstcg.com/cards/pt/VIV/99;baixado;
swsh4;swsh4-100;100;Clobbopus;https://limitlesstcg.nyc3.cdn.digitaloceanspaces.com/tpci/VIV/VIV_100_R_PT.png;https://limitlesstcg.com/cards/pt/VIV/100;baixado;
swsh4;swsh4-101;101;Grapploct;https://limitlesstcg.nyc3.cdn.digitaloceanspaces.com/tpci/VIV/VIV_101_R_PT.png;https://limitlesstcg.com/cards/pt/VIV/101;baixado;
swsh4;swsh4-102;102;Zamazenta;https://limitlesstcg.nyc3.cdn.digitaloceanspaces.com/tpci/VIV/VIV_102_R_PT.png;https://limitlesstcg.com/cards/pt/VIV/102;baixado;
swsh4;swsh4-103;103;Poochyena;https://limitlesstcg.nyc3.cdn.digitaloceanspaces.com/tpci/VIV/VIV_103_R_PT.png;https://limitlesstcg.com/cards/pt/VIV/103;baixado;
swsh4;swsh4-104;104;Mightyena;https://limitlesstcg.nyc3.cdn.digitaloceanspaces.com/tpci/VIV/VIV_104_R_PT.png;https://limitlesstcg.com/cards/pt/VIV/104;baixado;
swsh4;swsh4-105;105;Sableye;https://limitlesstcg.nyc3.cdn.digitaloceanspaces.com/tpci/VIV/VIV_105_R_PT.png;https://limitlesstcg.com/cards/pt/VIV/105;baixado;
swsh4;swsh4-106;106;Drapion V;https://limitlesstcg.nyc3.cdn.digitaloceanspaces.com/tpci/VIV/VIV_106_R_PT.png;https://limitlesstcg.com/cards/pt/VIV/106;baixado;
swsh4;swsh4-107;107;Sandile;https://limitlesstcg.nyc3.cdn.digitaloceanspaces.com/tpci/VIV/VIV_107_R_PT.png;https://limitlesstcg.com/cards/pt/VIV/107;baixado;
swsh4;swsh4-108;108;Krokorok;https://limitlesstcg.nyc3.cdn.digitaloceanspaces.com/tpci/VIV/VIV_108_R_PT.png;https://limitlesstcg.com/cards/pt/VIV/108;baixado;
swsh4;swsh4-109;109;Krookodile;https://limitlesstcg.nyc3.cdn.digitaloceanspaces.com/tpci/VIV/VIV_109_R_PT.png;https://limitlesstcg.com/cards/pt/VIV/109;baixado;
swsh4;swsh4-110;110;Trubbish;https://limitlesstcg.nyc3.cdn.digitaloceanspaces.com/tpci/VIV/VIV_110_R_PT.png;https://limitlesstcg.com/cards/pt/VIV/110;baixado;
swsh4;swsh4-111;111;Garbodor;https://limitlesstcg.nyc3.cdn.digitaloceanspaces.com/tpci/VIV/VIV_111_R_PT.png;https://limitlesstcg.com/cards/pt/VIV/111;baixado;
swsh4;swsh4-112;112;Meowth de Galar;https://limitlesstcg.nyc3.cdn.digitaloceanspaces.com/tpci/VIV/VIV_112_R_PT.png;https://limitlesstcg.com/cards/pt/VIV/112;baixado;
swsh4;swsh4-113;113;Perrserker de Galar;https://limitlesstcg.nyc3.cdn.digitaloceanspaces.com/tpci/VIV/VIV_113_R_PT.png;https://limitlesstcg.com/cards/pt/VIV/113;baixado;
swsh4;swsh4-114;114;Forretress;https://limitlesstcg.nyc3.cdn.digitaloceanspaces.com/tpci/VIV/VIV_114_R_PT.png;https://limitlesstcg.com/cards/pt/VIV/114;baixado;
swsh4;swsh4-115;115;Steelix V;https://limitlesstcg.nyc3.cdn.digitaloceanspaces.com/tpci/VIV/VIV_115_R_PT.png;https://limitlesstcg.com/cards/pt/VIV/115;baixado;
swsh4;swsh4-116;116;Beldum;https://limitlesstcg.nyc3.cdn.digitaloceanspaces.com/tpci/VIV/VIV_116_R_PT.png;https://limitlesstcg.com/cards/pt/VIV/116;baixado;
swsh4;swsh4-117;117;Metang;https://limitlesstcg.nyc3.cdn.digitaloceanspaces.com/tpci/VIV/VIV_117_R_PT.png;https://limitlesstcg.com/cards/pt/VIV/117;baixado;
swsh4;swsh4-118;118;Metagross;https://limitlesstcg.nyc3.cdn.digitaloceanspaces.com/tpci/VIV/VIV_118_R_PT.png;https://limitlesstcg.com/cards/pt/VIV/118;baixado;
swsh4;swsh4-119;119;Jirachi;https://limitlesstcg.nyc3.cdn.digitaloceanspaces.com/tpci/VIV/VIV_119_R_PT.png;https://limitlesstcg.com/cards/pt/VIV/119;baixado;
swsh4;swsh4-120;120;Lucario;https://limitlesstcg.nyc3.cdn.digitaloceanspaces.com/tpci/VIV/VIV_120_R_PT.png;https://limitlesstcg.com/cards/pt/VIV/120;baixado;
swsh4;swsh4-121;121;Dialga;https://limitlesstcg.nyc3.cdn.digitaloceanspaces.com/tpci/VIV/VIV_121_R_PT.png;https://limitlesstcg.com/cards/pt/VIV/121;baixado;
swsh4;swsh4-122;122;Excadrill;https://limitlesstcg.nyc3.cdn.digitaloceanspaces.com/tpci/VIV/VIV_122_R_PT.png;https://limitlesstcg.com/cards/pt/VIV/122;baixado;
swsh4;swsh4-123;123;Ferroseed;https://limitlesstcg.nyc3.cdn.digitaloceanspaces.com/tpci/VIV/VIV_123_R_PT.png;https://limitlesstcg.com/cards/pt/VIV/123;baixado;
swsh4;swsh4-124;124;Ferrothorn;https://limitlesstcg.nyc3.cdn.digitaloceanspaces.com/tpci/VIV/VIV_124_R_PT.png;https://limitlesstcg.com/cards/pt/VIV/124;baixado;
swsh4;swsh4-125;125;Stunfisk de Galar;https://limitlesstcg.nyc3.cdn.digitaloceanspaces.com/tpci/VIV/VIV_125_R_PT.png;https://limitlesstcg.com/cards/pt/VIV/125;baixado;
swsh4;swsh4-126;126;Aegislash V;https://limitlesstcg.nyc3.cdn.digitaloceanspaces.com/tpci/VIV/VIV_126_R_PT.png;https://limitlesstcg.com/cards/pt/VIV/126;baixado;
swsh4;swsh4-127;127;Aegislash VMAX;https://limitlesstcg.nyc3.cdn.digitaloceanspaces.com/tpci/VIV/VIV_127_R_PT.png;https://limitlesstcg.com/cards/pt/VIV/127;baixado;
swsh4;swsh4-128;128;Magearna;https://limitlesstcg.nyc3.cdn.digitaloceanspaces.com/tpci/VIV/VIV_128_R_PT.png;https://limitlesstcg.com/cards/pt/VIV/128;baixado;
swsh4;swsh4-129;129;Duraludon;https://limitlesstcg.nyc3.cdn.digitaloceanspaces.com/tpci/VIV/VIV_129_R_PT.png;https://limitlesstcg.com/cards/pt/VIV/129;baixado;
swsh4;swsh4-130;130;Eevee;https://limitlesstcg.nyc3.cdn.digitaloceanspaces.com/tpci/VIV/VIV_130_R_PT.png;https://limitlesstcg.com/cards/pt/VIV/130;baixado;
swsh4;swsh4-131;131;Snorlax;https://limitlesstcg.nyc3.cdn.digitaloceanspaces.com/tpci/VIV/VIV_131_R_PT.png;https://limitlesstcg.com/cards/pt/VIV/131;baixado;
swsh4;swsh4-132;132;Lugia;https://limitlesstcg.nyc3.cdn.digitaloceanspaces.com/tpci/VIV/VIV_132_R_PT.png;https://limitlesstcg.com/cards/pt/VIV/132;baixado;
swsh4;swsh4-133;133;Taillow;https://limitlesstcg.nyc3.cdn.digitaloceanspaces.com/tpci/VIV/VIV_133_R_PT.png;https://limitlesstcg.com/cards/pt/VIV/133;baixado;
swsh4;swsh4-134;134;Swellow;https://limitlesstcg.nyc3.cdn.digitaloceanspaces.com/tpci/VIV/VIV_134_R_PT.png;https://limitlesstcg.com/cards/pt/VIV/134;baixado;
swsh4;swsh4-135;135;Whismur;https://limitlesstcg.nyc3.cdn.digitaloceanspaces.com/tpci/VIV/VIV_135_R_PT.png;https://limitlesstcg.com/cards/pt/VIV/135;baixado;
swsh4;swsh4-136;136;Loudred;https://limitlesstcg.nyc3.cdn.digitaloceanspaces.com/tpci/VIV/VIV_136_R_PT.png;https://limitlesstcg.com/cards/pt/VIV/136;baixado;
swsh4;swsh4-137;137;Exploud;https://limitlesstcg.nyc3.cdn.digitaloceanspaces.com/tpci/VIV/VIV_137_R_PT.png;https://limitlesstcg.com/cards/pt/VIV/137;baixado;
swsh4;swsh4-138;138;Rayquaza;https://limitlesstcg.nyc3.cdn.digitaloceanspaces.com/tpci/VIV/VIV_138_R_PT.png;https://limitlesstcg.com/cards/pt/VIV/138;baixado;
swsh4;swsh4-139;139;Chatot;https://limitlesstcg.nyc3.cdn.digitaloceanspaces.com/tpci/VIV/VIV_139_R_PT.png;https://limitlesstcg.com/cards/pt/VIV/139;baixado;
swsh4;swsh4-140;140;Togekiss V;https://limitlesstcg.nyc3.cdn.digitaloceanspaces.com/tpci/VIV/VIV_140_R_PT.png;https://limitlesstcg.com/cards/pt/VIV/140;baixado;
swsh4;swsh4-141;141;Togekiss VMAX;https://limitlesstcg.nyc3.cdn.digitaloceanspaces.com/tpci/VIV/VIV_141_R_PT.png;https://limitlesstcg.com/cards/pt/VIV/141;baixado;
swsh4;swsh4-142;142;Tornadus;https://limitlesstcg.nyc3.cdn.digitaloceanspaces.com/tpci/VIV/VIV_142_R_PT.png;https://limitlesstcg.com/cards/pt/VIV/142;baixado;
swsh4;swsh4-143;143;Pikipek;https://limitlesstcg.nyc3.cdn.digitaloceanspaces.com/tpci/VIV/VIV_143_R_PT.png;https://limitlesstcg.com/cards/pt/VIV/143;baixado;
swsh4;swsh4-144;144;Trumbeak;https://limitlesstcg.nyc3.cdn.digitaloceanspaces.com/tpci/VIV/VIV_144_R_PT.png;https://limitlesstcg.com/cards/pt/VIV/144;baixado;
swsh4;swsh4-145;145;Toucannon;https://limitlesstcg.nyc3.cdn.digitaloceanspaces.com/tpci/VIV/VIV_145_R_PT.png;https://limitlesstcg.com/cards/pt/VIV/145;baixado;
swsh4;swsh4-146;146;Allister;https://limitlesstcg.nyc3.cdn.digitaloceanspaces.com/tpci/VIV/VIV_146_R_PT.png;https://limitlesstcg.com/cards/pt/VIV/146;baixado;
swsh4;swsh4-147;147;Bia;https://limitlesstcg.nyc3.cdn.digitaloceanspaces.com/tpci/VIV/VIV_147_R_PT.png;https://limitlesstcg.com/cards/pt/VIV/147;baixado;
swsh4;swsh4-148;148;Modelo;https://limitlesstcg.nyc3.cdn.digitaloceanspaces.com/tpci/VIV/VIV_148_R_PT.png;https://limitlesstcg.com/cards/pt/VIV/148;baixado;
swsh4;swsh4-149;149;Clara Petra;https://limitlesstcg.nyc3.cdn.digitaloceanspaces.com/tpci/VIV/VIV_149_R_PT.png;https://limitlesstcg.com/cards/pt/VIV/149;baixado;
swsh4;swsh4-150;150;Banho de Circhester;https://limitlesstcg.nyc3.cdn.digitaloceanspaces.com/tpci/VIV/VIV_150_R_PT.png;https://limitlesstcg.com/cards/pt/VIV/150;baixado;
swsh4;swsh4-151;151;Drone Rotom;https://limitlesstcg.nyc3.cdn.digitaloceanspaces.com/tpci/VIV/VIV_151_R_PT.png;https://limitlesstcg.com/cards/pt/VIV/151;baixado;
swsh4;swsh4-152;152;Medalha do Herói;https://limitlesstcg.nyc3.cdn.digitaloceanspaces.com/tpci/VIV/VIV_152_R_PT.png;https://limitlesstcg.com/cards/pt/VIV/152;baixado;
swsh4;swsh4-153;153;Staff da Liga;https://limitlesstcg.nyc3.cdn.digitaloceanspaces.com/tpci/VIV/VIV_153_R_PT.png;https://limitlesstcg.com/cards/pt/VIV/153;baixado;
swsh4;swsh4-154;154;Leon;https://limitlesstcg.nyc3.cdn.digitaloceanspaces.com/tpci/VIV/VIV_154_R_PT.png;https://limitlesstcg.com/cards/pt/VIV/154;baixado;
swsh4;swsh4-155;155;Cápsula de Memória;https://limitlesstcg.nyc3.cdn.digitaloceanspaces.com/tpci/VIV/VIV_155_R_PT.png;https://limitlesstcg.com/cards/pt/VIV/155;baixado;
swsh4;swsh4-156;156;Queijo de Moomoo;https://limitlesstcg.nyc3.cdn.digitaloceanspaces.com/tpci/VIV/VIV_156_R_PT.png;https://limitlesstcg.com/cards/pt/VIV/156;baixado;
swsh4;swsh4-157;157;Vanessa;https://limitlesstcg.nyc3.cdn.digitaloceanspaces.com/tpci/VIV/VIV_157_R_PT.png;https://limitlesstcg.com/cards/pt/VIV/157;baixado;
swsh4;swsh4-158;158;Alba;https://limitlesstcg.nyc3.cdn.digitaloceanspaces.com/tpci/VIV/VIV_158_R_PT.png;https://limitlesstcg.com/cards/pt/VIV/158;baixado;
swsh4;swsh4-159;159;Capacete de Pedra;https://limitlesstcg.nyc3.cdn.digitaloceanspaces.com/tpci/VIV/VIV_159_R_PT.png;https://limitlesstcg.com/cards/pt/VIV/159;baixado;
swsh4;swsh4-160;160;Visão Telescópica;https://limitlesstcg.nyc3.cdn.digitaloceanspaces.com/tpci/VIV/VIV_160_R_PT.png;https://limitlesstcg.com/cards/pt/VIV/160;baixado;
swsh4;swsh4-161;161;Estádio de Wyndon;https://limitlesstcg.nyc3.cdn.digitaloceanspaces.com/tpci/VIV/VIV_161_R_PT.png;https://limitlesstcg.com/cards/pt/VIV/161;baixado;
swsh4;swsh4-162;162;Energia Grass Aromática;https://limitlesstcg.nyc3.cdn.digitaloceanspaces.com/tpci/VIV/VIV_162_R_PT.png;https://limitlesstcg.com/cards/pt/VIV/162;baixado;
swsh4;swsh4-163;163;Energia Metal Revestida;https://limitlesstcg.nyc3.cdn.digitaloceanspaces.com/tpci/VIV/VIV_163_R_PT.png;https://limitlesstcg.com/cards/pt/VIV/163;baixado;
swsh4;swsh4-164;164;Energia Fighting Pétrea;https://limitlesstcg.nyc3.cdn.digitaloceanspaces.com/tpci/VIV/VIV_164_R_PT.png;https://limitlesstcg.com/cards/pt/VIV/164;baixado;
swsh4;swsh4-165;165;Energia Water Banhada;https://limitlesstcg.nyc3.cdn.digitaloceanspaces.com/tpci/VIV/VIV_165_R_PT.png;https://limitlesstcg.com/cards/pt/VIV/165;baixado;
swsh4;swsh4-166;166;Orbeetle V;https://limitlesstcg.nyc3.cdn.digitaloceanspaces.com/tpci/VIV/VIV_166_R_PT.png;https://limitlesstcg.com/cards/pt/VIV/166;baixado;
swsh4;swsh4-167;167;Zarude V;https://limitlesstcg.nyc3.cdn.digitaloceanspaces.com/tpci/VIV/VIV_167_R_PT.png;https://limitlesstcg.com/cards/pt/VIV/167;baixado;
swsh4;swsh4-168;168;Talonflame V;https://limitlesstcg.nyc3.cdn.digitaloceanspaces.com/tpci/VIV/VIV_168_R_PT.png;https://limitlesstcg.com/cards/pt/VIV/168;baixado;
swsh4;swsh4-169;169;Darmanitan de Galar V;https://limitlesstcg.nyc3.cdn.digitaloceanspaces.com/tpci/VIV/VIV_169_R_PT.png;https://limitlesstcg.com/cards/pt/VIV/169;baixado;
swsh4;swsh4-170;170;Pikachu V;https://limitlesstcg.nyc3.cdn.digitaloceanspaces.com/tpci/VIV/VIV_170_R_PT.png;https://limitlesstcg.com/cards/pt/VIV/170;baixado;
swsh4;swsh4-171;171;Ampharos V;https://limitlesstcg.nyc3.cdn.digitaloceanspaces.com/tpci/VIV/VIV_171_R_PT.png;https://limitlesstcg.com/cards/pt/VIV/171;baixado;
swsh4;swsh4-172;172;Alakazam V;https://limitlesstcg.nyc3.cdn.digitaloceanspaces.com/tpci/VIV/VIV_172_R_PT.png;https://limitlesstcg.com/cards/pt/VIV/172;baixado;
swsh4;swsh4-173;173;Coalossal V;https://limitlesstcg.nyc3.cdn.digitaloceanspaces.com/tpci/VIV/VIV_173_R_PT.png;https://limitlesstcg.com/cards/pt/VIV/173;baixado;
swsh4;swsh4-174;174;Sirfetch'd de Galar V;https://limitlesstcg.nyc3.cdn.digitaloceanspaces.com/tpci/VIV/VIV_174_R_PT.png;https://limitlesstcg.com/cards/pt/VIV/174;baixado;
swsh4;swsh4-175;175;Drapion V;https://limitlesstcg.nyc3.cdn.digitaloceanspaces.com/tpci/VIV/VIV_175_R_PT.png;https://limitlesstcg.com/cards/pt/VIV/175;baixado;
swsh4;swsh4-176;176;Steelix V;https://limitlesstcg.nyc3.cdn.digitaloceanspaces.com/tpci/VIV/VIV_176_R_PT.png;https://limitlesstcg.com/cards/pt/VIV/176;baixado;
swsh4;swsh4-177;177;Aegislash V;https://limitlesstcg.nyc3.cdn.digitaloceanspaces.com/tpci/VIV/VIV_177_R_PT.png;https://limitlesstcg.com/cards/pt/VIV/177;baixado;
swsh4;swsh4-178;178;Togekiss V;https://limitlesstcg.nyc3.cdn.digitaloceanspaces.com/tpci/VIV/VIV_178_R_PT.png;https://limitlesstcg.com/cards/pt/VIV/178;baixado;
swsh4;swsh4-179;179;Allister;https://limitlesstcg.nyc3.cdn.digitaloceanspaces.com/tpci/VIV/VIV_179_R_PT.png;https://limitlesstcg.com/cards/pt/VIV/179;baixado;
swsh4;swsh4-180;180;Bia;https://limitlesstcg.nyc3.cdn.digitaloceanspaces.com/tpci/VIV/VIV_180_R_PT.png;https://limitlesstcg.com/cards/pt/VIV/180;baixado;
swsh4;swsh4-181;181;Modelo;https://limitlesstcg.nyc3.cdn.digitaloceanspaces.com/tpci/VIV/VIV_181_R_PT.png;https://limitlesstcg.com/cards/pt/VIV/181;baixado;
swsh4;swsh4-182;182;Leon;https://limitlesstcg.nyc3.cdn.digitaloceanspaces.com/tpci/VIV/VIV_182_R_PT.png;https://limitlesstcg.com/cards/pt/VIV/182;baixado;
swsh4;swsh4-183;183;Vanessa;https://limitlesstcg.nyc3.cdn.digitaloceanspaces.com/tpci/VIV/VIV_183_R_PT.png;https://limitlesstcg.com/cards/pt/VIV/183;baixado;
swsh4;swsh4-184;184;Alba;https://limitlesstcg.nyc3.cdn.digitaloceanspaces.com/tpci/VIV/VIV_184_R_PT.png;https://limitlesstcg.com/cards/pt/VIV/184;baixado;
swsh4;swsh4-185;185;Dama do Centro Pokémon;https://limitlesstcg.nyc3.cdn.digitaloceanspaces.com/tpci/VIV/VIV_185_R_PT.png;https://limitlesstcg.com/cards/pt/VIV/185;baixado;
swsh4;swsh4-186;186;Orbeetle VMAX;https://limitlesstcg.nyc3.cdn.digitaloceanspaces.com/tpci/VIV/VIV_186_R_PT.png;https://limitlesstcg.com/cards/pt/VIV/186;baixado;
swsh4;swsh4-187;187;Darmanitan de Galar VMAX;https://limitlesstcg.nyc3.cdn.digitaloceanspaces.com/tpci/VIV/VIV_187_R_PT.png;https://limitlesstcg.com/cards/pt/VIV/187;baixado;
swsh4;swsh4-188;188;Pikachu VMAX;https://limitlesstcg.nyc3.cdn.digitaloceanspaces.com/tpci/VIV/VIV_188_R_PT.png;https://limitlesstcg.com/cards/pt/VIV/188;baixado;
swsh4;swsh4-189;189;Coalossal VMAX;https://limitlesstcg.nyc3.cdn.digitaloceanspaces.com/tpci/VIV/VIV_189_R_PT.png;https://limitlesstcg.com/cards/pt/VIV/189;baixado;
swsh4;swsh4-190;190;Aegislash VMAX;https://limitlesstcg.nyc3.cdn.digitaloceanspaces.com/tpci/VIV/VIV_190_R_PT.png;https://limitlesstcg.com/cards/pt/VIV/190;baixado;
swsh4;swsh4-191;191;Togekiss VMAX;https://limitlesstcg.nyc3.cdn.digitaloceanspaces.com/tpci/VIV/VIV_191_R_PT.png;https://limitlesstcg.com/cards/pt/VIV/191;baixado;
swsh4;swsh4-192;192;Allister;https://limitlesstcg.nyc3.cdn.digitaloceanspaces.com/tpci/VIV/VIV_192_R_PT.png;https://limitlesstcg.com/cards/pt/VIV/192;baixado;
swsh4;swsh4-193;193;Bia;https://limitlesstcg.nyc3.cdn.digitaloceanspaces.com/tpci/VIV/VIV_193_R_PT.png;https://limitlesstcg.com/cards/pt/VIV/193;baixado;
swsh4;swsh4-194;194;Modelo;https://limitlesstcg.nyc3.cdn.digitaloceanspaces.com/tpci/VIV/VIV_194_R_PT.png;https://limitlesstcg.com/cards/pt/VIV/194;baixado;
swsh4;swsh4-195;195;Leon;https://limitlesstcg.nyc3.cdn.digitaloceanspaces.com/tpci/VIV/VIV_195_R_PT.png;https://limitlesstcg.com/cards/pt/VIV/195;baixado;
swsh4;swsh4-196;196;Vanessa;https://limitlesstcg.nyc3.cdn.digitaloceanspaces.com/tpci/VIV/VIV_196_R_PT.png;https://limitlesstcg.com/cards/pt/VIV/196;baixado;
swsh4;swsh4-197;197;Alba;https://limitlesstcg.nyc3.cdn.digitaloceanspaces.com/tpci/VIV/VIV_197_R_PT.png;https://limitlesstcg.com/cards/pt/VIV/197;baixado;
swsh4;swsh4-198;198;Obstagoon de Galar;https://limitlesstcg.nyc3.cdn.digitaloceanspaces.com/tpci/VIV/VIV_198_R_PT.png;https://limitlesstcg.com/cards/pt/VIV/198;baixado;
swsh4;swsh4-199;199;Oranguru;https://limitlesstcg.nyc3.cdn.digitaloceanspaces.com/tpci/VIV/VIV_199_R_PT.png;https://limitlesstcg.com/cards/pt/VIV/199;baixado;
swsh4;swsh4-200;200;Capa da Determinação;https://limitlesstcg.nyc3.cdn.digitaloceanspaces.com/tpci/VIV/VIV_200_R_PT.png;https://limitlesstcg.com/cards/pt/VIV/200;baixado;
swsh4;swsh4-201;201;Medalha do Herói;https://limitlesstcg.nyc3.cdn.digitaloceanspaces.com/tpci/VIV/VIV_201_R_PT.png;https://limitlesstcg.com/cards/pt/VIV/201;baixado;
swsh4;swsh4-202;202;Cápsula de Memória;https://limitlesstcg.nyc3.cdn.digitaloceanspaces.com/tpci/VIV/VIV_202_R_PT.png;https://limitlesstcg.com/cards/pt/VIV/202;baixado;
swsh4;swsh4-203;203;Visão Telescópica;https://limitlesstcg.nyc3.cdn.digitaloceanspaces.com/tpci/VIV/VIV_203_R_PT.png;https://limitlesstcg.com/cards/pt/VIV/203;baixado;
swsh4.5sv;swsh4.5sv-SV001;SV001;Rowlet;https://limitlesstcg.nyc3.cdn.digitaloceanspaces.com/tpci/SHF/SHF_SV1_R_PT.png;https://limitlesstcg.com/cards/pt/SHF/SV1;baixado;
swsh4.5sv;swsh4.5sv-SV002;SV002;Dartrix;https://limitlesstcg.nyc3.cdn.digitaloceanspaces.com/tpci/SHF/SHF_SV2_R_PT.png;https://limitlesstcg.com/cards/pt/SHF/SV2;baixado;
swsh4.5sv;swsh4.5sv-SV003;SV003;Decidueye;https://limitlesstcg.nyc3.cdn.digitaloceanspaces.com/tpci/SHF/SHF_SV3_R_PT.png;https://limitlesstcg.com/cards/pt/SHF/SV3;baixado;
swsh4.5sv;swsh4.5sv-SV004;SV004;Grookey;https://limitlesstcg.nyc3.cdn.digitaloceanspaces.com/tpci/SHF/SHF_SV4_R_PT.png;https://limitlesstcg.com/cards/pt/SHF/SV4;baixado;
swsh4.5sv;swsh4.5sv-SV005;SV005;Thwackey;https://limitlesstcg.nyc3.cdn.digitaloceanspaces.com/tpci/SHF/SHF_SV5_R_PT.png;https://limitlesstcg.com/cards/pt/SHF/SV5;baixado;
swsh4.5sv;swsh4.5sv-SV006;SV006;Rillaboom;https://limitlesstcg.nyc3.cdn.digitaloceanspaces.com/tpci/SHF/SHF_SV6_R_PT.png;https://limitlesstcg.com/cards/pt/SHF/SV6;baixado;
swsh4.5sv;swsh4.5sv-SV007;SV007;Blipbug;https://limitlesstcg.nyc3.cdn.digitaloceanspaces.com/tpci/SHF/SHF_SV7_R_PT.png;https://limitlesstcg.com/cards/pt/SHF/SV7;baixado;
swsh4.5sv;swsh4.5sv-SV008;SV008;Dottler;https://limitlesstcg.nyc3.cdn.digitaloceanspaces.com/tpci/SHF/SHF_SV8_R_PT.png;https://limitlesstcg.com/cards/pt/SHF/SV8;baixado;
swsh4.5sv;swsh4.5sv-SV009;SV009;Orbeetle;https://limitlesstcg.nyc3.cdn.digitaloceanspaces.com/tpci/SHF/SHF_SV9_R_PT.png;https://limitlesstcg.com/cards/pt/SHF/SV9;baixado;
swsh4.5sv;swsh4.5sv-SV010;SV010;Gossifleur;https://limitlesstcg.nyc3.cdn.digitaloceanspaces.com/tpci/SHF/SHF_SV10_R_PT.png;https://limitlesstcg.com/cards/pt/SHF/SV10;baixado;
swsh4.5sv;swsh4.5sv-SV011;SV011;Eldegoss;https://limitlesstcg.nyc3.cdn.digitaloceanspaces.com/tpci/SHF/SHF_SV11_R_PT.png;https://limitlesstcg.com/cards/pt/SHF/SV11;baixado;
swsh4.5sv;swsh4.5sv-SV012;SV012;Applin;https://limitlesstcg.nyc3.cdn.digitaloceanspaces.com/tpci/SHF/SHF_SV12_R_PT.png;https://limitlesstcg.com/cards/pt/SHF/SV12;baixado;
swsh4.5sv;swsh4.5sv-SV013;SV013;Flapple;https://limitlesstcg.nyc3.cdn.digitaloceanspaces.com/tpci/SHF/SHF_SV13_R_PT.png;https://limitlesstcg.com/cards/pt/SHF/SV13;baixado;
swsh4.5sv;swsh4.5sv-SV014;SV014;Appletun;https://limitlesstcg.nyc3.cdn.digitaloceanspaces.com/tpci/SHF/SHF_SV14_R_PT.png;https://limitlesstcg.com/cards/pt/SHF/SV14;baixado;
swsh4.5sv;swsh4.5sv-SV015;SV015;Scorbunny;https://limitlesstcg.nyc3.cdn.digitaloceanspaces.com/tpci/SHF/SHF_SV15_R_PT.png;https://limitlesstcg.com/cards/pt/SHF/SV15;baixado;
swsh4.5sv;swsh4.5sv-SV016;SV016;Raboot;https://limitlesstcg.nyc3.cdn.digitaloceanspaces.com/tpci/SHF/SHF_SV16_R_PT.png;https://limitlesstcg.com/cards/pt/SHF/SV16;baixado;
swsh4.5sv;swsh4.5sv-SV017;SV017;Cinderace;https://limitlesstcg.nyc3.cdn.digitaloceanspaces.com/tpci/SHF/SHF_SV17_R_PT.png;https://limitlesstcg.com/cards/pt/SHF/SV17;baixado;
swsh4.5sv;swsh4.5sv-SV018;SV018;Sizzlipede;https://limitlesstcg.nyc3.cdn.digitaloceanspaces.com/tpci/SHF/SHF_SV18_R_PT.png;https://limitlesstcg.com/cards/pt/SHF/SV18;baixado;
swsh4.5sv;swsh4.5sv-SV019;SV019;Centiskorch;https://limitlesstcg.nyc3.cdn.digitaloceanspaces.com/tpci/SHF/SHF_SV19_R_PT.png;https://limitlesstcg.com/cards/pt/SHF/SV19;baixado;
swsh4.5sv;swsh4.5sv-SV020;SV020;Mr. Mime de Galar;https://limitlesstcg.nyc3.cdn.digitaloceanspaces.com/tpci/SHF/SHF_SV20_R_PT.png;https://limitlesstcg.com/cards/pt/SHF/SV20;baixado;
swsh4.5sv;swsh4.5sv-SV021;SV021;Mr. Rime de Galar;https://limitlesstcg.nyc3.cdn.digitaloceanspaces.com/tpci/SHF/SHF_SV21_R_PT.png;https://limitlesstcg.com/cards/pt/SHF/SV21;baixado;
swsh4.5sv;swsh4.5sv-SV022;SV022;Suicune;https://limitlesstcg.nyc3.cdn.digitaloceanspaces.com/tpci/SHF/SHF_SV22_R_PT.png;https://limitlesstcg.com/cards/pt/SHF/SV22;baixado;
swsh4.5sv;swsh4.5sv-SV023;SV023;Darumaka de Galar;https://limitlesstcg.nyc3.cdn.digitaloceanspaces.com/tpci/SHF/SHF_SV23_R_PT.png;https://limitlesstcg.com/cards/pt/SHF/SV23;baixado;
swsh4.5sv;swsh4.5sv-SV024;SV024;Darmanitan de Galar;https://limitlesstcg.nyc3.cdn.digitaloceanspaces.com/tpci/SHF/SHF_SV24_R_PT.png;https://limitlesstcg.com/cards/pt/SHF/SV24;baixado;
swsh4.5sv;swsh4.5sv-SV025;SV025;Sobble;https://limitlesstcg.nyc3.cdn.digitaloceanspaces.com/tpci/SHF/SHF_SV25_R_PT.png;https://limitlesstcg.com/cards/pt/SHF/SV25;baixado;
swsh4.5sv;swsh4.5sv-SV026;SV026;Drizzile;https://limitlesstcg.nyc3.cdn.digitaloceanspaces.com/tpci/SHF/SHF_SV26_R_PT.png;https://limitlesstcg.com/cards/pt/SHF/SV26;baixado;
swsh4.5sv;swsh4.5sv-SV027;SV027;Inteleon;https://limitlesstcg.nyc3.cdn.digitaloceanspaces.com/tpci/SHF/SHF_SV27_R_PT.png;https://limitlesstcg.com/cards/pt/SHF/SV27;baixado;
swsh4.5sv;swsh4.5sv-SV028;SV028;Chewtle;https://limitlesstcg.nyc3.cdn.digitaloceanspaces.com/tpci/SHF/SHF_SV28_R_PT.png;https://limitlesstcg.com/cards/pt/SHF/SV28;baixado;
swsh4.5sv;swsh4.5sv-SV029;SV029;Drednaw;https://limitlesstcg.nyc3.cdn.digitaloceanspaces.com/tpci/SHF/SHF_SV29_R_PT.png;https://limitlesstcg.com/cards/pt/SHF/SV29;baixado;
swsh4.5sv;swsh4.5sv-SV030;SV030;Cramorant;https://limitlesstcg.nyc3.cdn.digitaloceanspaces.com/tpci/SHF/SHF_SV30_R_PT.png;https://limitlesstcg.com/cards/pt/SHF/SV30;baixado;
swsh4.5sv;swsh4.5sv-SV031;SV031;Arrokuda;https://limitlesstcg.nyc3.cdn.digitaloceanspaces.com/tpci/SHF/SHF_SV31_R_PT.png;https://limitlesstcg.com/cards/pt/SHF/SV31;baixado;
swsh4.5sv;swsh4.5sv-SV032;SV032;Barraskewda;https://limitlesstcg.nyc3.cdn.digitaloceanspaces.com/tpci/SHF/SHF_SV32_R_PT.png;https://limitlesstcg.com/cards/pt/SHF/SV32;baixado;
swsh4.5sv;swsh4.5sv-SV033;SV033;Snom;https://limitlesstcg.nyc3.cdn.digitaloceanspaces.com/tpci/SHF/SHF_SV33_R_PT.png;https://limitlesstcg.com/cards/pt/SHF/SV33;baixado;
swsh4.5sv;swsh4.5sv-SV034;SV034;Frosmoth;https://limitlesstcg.nyc3.cdn.digitaloceanspaces.com/tpci/SHF/SHF_SV34_R_PT.png;https://limitlesstcg.com/cards/pt/SHF/SV34;baixado;
swsh4.5sv;swsh4.5sv-SV035;SV035;Eiscue;https://limitlesstcg.nyc3.cdn.digitaloceanspaces.com/tpci/SHF/SHF_SV35_R_PT.png;https://limitlesstcg.com/cards/pt/SHF/SV35;baixado;
swsh4.5sv;swsh4.5sv-SV036;SV036;Dracovish;https://limitlesstcg.nyc3.cdn.digitaloceanspaces.com/tpci/SHF/SHF_SV36_R_PT.png;https://limitlesstcg.com/cards/pt/SHF/SV36;baixado;
swsh4.5sv;swsh4.5sv-SV037;SV037;Arctovish;https://limitlesstcg.nyc3.cdn.digitaloceanspaces.com/tpci/SHF/SHF_SV37_R_PT.png;https://limitlesstcg.com/cards/pt/SHF/SV37;baixado;
swsh4.5sv;swsh4.5sv-SV038;SV038;Rotom;https://limitlesstcg.nyc3.cdn.digitaloceanspaces.com/tpci/SHF/SHF_SV38_R_PT.png;https://limitlesstcg.com/cards/pt/SHF/SV38;baixado;
swsh4.5sv;swsh4.5sv-SV039;SV039;Yamper;https://limitlesstcg.nyc3.cdn.digitaloceanspaces.com/tpci/SHF/SHF_SV39_R_PT.png;https://limitlesstcg.com/cards/pt/SHF/SV39;baixado;
swsh4.5sv;swsh4.5sv-SV040;SV040;Boltund;https://limitlesstcg.nyc3.cdn.digitaloceanspaces.com/tpci/SHF/SHF_SV40_R_PT.png;https://limitlesstcg.com/cards/pt/SHF/SV40;baixado;
swsh4.5sv;swsh4.5sv-SV041;SV041;Toxel;https://limitlesstcg.nyc3.cdn.digitaloceanspaces.com/tpci/SHF/SHF_SV41_R_PT.png;https://limitlesstcg.com/cards/pt/SHF/SV41;baixado;
swsh4.5sv;swsh4.5sv-SV042;SV042;Toxtricity;https://limitlesstcg.nyc3.cdn.digitaloceanspaces.com/tpci/SHF/SHF_SV42_R_PT.png;https://limitlesstcg.com/cards/pt/SHF/SV42;baixado;
swsh4.5sv;swsh4.5sv-SV043;SV043;Pincurchin;https://limitlesstcg.nyc3.cdn.digitaloceanspaces.com/tpci/SHF/SHF_SV43_R_PT.png;https://limitlesstcg.com/cards/pt/SHF/SV43;baixado;
swsh4.5sv;swsh4.5sv-SV044;SV044;Morpeko;https://limitlesstcg.nyc3.cdn.digitaloceanspaces.com/tpci/SHF/SHF_SV44_R_PT.png;https://limitlesstcg.com/cards/pt/SHF/SV44;baixado;
swsh4.5sv;swsh4.5sv-SV045;SV045;Dracozolt;https://limitlesstcg.nyc3.cdn.digitaloceanspaces.com/tpci/SHF/SHF_SV45_R_PT.png;https://limitlesstcg.com/cards/pt/SHF/SV45;baixado;
swsh4.5sv;swsh4.5sv-SV046;SV046;Arctozolt;https://limitlesstcg.nyc3.cdn.digitaloceanspaces.com/tpci/SHF/SHF_SV46_R_PT.png;https://limitlesstcg.com/cards/pt/SHF/SV46;baixado;
swsh4.5sv;swsh4.5sv-SV047;SV047;Ponyta de Galar;https://limitlesstcg.nyc3.cdn.digitaloceanspaces.com/tpci/SHF/SHF_SV47_R_PT.png;https://limitlesstcg.com/cards/pt/SHF/SV47;baixado;
swsh4.5sv;swsh4.5sv-SV048;SV048;Rapidash de Galar;https://limitlesstcg.nyc3.cdn.digitaloceanspaces.com/tpci/SHF/SHF_SV48_R_PT.png;https://limitlesstcg.com/cards/pt/SHF/SV48;baixado;
swsh4.5sv;swsh4.5sv-SV049;SV049;Corsola de Galar;https://limitlesstcg.nyc3.cdn.digitaloceanspaces.com/tpci/SHF/SHF_SV49_R_PT.png;https://limitlesstcg.com/cards/pt/SHF/SV49;baixado;
swsh4.5sv;swsh4.5sv-SV050;SV050;Cursola de Galar;https://limitlesstcg.nyc3.cdn.digitaloceanspaces.com/tpci/SHF/SHF_SV50_R_PT.png;https://limitlesstcg.com/cards/pt/SHF/SV50;baixado;
swsh4.5sv;swsh4.5sv-SV051;SV051;Dedenne;https://limitlesstcg.nyc3.cdn.digitaloceanspaces.com/tpci/SHF/SHF_SV51_R_PT.png;https://limitlesstcg.com/cards/pt/SHF/SV51;baixado;
swsh4.5sv;swsh4.5sv-SV052;SV052;Sinistea;https://limitlesstcg.nyc3.cdn.digitaloceanspaces.com/tpci/SHF/SHF_SV52_R_PT.png;https://limitlesstcg.com/cards/pt/SHF/SV52;baixado;
swsh4.5sv;swsh4.5sv-SV053;SV053;Polteageist;https://limitlesstcg.nyc3.cdn.digitaloceanspaces.com/tpci/SHF/SHF_SV53_R_PT.png;https://limitlesstcg.com/cards/pt/SHF/SV53;baixado;
swsh4.5sv;swsh4.5sv-SV054;SV054;Hatenna;https://limitlesstcg.nyc3.cdn.digitaloceanspaces.com/tpci/SHF/SHF_SV54_R_PT.png;https://limitlesstcg.com/cards/pt/SHF/SV54;baixado;
swsh4.5sv;swsh4.5sv-SV055;SV055;Hattrem;https://limitlesstcg.nyc3.cdn.digitaloceanspaces.com/tpci/SHF/SHF_SV55_R_PT.png;https://limitlesstcg.com/cards/pt/SHF/SV55;baixado;
swsh4.5sv;swsh4.5sv-SV056;SV056;Hatterene;https://limitlesstcg.nyc3.cdn.digitaloceanspaces.com/tpci/SHF/SHF_SV56_R_PT.png;https://limitlesstcg.com/cards/pt/SHF/SV56;baixado;
swsh4.5sv;swsh4.5sv-SV057;SV057;Milcery;https://limitlesstcg.nyc3.cdn.digitaloceanspaces.com/tpci/SHF/SHF_SV57_R_PT.png;https://limitlesstcg.com/cards/pt/SHF/SV57;baixado;
swsh4.5sv;swsh4.5sv-SV058;SV058;Alcremie;https://limitlesstcg.nyc3.cdn.digitaloceanspaces.com/tpci/SHF/SHF_SV58_R_PT.png;https://limitlesstcg.com/cards/pt/SHF/SV58;baixado;
swsh4.5sv;swsh4.5sv-SV059;SV059;Indeedee;https://limitlesstcg.nyc3.cdn.digitaloceanspaces.com/tpci/SHF/SHF_SV59_R_PT.png;https://limitlesstcg.com/cards/pt/SHF/SV59;baixado;
swsh4.5sv;swsh4.5sv-SV060;SV060;Dreepy;https://limitlesstcg.nyc3.cdn.digitaloceanspaces.com/tpci/SHF/SHF_SV60_R_PT.png;https://limitlesstcg.com/cards/pt/SHF/SV60;baixado;
swsh4.5sv;swsh4.5sv-SV061;SV061;Drakloak;https://limitlesstcg.nyc3.cdn.digitaloceanspaces.com/tpci/SHF/SHF_SV61_R_PT.png;https://limitlesstcg.com/cards/pt/SHF/SV61;baixado;
swsh4.5sv;swsh4.5sv-SV062;SV062;Dragapult;https://limitlesstcg.nyc3.cdn.digitaloceanspaces.com/tpci/SHF/SHF_SV62_R_PT.png;https://limitlesstcg.com/cards/pt/SHF/SV62;baixado;
swsh4.5sv;swsh4.5sv-SV063;SV063;Farfetch'd de Galar;https://limitlesstcg.nyc3.cdn.digitaloceanspaces.com/tpci/SHF/SHF_SV63_R_PT.png;https://limitlesstcg.com/cards/pt/SHF/SV63;baixado;
swsh4.5sv;swsh4.5sv-SV064;SV064;Sirfetch'd de Galar;https://limitlesstcg.nyc3.cdn.digitaloceanspaces.com/tpci/SHF/SHF_SV64_R_PT.png;https://limitlesstcg.com/cards/pt/SHF/SV64;baixado;
swsh4.5sv;swsh4.5sv-SV065;SV065;Yamask de Galar;https://limitlesstcg.nyc3.cdn.digitaloceanspaces.com/tpci/SHF/SHF_SV65_R_PT.png;https://limitlesstcg.com/cards/pt/SHF/SV65;baixado;
swsh4.5sv;swsh4.5sv-SV066;SV066;Runerigus de Galar;https://limitlesstcg.nyc3.cdn.digitaloceanspaces.com/tpci/SHF/SHF_SV66_R_PT.png;https://limitlesstcg.com/cards/pt/SHF/SV66;baixado;
swsh4.5sv;swsh4.5sv-SV067;SV067;Rolycoly;https://limitlesstcg.nyc3.cdn.digitaloceanspaces.com/tpci/SHF/SHF_SV67_R_PT.png;https://limitlesstcg.com/cards/pt/SHF/SV67;baixado;
swsh4.5sv;swsh4.5sv-SV068;SV068;Carkol;https://limitlesstcg.nyc3.cdn.digitaloceanspaces.com/tpci/SHF/SHF_SV68_R_PT.png;https://limitlesstcg.com/cards/pt/SHF/SV68;baixado;
swsh4.5sv;swsh4.5sv-SV069;SV069;Coalossal;https://limitlesstcg.nyc3.cdn.digitaloceanspaces.com/tpci/SHF/SHF_SV69_R_PT.png;https://limitlesstcg.com/cards/pt/SHF/SV69;baixado;
swsh4.5sv;swsh4.5sv-SV070;SV070;Silicobra;https://limitlesstcg.nyc3.cdn.digitaloceanspaces.com/tpci/SHF/SHF_SV70_R_PT.png;https://limitlesstcg.com/cards/pt/SHF/SV70;baixado;
swsh4.5sv;swsh4.5sv-SV071;SV071;Sandaconda;https://limitlesstcg.nyc3.cdn.digitaloceanspaces.com/tpci/SHF/SHF_SV71_R_PT.png;https://limitlesstcg.com/cards/pt/SHF/SV71;baixado;
swsh4.5sv;swsh4.5sv-SV072;SV072;Clobbopus;https://limitlesstcg.nyc3.cdn.digitaloceanspaces.com/tpci/SHF/SHF_SV72_R_PT.png;https://limitlesstcg.com/cards/pt/SHF/SV72;baixado;
swsh4.5sv;swsh4.5sv-SV073;SV073;Grapploct;https://limitlesstcg.nyc3.cdn.digitaloceanspaces.com/tpci/SHF/SHF_SV73_R_PT.png;https://limitlesstcg.com/cards/pt/SHF/SV73;baixado;
swsh4.5sv;swsh4.5sv-SV074;SV074;Falinks;https://limitlesstcg.nyc3.cdn.digitaloceanspaces.com/tpci/SHF/SHF_SV74_R_PT.png;https://limitlesstcg.com/cards/pt/SHF/SV74;baixado;
swsh4.5sv;swsh4.5sv-SV075;SV075;Stonjourner;https://limitlesstcg.nyc3.cdn.digitaloceanspaces.com/tpci/SHF/SHF_SV75_R_PT.png;https://limitlesstcg.com/cards/pt/SHF/SV75;baixado;
swsh4.5sv;swsh4.5sv-SV076;SV076;Koffing;https://limitlesstcg.nyc3.cdn.digitaloceanspaces.com/tpci/SHF/SHF_SV76_R_PT.png;https://limitlesstcg.com/cards/pt/SHF/SV76;baixado;
swsh4.5sv;swsh4.5sv-SV077;SV077;Weezing de Galar;https://limitlesstcg.nyc3.cdn.digitaloceanspaces.com/tpci/SHF/SHF_SV77_R_PT.png;https://limitlesstcg.com/cards/pt/SHF/SV77;baixado;
swsh4.5sv;swsh4.5sv-SV078;SV078;Zigzagoon de Galar;https://limitlesstcg.nyc3.cdn.digitaloceanspaces.com/tpci/SHF/SHF_SV78_R_PT.png;https://limitlesstcg.com/cards/pt/SHF/SV78;baixado;
swsh4.5sv;swsh4.5sv-SV079;SV079;Linoone de Galar;https://limitlesstcg.nyc3.cdn.digitaloceanspaces.com/tpci/SHF/SHF_SV79_R_PT.png;https://limitlesstcg.com/cards/pt/SHF/SV79;baixado;
swsh4.5sv;swsh4.5sv-SV080;SV080;Obstagoon de Galar;https://limitlesstcg.nyc3.cdn.digitaloceanspaces.com/tpci/SHF/SHF_SV80_R_PT.png;https://limitlesstcg.com/cards/pt/SHF/SV80;baixado;
swsh4.5sv;swsh4.5sv-SV081;SV081;Nickit;https://limitlesstcg.nyc3.cdn.digitaloceanspaces.com/tpci/SHF/SHF_SV81_R_PT.png;https://limitlesstcg.com/cards/pt/SHF/SV81;baixado;
swsh4.5sv;swsh4.5sv-SV082;SV082;Thievul;https://limitlesstcg.nyc3.cdn.digitaloceanspaces.com/tpci/SHF/SHF_SV82_R_PT.png;https://limitlesstcg.com/cards/pt/SHF/SV82;baixado;
swsh4.5sv;swsh4.5sv-SV083;SV083;Impidimp;https://limitlesstcg.nyc3.cdn.digitaloceanspaces.com/tpci/SHF/SHF_SV83_R_PT.png;https://limitlesstcg.com/cards/pt/SHF/SV83;baixado;
swsh4.5sv;swsh4.5sv-SV084;SV084;Morgrem;https://limitlesstcg.nyc3.cdn.digitaloceanspaces.com/tpci/SHF/SHF_SV84_R_PT.png;https://limitlesstcg.com/cards/pt/SHF/SV84;baixado;
swsh4.5sv;swsh4.5sv-SV085;SV085;Grimmsnarl;https://limitlesstcg.nyc3.cdn.digitaloceanspaces.com/tpci/SHF/SHF_SV85_R_PT.png;https://limitlesstcg.com/cards/pt/SHF/SV85;baixado;
swsh4.5sv;swsh4.5sv-SV086;SV086;Meowth de Galar;https://limitlesstcg.nyc3.cdn.digitaloceanspaces.com/tpci/SHF/SHF_SV86_R_PT.png;https://limitlesstcg.com/cards/pt/SHF/SV86;baixado;
swsh4.5sv;swsh4.5sv-SV087;SV087;Perrserker de Galar;https://limitlesstcg.nyc3.cdn.digitaloceanspaces.com/tpci/SHF/SHF_SV87_R_PT.png;https://limitlesstcg.com/cards/pt/SHF/SV87;baixado;
swsh4.5sv;swsh4.5sv-SV088;SV088;Stunfisk de Galar;https://limitlesstcg.nyc3.cdn.digitaloceanspaces.com/tpci/SHF/SHF_SV88_R_PT.png;https://limitlesstcg.com/cards/pt/SHF/SV88;baixado;
swsh4.5sv;swsh4.5sv-SV089;SV089;Corviknight;https://limitlesstcg.nyc3.cdn.digitaloceanspaces.com/tpci/SHF/SHF_SV89_R_PT.png;https://limitlesstcg.com/cards/pt/SHF/SV89;baixado;
swsh4.5sv;swsh4.5sv-SV090;SV090;Cufant;https://limitlesstcg.nyc3.cdn.digitaloceanspaces.com/tpci/SHF/SHF_SV90_R_PT.png;https://limitlesstcg.com/cards/pt/SHF/SV90;baixado;
swsh4.5sv;swsh4.5sv-SV091;SV091;Copperajah;https://limitlesstcg.nyc3.cdn.digitaloceanspaces.com/tpci/SHF/SHF_SV91_R_PT.png;https://limitlesstcg.com/cards/pt/SHF/SV91;baixado;
swsh4.5sv;swsh4.5sv-SV092;SV092;Duraludon;https://limitlesstcg.nyc3.cdn.digitaloceanspaces.com/tpci/SHF/SHF_SV92_R_PT.png;https://limitlesstcg.com/cards/pt/SHF/SV92;baixado;
swsh4.5sv;swsh4.5sv-SV093;SV093;Minccino;https://limitlesstcg.nyc3.cdn.digitaloceanspaces.com/tpci/SHF/SHF_SV93_R_PT.png;https://limitlesstcg.com/cards/pt/SHF/SV93;baixado;
swsh4.5sv;swsh4.5sv-SV094;SV094;Cinccino;https://limitlesstcg.nyc3.cdn.digitaloceanspaces.com/tpci/SHF/SHF_SV94_R_PT.png;https://limitlesstcg.com/cards/pt/SHF/SV94;baixado;
swsh4.5sv;swsh4.5sv-SV095;SV095;Ducklett;https://limitlesstcg.nyc3.cdn.digitaloceanspaces.com/tpci/SHF/SHF_SV95_R_PT.png;https://limitlesstcg.com/cards/pt/SHF/SV95;baixado;
swsh4.5sv;swsh4.5sv-SV096;SV096;Swanna;https://limitlesstcg.nyc3.cdn.digitaloceanspaces.com/tpci/SHF/SHF_SV96_R_PT.png;https://limitlesstcg.com/cards/pt/SHF/SV96;baixado;
swsh4.5sv;swsh4.5sv-SV097;SV097;Bunnelby;https://limitlesstcg.nyc3.cdn.digitaloceanspaces.com/tpci/SHF/SHF_SV97_R_PT.png;https://limitlesstcg.com/cards/pt/SHF/SV97;baixado;
swsh4.5sv;swsh4.5sv-SV098;SV098;Oranguru;https://limitlesstcg.nyc3.cdn.digitaloceanspaces.com/tpci/SHF/SHF_SV98_R_PT.png;https://limitlesstcg.com/cards/pt/SHF/SV98;baixado;
swsh4.5sv;swsh4.5sv-SV099;SV099;Skwovet;https://limitlesstcg.nyc3.cdn.digitaloceanspaces.com/tpci/SHF/SHF_SV99_R_PT.png;https://limitlesstcg.com/cards/pt/SHF/SV99;baixado;
swsh4.5sv;swsh4.5sv-SV100;SV100;Greedent;https://limitlesstcg.nyc3.cdn.digitaloceanspaces.com/tpci/SHF/SHF_SV100_R_PT.png;https://limitlesstcg.com/cards/pt/SHF/SV100;baixado;
swsh4.5sv;swsh4.5sv-SV101;SV101;Rookidee;https://limitlesstcg.nyc3.cdn.digitaloceanspaces.com/tpci/SHF/SHF_SV101_R_PT.png;https://limitlesstcg.com/cards/pt/SHF/SV101;baixado;
swsh4.5sv;swsh4.5sv-SV102;SV102;Corvisquire;https://limitlesstcg.nyc3.cdn.digitaloceanspaces.com/tpci/SHF/SHF_SV102_R_PT.png;https://limitlesstcg.com/cards/pt/SHF/SV102;baixado;
swsh4.5sv;swsh4.5sv-SV103;SV103;Wooloo;https://limitlesstcg.nyc3.cdn.digitaloceanspaces.com/tpci/SHF/SHF_SV103_R_PT.png;https://limitlesstcg.com/cards/pt/SHF/SV103;baixado;
swsh4.5sv;swsh4.5sv-SV104;SV104;Dubwool;https://limitlesstcg.nyc3.cdn.digitaloceanspaces.com/tpci/SHF/SHF_SV104_R_PT.png;https://limitlesstcg.com/cards/pt/SHF/SV104;baixado;
swsh4.5sv;swsh4.5sv-SV105;SV105;Rillaboom V;https://limitlesstcg.nyc3.cdn.digitaloceanspaces.com/tpci/SHF/SHF_SV105_R_PT.png;https://limitlesstcg.com/cards/pt/SHF/SV105;baixado;
swsh4.5sv;swsh4.5sv-SV106;SV106;Rillaboom VMAX;https://limitlesstcg.nyc3.cdn.digitaloceanspaces.com/tpci/SHF/SHF_SV106_R_PT.png;https://limitlesstcg.com/cards/pt/SHF/SV106;baixado;
swsh4.5sv;swsh4.5sv-SV107;SV107;Charizard VMAX;https://limitlesstcg.nyc3.cdn.digitaloceanspaces.com/tpci/SHF/SHF_SV107_R_PT.png;https://limitlesstcg.com/cards/pt/SHF/SV107;baixado;
swsh4.5sv;swsh4.5sv-SV108;SV108;Centiskorch V;https://limitlesstcg.nyc3.cdn.digitaloceanspaces.com/tpci/SHF/SHF_SV108_R_PT.png;https://limitlesstcg.com/cards/pt/SHF/SV108;baixado;
swsh4.5sv;swsh4.5sv-SV109;SV109;Centiskorch VMAX;https://limitlesstcg.nyc3.cdn.digitaloceanspaces.com/tpci/SHF/SHF_SV109_R_PT.png;https://limitlesstcg.com/cards/pt/SHF/SV109;baixado;
swsh4.5sv;swsh4.5sv-SV110;SV110;Lapras V;https://limitlesstcg.nyc3.cdn.digitaloceanspaces.com/tpci/SHF/SHF_SV110_R_PT.png;https://limitlesstcg.com/cards/pt/SHF/SV110;baixado;
swsh4.5sv;swsh4.5sv-SV111;SV111;Lapras VMAX;https://limitlesstcg.nyc3.cdn.digitaloceanspaces.com/tpci/SHF/SHF_SV111_R_PT.png;https://limitlesstcg.com/cards/pt/SHF/SV111;baixado;
swsh4.5sv;swsh4.5sv-SV112;SV112;Toxtricity V;https://limitlesstcg.nyc3.cdn.digitaloceanspaces.com/tpci/SHF/SHF_SV112_R_PT.png;https://limitlesstcg.com/cards/pt/SHF/SV112;baixado;
swsh4.5sv;swsh4.5sv-SV113;SV113;Toxtricity VMAX;https://limitlesstcg.nyc3.cdn.digitaloceanspaces.com/tpci/SHF/SHF_SV113_R_PT.png;https://limitlesstcg.com/cards/pt/SHF/SV113;baixado;
swsh4.5sv;swsh4.5sv-SV114;SV114;Indeedee V;https://limitlesstcg.nyc3.cdn.digitaloceanspaces.com/tpci/SHF/SHF_SV114_R_PT.png;https://limitlesstcg.com/cards/pt/SHF/SV114;baixado;
swsh4.5sv;swsh4.5sv-SV115;SV115;Falinks V;https://limitlesstcg.nyc3.cdn.digitaloceanspaces.com/tpci/SHF/SHF_SV115_R_PT.png;https://limitlesstcg.com/cards/pt/SHF/SV115;baixado;
swsh4.5sv;swsh4.5sv-SV116;SV116;Grimmsnarl V;https://limitlesstcg.nyc3.cdn.digitaloceanspaces.com/tpci/SHF/SHF_SV116_R_PT.png;https://limitlesstcg.com/cards/pt/SHF/SV116;baixado;
swsh4.5sv;swsh4.5sv-SV117;SV117;Grimmsnarl VMAX;https://limitlesstcg.nyc3.cdn.digitaloceanspaces.com/tpci/SHF/SHF_SV117_R_PT.png;https://limitlesstcg.com/cards/pt/SHF/SV117;baixado;
swsh4.5sv;swsh4.5sv-SV118;SV118;Ditto V;https://limitlesstcg.nyc3.cdn.digitaloceanspaces.com/tpci/SHF/SHF_SV118_R_PT.png;https://limitlesstcg.com/cards/pt/SHF/SV118;baixado;
swsh4.5sv;swsh4.5sv-SV119;SV119;Ditto VMAX;https://limitlesstcg.nyc3.cdn.digitaloceanspaces.com/tpci/SHF/SHF_SV119_R_PT.png;https://limitlesstcg.com/cards/pt/SHF/SV119;baixado;
swsh4.5sv;swsh4.5sv-SV120;SV120;Dubwool V;https://limitlesstcg.nyc3.cdn.digitaloceanspaces.com/tpci/SHF/SHF_SV120_R_PT.png;https://limitlesstcg.com/cards/pt/SHF/SV120;baixado;
swsh4.5sv;swsh4.5sv-SV121;SV121;Eternatus V;https://limitlesstcg.nyc3.cdn.digitaloceanspaces.com/tpci/SHF/SHF_SV121_R_PT.png;https://limitlesstcg.com/cards/pt/SHF/SV121;baixado;
swsh4.5sv;swsh4.5sv-SV122;SV122;Eternatus VMAX;https://limitlesstcg.nyc3.cdn.digitaloceanspaces.com/tpci/SHF/SHF_SV122_R_PT.png;https://limitlesstcg.com/cards/pt/SHF/SV122;baixado;
swsh4.5;swsh4.5-1;1;Yanma;https://limitlesstcg.nyc3.cdn.digitaloceanspaces.com/tpci/SHF/SHF_001_R_PT.png;https://limitlesstcg.com/cards/pt/SHF/1;baixado;
swsh4.5;swsh4.5-2;2;Yanmega;https://limitlesstcg.nyc3.cdn.digitaloceanspaces.com/tpci/SHF/SHF_002_R_PT.png;https://limitlesstcg.com/cards/pt/SHF/2;baixado;
swsh4.5;swsh4.5-3;3;Celebi;https://limitlesstcg.nyc3.cdn.digitaloceanspaces.com/tpci/SHF/SHF_003_R_PT.png;https://limitlesstcg.com/cards/pt/SHF/3;baixado;
swsh4.5;swsh4.5-4;4;Cacnea;https://limitlesstcg.nyc3.cdn.digitaloceanspaces.com/tpci/SHF/SHF_004_R_PT.png;https://limitlesstcg.com/cards/pt/SHF/4;baixado;
swsh4.5;swsh4.5-5;5;Tropius;https://limitlesstcg.nyc3.cdn.digitaloceanspaces.com/tpci/SHF/SHF_005_R_PT.png;https://limitlesstcg.com/cards/pt/SHF/5;baixado;
swsh4.5;swsh4.5-6;6;Rowlet;https://limitlesstcg.nyc3.cdn.digitaloceanspaces.com/tpci/SHF/SHF_006_R_PT.png;https://limitlesstcg.com/cards/pt/SHF/6;baixado;
swsh4.5;swsh4.5-7;7;Dartrix;https://limitlesstcg.nyc3.cdn.digitaloceanspaces.com/tpci/SHF/SHF_007_R_PT.png;https://limitlesstcg.com/cards/pt/SHF/7;baixado;
swsh4.5;swsh4.5-8;8;Decidueye;https://limitlesstcg.nyc3.cdn.digitaloceanspaces.com/tpci/SHF/SHF_008_R_PT.png;https://limitlesstcg.com/cards/pt/SHF/8;baixado;
swsh4.5;swsh4.5-9;9;Dhelmise V;https://limitlesstcg.nyc3.cdn.digitaloceanspaces.com/tpci/SHF/SHF_009_R_PT.png;https://limitlesstcg.com/cards/pt/SHF/9;baixado;
swsh4.5;swsh4.5-10;10;Dhelmise VMAX;https://limitlesstcg.nyc3.cdn.digitaloceanspaces.com/tpci/SHF/SHF_010_R_PT.png;https://limitlesstcg.com/cards/pt/SHF/10;baixado;
swsh4.5;swsh4.5-11;11;Grookey;https://limitlesstcg.nyc3.cdn.digitaloceanspaces.com/tpci/SHF/SHF_011_R_PT.png;https://limitlesstcg.com/cards/pt/SHF/11;baixado;
swsh4.5;swsh4.5-12;12;Thwackey;https://limitlesstcg.nyc3.cdn.digitaloceanspaces.com/tpci/SHF/SHF_012_R_PT.png;https://limitlesstcg.com/cards/pt/SHF/12;baixado;
swsh4.5;swsh4.5-13;13;Rillaboom;https://limitlesstcg.nyc3.cdn.digitaloceanspaces.com/tpci/SHF/SHF_013_R_PT.png;https://limitlesstcg.com/cards/pt/SHF/13;baixado;
swsh4.5;swsh4.5-14;14;Gossifleur;https://limitlesstcg.nyc3.cdn.digitaloceanspaces.com/tpci/SHF/SHF_014_R_PT.png;https://limitlesstcg.com/cards/pt/SHF/14;baixado;
swsh4.5;swsh4.5-15;15;Eldegoss;https://limitlesstcg.nyc3.cdn.digitaloceanspaces.com/tpci/SHF/SHF_015_R_PT.png;https://limitlesstcg.com/cards/pt/SHF/15;baixado;
swsh4.5;swsh4.5-16;16;Zarude;https://limitlesstcg.nyc3.cdn.digitaloceanspaces.com/tpci/SHF/SHF_016_R_PT.png;https://limitlesstcg.com/cards/pt/SHF/16;baixado;
swsh4.5;swsh4.5-17;17;Reshiram;https://limitlesstcg.nyc3.cdn.digitaloceanspaces.com/tpci/SHF/SHF_017_R_PT.png;https://limitlesstcg.com/cards/pt/SHF/17;baixado;
swsh4.5;swsh4.5-18;18;Cinderace V;https://limitlesstcg.nyc3.cdn.digitaloceanspaces.com/tpci/SHF/SHF_018_R_PT.png;https://limitlesstcg.com/cards/pt/SHF/18;baixado;
swsh4.5;swsh4.5-19;19;Cinderace VMAX;https://limitlesstcg.nyc3.cdn.digitaloceanspaces.com/tpci/SHF/SHF_019_R_PT.png;https://limitlesstcg.com/cards/pt/SHF/19;baixado;
swsh4.5;swsh4.5-20;20;Horsea;https://limitlesstcg.nyc3.cdn.digitaloceanspaces.com/tpci/SHF/SHF_020_R_PT.png;https://limitlesstcg.com/cards/pt/SHF/20;baixado;
swsh4.5;swsh4.5-21;21;Kyogre;https://limitlesstcg.nyc3.cdn.digitaloceanspaces.com/tpci/SHF/SHF_021_R_PT.png;https://limitlesstcg.com/cards/pt/SHF/21;baixado;
swsh4.5;swsh4.5-22;22;Buizel;https://limitlesstcg.nyc3.cdn.digitaloceanspaces.com/tpci/SHF/SHF_022_R_PT.png;https://limitlesstcg.com/cards/pt/SHF/22;baixado;
swsh4.5;swsh4.5-23;23;Floatzel;https://limitlesstcg.nyc3.cdn.digitaloceanspaces.com/tpci/SHF/SHF_023_R_PT.png;https://limitlesstcg.com/cards/pt/SHF/23;baixado;
swsh4.5;swsh4.5-24;24;Manaphy;https://limitlesstcg.nyc3.cdn.digitaloceanspaces.com/tpci/SHF/SHF_024_R_PT.png;https://limitlesstcg.com/cards/pt/SHF/24;baixado;
swsh4.5;swsh4.5-25;25;Volcanion;https://limitlesstcg.nyc3.cdn.digitaloceanspaces.com/tpci/SHF/SHF_025_R_PT.png;https://limitlesstcg.com/cards/pt/SHF/25;baixado;
swsh4.5;swsh4.5-26;26;Chewtle;https://limitlesstcg.nyc3.cdn.digitaloceanspaces.com/tpci/SHF/SHF_026_R_PT.png;https://limitlesstcg.com/cards/pt/SHF/26;baixado;
swsh4.5;swsh4.5-27;27;Drednaw;https://limitlesstcg.nyc3.cdn.digitaloceanspaces.com/tpci/SHF/SHF_027_R_PT.png;https://limitlesstcg.com/cards/pt/SHF/27;baixado;
swsh4.5;swsh4.5-28;28;Cramorant;https://limitlesstcg.nyc3.cdn.digitaloceanspaces.com/tpci/SHF/SHF_028_R_PT.png;https://limitlesstcg.com/cards/pt/SHF/28;baixado;
swsh4.5;swsh4.5-29;29;Snom;https://limitlesstcg.nyc3.cdn.digitaloceanspaces.com/tpci/SHF/SHF_029_R_PT.png;https://limitlesstcg.com/cards/pt/SHF/29;baixado;
swsh4.5;swsh4.5-30;30;Frosmoth;https://limitlesstcg.nyc3.cdn.digitaloceanspaces.com/tpci/SHF/SHF_030_R_PT.png;https://limitlesstcg.com/cards/pt/SHF/30;baixado;
swsh4.5;swsh4.5-31;31;Shinx;https://limitlesstcg.nyc3.cdn.digitaloceanspaces.com/tpci/SHF/SHF_031_R_PT.png;https://limitlesstcg.com/cards/pt/SHF/31;baixado;
swsh4.5;swsh4.5-32;32;Luxio;https://limitlesstcg.nyc3.cdn.digitaloceanspaces.com/tpci/SHF/SHF_032_R_PT.png;https://limitlesstcg.com/cards/pt/SHF/32;baixado;
swsh4.5;swsh4.5-33;33;Luxray;https://limitlesstcg.nyc3.cdn.digitaloceanspaces.com/tpci/SHF/SHF_033_R_PT.png;https://limitlesstcg.com/cards/pt/SHF/33;baixado;
swsh4.5;swsh4.5-34;34;Rotom;https://limitlesstcg.nyc3.cdn.digitaloceanspaces.com/tpci/SHF/SHF_034_R_PT.png;https://limitlesstcg.com/cards/pt/SHF/34;baixado;
swsh4.5;swsh4.5-35;35;Morpeko;https://limitlesstcg.nyc3.cdn.digitaloceanspaces.com/tpci/SHF/SHF_035_R_PT.png;https://limitlesstcg.com/cards/pt/SHF/35;baixado;
swsh4.5;swsh4.5-36;36;Morpeko;https://limitlesstcg.nyc3.cdn.digitaloceanspaces.com/tpci/SHF/SHF_036_R_PT.png;https://limitlesstcg.com/cards/pt/SHF/36;baixado;
swsh4.5;swsh4.5-37;37;Morpeko V;https://limitlesstcg.nyc3.cdn.digitaloceanspaces.com/tpci/SHF/SHF_037_R_PT.png;https://limitlesstcg.com/cards/pt/SHF/37;baixado;
swsh4.5;swsh4.5-38;38;Morpeko VMAX;https://limitlesstcg.nyc3.cdn.digitaloceanspaces.com/tpci/SHF/SHF_038_R_PT.png;https://limitlesstcg.com/cards/pt/SHF/38;baixado;
swsh4.5;swsh4.5-39;39;Indeedee V;https://limitlesstcg.nyc3.cdn.digitaloceanspaces.com/tpci/SHF/SHF_039_R_PT.png;https://limitlesstcg.com/cards/pt/SHF/39;baixado;
swsh4.5;swsh4.5-40;40;Trapinch;https://limitlesstcg.nyc3.cdn.digitaloceanspaces.com/tpci/SHF/SHF_040_R_PT.png;https://limitlesstcg.com/cards/pt/SHF/40;baixado;
swsh4.5;swsh4.5-41;41;Koffing;https://limitlesstcg.nyc3.cdn.digitaloceanspaces.com/tpci/SHF/SHF_041_R_PT.png;https://limitlesstcg.com/cards/pt/SHF/41;baixado;
swsh4.5;swsh4.5-42;42;Weezing de Galar;https://limitlesstcg.nyc3.cdn.digitaloceanspaces.com/tpci/SHF/SHF_042_R_PT.png;https://limitlesstcg.com/cards/pt/SHF/42;baixado;
swsh4.5;swsh4.5-43;43;Spinarak;https://limitlesstcg.nyc3.cdn.digitaloceanspaces.com/tpci/SHF/SHF_043_R_PT.png;https://limitlesstcg.com/cards/pt/SHF/43;baixado;
swsh4.5;swsh4.5-44;44;Crobat V;https://limitlesstcg.nyc3.cdn.digitaloceanspaces.com/tpci/SHF/SHF_044_R_PT.png;https://limitlesstcg.com/cards/pt/SHF/44;baixado;
swsh4.5;swsh4.5-45;45;Crobat VMAX;https://limitlesstcg.nyc3.cdn.digitaloceanspaces.com/tpci/SHF/SHF_045_R_PT.png;https://limitlesstcg.com/cards/pt/SHF/45;baixado;
swsh4.5;swsh4.5-46;46;Yveltal;https://limitlesstcg.nyc3.cdn.digitaloceanspaces.com/tpci/SHF/SHF_046_R_PT.png;https://limitlesstcg.com/cards/pt/SHF/46;baixado;
swsh4.5;swsh4.5-47;47;Nickit;https://limitlesstcg.nyc3.cdn.digitaloceanspaces.com/tpci/SHF/SHF_047_R_PT.png;https://limitlesstcg.com/cards/pt/SHF/47;baixado;
swsh4.5;swsh4.5-48;48;Thievul;https://limitlesstcg.nyc3.cdn.digitaloceanspaces.com/tpci/SHF/SHF_048_R_PT.png;https://limitlesstcg.com/cards/pt/SHF/48;baixado;
swsh4.5;swsh4.5-49;49;Cufant;https://limitlesstcg.nyc3.cdn.digitaloceanspaces.com/tpci/SHF/SHF_049_R_PT.png;https://limitlesstcg.com/cards/pt/SHF/49;baixado;
swsh4.5;swsh4.5-50;50;Ditto V;https://limitlesstcg.nyc3.cdn.digitaloceanspaces.com/tpci/SHF/SHF_050_R_PT.png;https://limitlesstcg.com/cards/pt/SHF/50;baixado;
swsh4.5;swsh4.5-51;51;Ditto VMAX;https://limitlesstcg.nyc3.cdn.digitaloceanspaces.com/tpci/SHF/SHF_051_R_PT.png;https://limitlesstcg.com/cards/pt/SHF/51;baixado;
swsh4.5;swsh4.5-52;52;Eevee;https://limitlesstcg.nyc3.cdn.digitaloceanspaces.com/tpci/SHF/SHF_052_R_PT.png;https://limitlesstcg.com/cards/pt/SHF/52;baixado;
swsh4.5;swsh4.5-53;53;Greedent V;https://limitlesstcg.nyc3.cdn.digitaloceanspaces.com/tpci/SHF/SHF_053_R_PT.png;https://limitlesstcg.com/cards/pt/SHF/53;baixado;
swsh4.5;swsh4.5-54;54;Cramorant V;https://limitlesstcg.nyc3.cdn.digitaloceanspaces.com/tpci/SHF/SHF_054_R_PT.png;https://limitlesstcg.com/cards/pt/SHF/54;baixado;
swsh4.5;swsh4.5-55;55;Cramorant VMAX;https://limitlesstcg.nyc3.cdn.digitaloceanspaces.com/tpci/SHF/SHF_055_R_PT.png;https://limitlesstcg.com/cards/pt/SHF/55;baixado;
swsh4.5;swsh4.5-56;56;Indeedee;https://limitlesstcg.nyc3.cdn.digitaloceanspaces.com/tpci/SHF/SHF_056_R_PT.png;https://limitlesstcg.com/cards/pt/SHF/56;baixado;
swsh4.5;swsh4.5-57;57;Cara da Bola;https://limitlesstcg.nyc3.cdn.digitaloceanspaces.com/tpci/SHF/SHF_057_R_PT.png;https://limitlesstcg.com/cards/pt/SHF/57;baixado;
swsh4.5;swsh4.5-58;58;Ordem da Chefia;https://limitlesstcg.nyc3.cdn.digitaloceanspaces.com/tpci/SHF/SHF_058_R_PT.png;https://limitlesstcg.com/cards/pt/SHF/58;baixado;
swsh4.5;swsh4.5-59;59;Treinador de Ginásio;https://limitlesstcg.nyc3.cdn.digitaloceanspaces.com/tpci/SHF/SHF_059_R_PT.png;https://limitlesstcg.com/cards/pt/SHF/59;baixado;
swsh4.5;swsh4.5-60;60;Pesquisa de Professores;https://limitlesstcg.nyc3.cdn.digitaloceanspaces.com/tpci/SHF/SHF_060_R_PT.png;https://limitlesstcg.com/cards/pt/SHF/60;baixado;
swsh4.5;swsh4.5-61;61;Escudo Enferrujado;https://limitlesstcg.nyc3.cdn.digitaloceanspaces.com/tpci/SHF/SHF_061_R_PT.png;https://limitlesstcg.com/cards/pt/SHF/61;baixado;
swsh4.5;swsh4.5-62;62;Espada Enferrujada;https://limitlesstcg.nyc3.cdn.digitaloceanspaces.com/tpci/SHF/SHF_062_R_PT.png;https://limitlesstcg.com/cards/pt/SHF/62;baixado;
swsh4.5;swsh4.5-63;63;Toalha da Equipe Yell;https://limitlesstcg.nyc3.cdn.digitaloceanspaces.com/tpci/SHF/SHF_063_R_PT.png;https://limitlesstcg.com/cards/pt/SHF/63;baixado;
swsh4.5;swsh4.5-64;64;Alcremie V;https://limitlesstcg.nyc3.cdn.digitaloceanspaces.com/tpci/SHF/SHF_064_R_PT.png;https://limitlesstcg.com/cards/pt/SHF/64;baixado;
swsh4.5;swsh4.5-65;65;Cara da Bola;https://limitlesstcg.nyc3.cdn.digitaloceanspaces.com/tpci/SHF/SHF_065_R_PT.png;https://limitlesstcg.com/cards/pt/SHF/65;baixado;
swsh4.5;swsh4.5-66;66;Ornitólogo;https://limitlesstcg.nyc3.cdn.digitaloceanspaces.com/tpci/SHF/SHF_066_R_PT.png;https://limitlesstcg.com/cards/pt/SHF/66;baixado;
swsh4.5;swsh4.5-67;67;Clara Petra;https://limitlesstcg.nyc3.cdn.digitaloceanspaces.com/tpci/SHF/SHF_067_R_PT.png;https://limitlesstcg.com/cards/pt/SHF/67;baixado;
swsh4.5;swsh4.5-68;68;Treinador de Ginásio;https://limitlesstcg.nyc3.cdn.digitaloceanspaces.com/tpci/SHF/SHF_068_R_PT.png;https://limitlesstcg.com/cards/pt/SHF/68;baixado;
swsh4.5;swsh4.5-69;69;Pietro;https://limitlesstcg.nyc3.cdn.digitaloceanspaces.com/tpci/SHF/SHF_069_R_PT.png;https://limitlesstcg.com/cards/pt/SHF/69;baixado;
swsh4.5;swsh4.5-70;70;Poké Criança;https://limitlesstcg.nyc3.cdn.digitaloceanspaces.com/tpci/SHF/SHF_070_R_PT.png;https://limitlesstcg.com/cards/pt/SHF/70;baixado;
swsh4.5;swsh4.5-71;71;Rossi;https://limitlesstcg.nyc3.cdn.digitaloceanspaces.com/tpci/SHF/SHF_071_R_PT.png;https://limitlesstcg.com/cards/pt/SHF/71;baixado;
swsh4.5;swsh4.5-72;72;Skyla;https://limitlesstcg.nyc3.cdn.digitaloceanspaces.com/tpci/SHF/SHF_072_R_PT.png;https://limitlesstcg.com/cards/pt/SHF/72;baixado;
swsh4.5;swsh4.5-73;73;Alcremie VMAX;https://limitlesstcg.nyc3.cdn.digitaloceanspaces.com/tpci/SHF/SHF_073_R_PT.png;https://limitlesstcg.com/cards/pt/SHF/73;baixado;
swsh5;swsh5-1;1;Bellsprout;https://limitlesstcg.nyc3.cdn.digitaloceanspaces.com/tpci/BST/BST_001_R_PT.png;https://limitlesstcg.com/cards/pt/BST/1;baixado;
swsh5;swsh5-2;2;Weepinbell;https://limitlesstcg.nyc3.cdn.digitaloceanspaces.com/tpci/BST/BST_002_R_PT.png;https://limitlesstcg.com/cards/pt/BST/2;baixado;
swsh5;swsh5-3;3;Victreebel;https://limitlesstcg.nyc3.cdn.digitaloceanspaces.com/tpci/BST/BST_003_R_PT.png;https://limitlesstcg.com/cards/pt/BST/3;baixado;
swsh5;swsh5-4;4;Cacnea;https://limitlesstcg.nyc3.cdn.digitaloceanspaces.com/tpci/BST/BST_004_R_PT.png;https://limitlesstcg.com/cards/pt/BST/4;baixado;
swsh5;swsh5-5;5;Cacturne;https://limitlesstcg.nyc3.cdn.digitaloceanspaces.com/tpci/BST/BST_005_R_PT.png;https://limitlesstcg.com/cards/pt/BST/5;baixado;
swsh5;swsh5-6;6;Kricketune V;https://limitlesstcg.nyc3.cdn.digitaloceanspaces.com/tpci/BST/BST_006_R_PT.png;https://limitlesstcg.com/cards/pt/BST/6;baixado;
swsh5;swsh5-7;7;Cherubi;https://limitlesstcg.nyc3.cdn.digitaloceanspaces.com/tpci/BST/BST_007_R_PT.png;https://limitlesstcg.com/cards/pt/BST/7;baixado;
swsh5;swsh5-8;8;Cherrim;https://limitlesstcg.nyc3.cdn.digitaloceanspaces.com/tpci/BST/BST_008_R_PT.png;https://limitlesstcg.com/cards/pt/BST/8;baixado;
swsh5;swsh5-9;9;Carnivine;https://limitlesstcg.nyc3.cdn.digitaloceanspaces.com/tpci/BST/BST_009_R_PT.png;https://limitlesstcg.com/cards/pt/BST/9;baixado;
swsh5;swsh5-10;10;Durant;https://limitlesstcg.nyc3.cdn.digitaloceanspaces.com/tpci/BST/BST_010_R_PT.png;https://limitlesstcg.com/cards/pt/BST/10;baixado;
swsh5;swsh5-11;11;Scatterbug;https://limitlesstcg.nyc3.cdn.digitaloceanspaces.com/tpci/BST/BST_011_R_PT.png;https://limitlesstcg.com/cards/pt/BST/11;baixado;
swsh5;swsh5-12;12;Spewpa;https://limitlesstcg.nyc3.cdn.digitaloceanspaces.com/tpci/BST/BST_012_R_PT.png;https://limitlesstcg.com/cards/pt/BST/12;baixado;
swsh5;swsh5-13;13;Vivillon;https://limitlesstcg.nyc3.cdn.digitaloceanspaces.com/tpci/BST/BST_013_R_PT.png;https://limitlesstcg.com/cards/pt/BST/13;baixado;
swsh5;swsh5-14;14;Fomantis;https://limitlesstcg.nyc3.cdn.digitaloceanspaces.com/tpci/BST/BST_014_R_PT.png;https://limitlesstcg.com/cards/pt/BST/14;baixado;
swsh5;swsh5-15;15;Lurantis;https://limitlesstcg.nyc3.cdn.digitaloceanspaces.com/tpci/BST/BST_015_R_PT.png;https://limitlesstcg.com/cards/pt/BST/15;baixado;
swsh5;swsh5-16;16;Tapu Bulu;https://limitlesstcg.nyc3.cdn.digitaloceanspaces.com/tpci/BST/BST_016_R_PT.png;https://limitlesstcg.com/cards/pt/BST/16;baixado;
swsh5;swsh5-17;17;Blipbug;https://limitlesstcg.nyc3.cdn.digitaloceanspaces.com/tpci/BST/BST_017_R_PT.png;https://limitlesstcg.com/cards/pt/BST/17;baixado;
swsh5;swsh5-18;18;Flapple V;https://limitlesstcg.nyc3.cdn.digitaloceanspaces.com/tpci/BST/BST_018_R_PT.png;https://limitlesstcg.com/cards/pt/BST/18;baixado;
swsh5;swsh5-19;19;Flapple VMAX;https://limitlesstcg.nyc3.cdn.digitaloceanspaces.com/tpci/BST/BST_019_R_PT.png;https://limitlesstcg.com/cards/pt/BST/19;baixado;
swsh5;swsh5-20;20;Entei;https://limitlesstcg.nyc3.cdn.digitaloceanspaces.com/tpci/BST/BST_020_R_PT.png;https://limitlesstcg.com/cards/pt/BST/20;baixado;
swsh5;swsh5-21;21;Victini V;https://limitlesstcg.nyc3.cdn.digitaloceanspaces.com/tpci/BST/BST_021_R_PT.png;https://limitlesstcg.com/cards/pt/BST/21;baixado;
swsh5;swsh5-22;22;Victini VMAX;https://limitlesstcg.nyc3.cdn.digitaloceanspaces.com/tpci/BST/BST_022_R_PT.png;https://limitlesstcg.com/cards/pt/BST/22;baixado;
swsh5;swsh5-23;23;Tepig;https://limitlesstcg.nyc3.cdn.digitaloceanspaces.com/tpci/BST/BST_023_R_PT.png;https://limitlesstcg.com/cards/pt/BST/23;baixado;
swsh5;swsh5-24;24;Pignite;https://limitlesstcg.nyc3.cdn.digitaloceanspaces.com/tpci/BST/BST_024_R_PT.png;https://limitlesstcg.com/cards/pt/BST/24;baixado;
swsh5;swsh5-25;25;Emboar;https://limitlesstcg.nyc3.cdn.digitaloceanspaces.com/tpci/BST/BST_025_R_PT.png;https://limitlesstcg.com/cards/pt/BST/25;baixado;
swsh5;swsh5-26;26;Heatmor;https://limitlesstcg.nyc3.cdn.digitaloceanspaces.com/tpci/BST/BST_026_R_PT.png;https://limitlesstcg.com/cards/pt/BST/26;baixado;
swsh5;swsh5-27;27;Salandit;https://limitlesstcg.nyc3.cdn.digitaloceanspaces.com/tpci/BST/BST_027_R_PT.png;https://limitlesstcg.com/cards/pt/BST/27;baixado;
swsh5;swsh5-28;28;Salazzle;https://limitlesstcg.nyc3.cdn.digitaloceanspaces.com/tpci/BST/BST_028_R_PT.png;https://limitlesstcg.com/cards/pt/BST/28;baixado;
swsh5;swsh5-29;29;Sizzlipede;https://limitlesstcg.nyc3.cdn.digitaloceanspaces.com/tpci/BST/BST_029_R_PT.png;https://limitlesstcg.com/cards/pt/BST/29;baixado;
swsh5;swsh5-30;30;Centiskorch;https://limitlesstcg.nyc3.cdn.digitaloceanspaces.com/tpci/BST/BST_030_R_PT.png;https://limitlesstcg.com/cards/pt/BST/30;baixado;
swsh5;swsh5-31;31;Horsea;https://limitlesstcg.nyc3.cdn.digitaloceanspaces.com/tpci/BST/BST_031_R_PT.png;https://limitlesstcg.com/cards/pt/BST/31;baixado;
swsh5;swsh5-32;32;Seadra;https://limitlesstcg.nyc3.cdn.digitaloceanspaces.com/tpci/BST/BST_032_R_PT.png;https://limitlesstcg.com/cards/pt/BST/32;baixado;
swsh5;swsh5-33;33;Kingdra;https://limitlesstcg.nyc3.cdn.digitaloceanspaces.com/tpci/BST/BST_033_R_PT.png;https://limitlesstcg.com/cards/pt/BST/33;baixado;
swsh5;swsh5-34;34;Mr. Mime de Galar;https://limitlesstcg.nyc3.cdn.digitaloceanspaces.com/tpci/BST/BST_034_R_PT.png;https://limitlesstcg.com/cards/pt/BST/34;baixado;
swsh5;swsh5-35;35;Mr. Rime de Galar;https://limitlesstcg.nyc3.cdn.digitaloceanspaces.com/tpci/BST/BST_035_R_PT.png;https://limitlesstcg.com/cards/pt/BST/35;baixado;
swsh5;swsh5-36;36;Remoraid;https://limitlesstcg.nyc3.cdn.digitaloceanspaces.com/tpci/BST/BST_036_R_PT.png;https://limitlesstcg.com/cards/pt/BST/36;baixado;
swsh5;swsh5-37;37;Octillery;https://limitlesstcg.nyc3.cdn.digitaloceanspaces.com/tpci/BST/BST_037_R_PT.png;https://limitlesstcg.com/cards/pt/BST/37;baixado;
swsh5;swsh5-38;38;Corphish;https://limitlesstcg.nyc3.cdn.digitaloceanspaces.com/tpci/BST/BST_038_R_PT.png;https://limitlesstcg.com/cards/pt/BST/38;baixado;
swsh5;swsh5-39;39;Crawdaunt;https://limitlesstcg.nyc3.cdn.digitaloceanspaces.com/tpci/BST/BST_039_R_PT.png;https://limitlesstcg.com/cards/pt/BST/39;baixado;
swsh5;swsh5-40;40;Empoleon V;https://limitlesstcg.nyc3.cdn.digitaloceanspaces.com/tpci/BST/BST_040_R_PT.png;https://limitlesstcg.com/cards/pt/BST/40;baixado;
swsh5;swsh5-41;41;Frillish;https://limitlesstcg.nyc3.cdn.digitaloceanspaces.com/tpci/BST/BST_041_R_PT.png;https://limitlesstcg.com/cards/pt/BST/41;baixado;
swsh5;swsh5-42;42;Jellicent;https://limitlesstcg.nyc3.cdn.digitaloceanspaces.com/tpci/BST/BST_042_R_PT.png;https://limitlesstcg.com/cards/pt/BST/42;baixado;
swsh5;swsh5-43;43;Bruxish;https://limitlesstcg.nyc3.cdn.digitaloceanspaces.com/tpci/BST/BST_043_R_PT.png;https://limitlesstcg.com/cards/pt/BST/43;baixado;
swsh5;swsh5-44;44;Electabuzz;https://limitlesstcg.nyc3.cdn.digitaloceanspaces.com/tpci/BST/BST_044_R_PT.png;https://limitlesstcg.com/cards/pt/BST/44;baixado;
swsh5;swsh5-45;45;Electivire;https://limitlesstcg.nyc3.cdn.digitaloceanspaces.com/tpci/BST/BST_045_R_PT.png;https://limitlesstcg.com/cards/pt/BST/45;baixado;
swsh5;swsh5-46;46;Shinx;https://limitlesstcg.nyc3.cdn.digitaloceanspaces.com/tpci/BST/BST_046_R_PT.png;https://limitlesstcg.com/cards/pt/BST/46;baixado;
swsh5;swsh5-47;47;Luxio;https://limitlesstcg.nyc3.cdn.digitaloceanspaces.com/tpci/BST/BST_047_R_PT.png;https://limitlesstcg.com/cards/pt/BST/47;baixado;
swsh5;swsh5-48;48;Luxray;https://limitlesstcg.nyc3.cdn.digitaloceanspaces.com/tpci/BST/BST_048_R_PT.png;https://limitlesstcg.com/cards/pt/BST/48;baixado;
swsh5;swsh5-49;49;Pachirisu;https://limitlesstcg.nyc3.cdn.digitaloceanspaces.com/tpci/BST/BST_049_R_PT.png;https://limitlesstcg.com/cards/pt/BST/49;baixado;
swsh5;swsh5-50;50;Tapu Koko V;https://limitlesstcg.nyc3.cdn.digitaloceanspaces.com/tpci/BST/BST_050_R_PT.png;https://limitlesstcg.com/cards/pt/BST/50;baixado;
swsh5;swsh5-51;51;Tapu Koko VMAX;https://limitlesstcg.nyc3.cdn.digitaloceanspaces.com/tpci/BST/BST_051_R_PT.png;https://limitlesstcg.com/cards/pt/BST/51;baixado;
swsh5;swsh5-52;52;Yamper;https://limitlesstcg.nyc3.cdn.digitaloceanspaces.com/tpci/BST/BST_052_R_PT.png;https://limitlesstcg.com/cards/pt/BST/52;baixado;
swsh5;swsh5-53;53;Boltund;https://limitlesstcg.nyc3.cdn.digitaloceanspaces.com/tpci/BST/BST_053_R_PT.png;https://limitlesstcg.com/cards/pt/BST/53;baixado;
swsh5;swsh5-54;54;Slowpoke de Galar;https://limitlesstcg.nyc3.cdn.digitaloceanspaces.com/tpci/BST/BST_054_R_PT.png;https://limitlesstcg.com/cards/pt/BST/54;baixado;
swsh5;swsh5-55;55;Spoink;https://limitlesstcg.nyc3.cdn.digitaloceanspaces.com/tpci/BST/BST_055_R_PT.png;https://limitlesstcg.com/cards/pt/BST/55;baixado;
swsh5;swsh5-56;56;Grumpig;https://limitlesstcg.nyc3.cdn.digitaloceanspaces.com/tpci/BST/BST_056_R_PT.png;https://limitlesstcg.com/cards/pt/BST/56;baixado;
swsh5;swsh5-57;57;Baltoy;https://limitlesstcg.nyc3.cdn.digitaloceanspaces.com/tpci/BST/BST_057_R_PT.png;https://limitlesstcg.com/cards/pt/BST/57;baixado;
swsh5;swsh5-58;58;Claydol;https://limitlesstcg.nyc3.cdn.digitaloceanspaces.com/tpci/BST/BST_058_R_PT.png;https://limitlesstcg.com/cards/pt/BST/58;baixado;
swsh5;swsh5-59;59;Chimecho;https://limitlesstcg.nyc3.cdn.digitaloceanspaces.com/tpci/BST/BST_059_R_PT.png;https://limitlesstcg.com/cards/pt/BST/59;baixado;
swsh5;swsh5-60;60;Espurr;https://limitlesstcg.nyc3.cdn.digitaloceanspaces.com/tpci/BST/BST_060_R_PT.png;https://limitlesstcg.com/cards/pt/BST/60;baixado;
swsh5;swsh5-61;61;Meowstic;https://limitlesstcg.nyc3.cdn.digitaloceanspaces.com/tpci/BST/BST_061_R_PT.png;https://limitlesstcg.com/cards/pt/BST/61;baixado;
swsh5;swsh5-62;62;Mimikyu V;https://limitlesstcg.nyc3.cdn.digitaloceanspaces.com/tpci/BST/BST_062_R_PT.png;https://limitlesstcg.com/cards/pt/BST/62;baixado;
swsh5;swsh5-63;63;Necrozma V;https://limitlesstcg.nyc3.cdn.digitaloceanspaces.com/tpci/BST/BST_063_R_PT.png;https://limitlesstcg.com/cards/pt/BST/63;baixado;
swsh5;swsh5-64;64;Dottler;https://limitlesstcg.nyc3.cdn.digitaloceanspaces.com/tpci/BST/BST_064_R_PT.png;https://limitlesstcg.com/cards/pt/BST/64;baixado;
swsh5;swsh5-65;65;Orbeetle;https://limitlesstcg.nyc3.cdn.digitaloceanspaces.com/tpci/BST/BST_065_R_PT.png;https://limitlesstcg.com/cards/pt/BST/65;baixado;
swsh5;swsh5-66;66;Mankey;https://limitlesstcg.nyc3.cdn.digitaloceanspaces.com/tpci/BST/BST_066_R_PT.png;https://limitlesstcg.com/cards/pt/BST/66;baixado;
swsh5;swsh5-67;67;Primeape;https://limitlesstcg.nyc3.cdn.digitaloceanspaces.com/tpci/BST/BST_067_R_PT.png;https://limitlesstcg.com/cards/pt/BST/67;baixado;
swsh5;swsh5-68;68;Onix;https://limitlesstcg.nyc3.cdn.digitaloceanspaces.com/tpci/BST/BST_068_R_PT.png;https://limitlesstcg.com/cards/pt/BST/68;baixado;
swsh5;swsh5-69;69;Cubone;https://limitlesstcg.nyc3.cdn.digitaloceanspaces.com/tpci/BST/BST_069_R_PT.png;https://limitlesstcg.com/cards/pt/BST/69;baixado;
swsh5;swsh5-70;70;Marowak;https://limitlesstcg.nyc3.cdn.digitaloceanspaces.com/tpci/BST/BST_070_R_PT.png;https://limitlesstcg.com/cards/pt/BST/70;baixado;
swsh5;swsh5-71;71;Gligar;https://limitlesstcg.nyc3.cdn.digitaloceanspaces.com/tpci/BST/BST_071_R_PT.png;https://limitlesstcg.com/cards/pt/BST/71;baixado;
swsh5;swsh5-72;72;Gliscor;https://limitlesstcg.nyc3.cdn.digitaloceanspaces.com/tpci/BST/BST_072_R_PT.png;https://limitlesstcg.com/cards/pt/BST/72;baixado;
swsh5;swsh5-73;73;Timburr;https://limitlesstcg.nyc3.cdn.digitaloceanspaces.com/tpci/BST/BST_073_R_PT.png;https://limitlesstcg.com/cards/pt/BST/73;baixado;
swsh5;swsh5-74;74;Gurdurr;https://limitlesstcg.nyc3.cdn.digitaloceanspaces.com/tpci/BST/BST_074_R_PT.png;https://limitlesstcg.com/cards/pt/BST/74;baixado;
swsh5;swsh5-75;75;Conkeldurr;https://limitlesstcg.nyc3.cdn.digitaloceanspaces.com/tpci/BST/BST_075_R_PT.png;https://limitlesstcg.com/cards/pt/BST/75;baixado;
swsh5;swsh5-76;76;Mienfoo;https://limitlesstcg.nyc3.cdn.digitaloceanspaces.com/tpci/BST/BST_076_R_PT.png;https://limitlesstcg.com/cards/pt/BST/76;baixado;
swsh5;swsh5-77;77;Mienshao;https://limitlesstcg.nyc3.cdn.digitaloceanspaces.com/tpci/BST/BST_077_R_PT.png;https://limitlesstcg.com/cards/pt/BST/77;baixado;
swsh5;swsh5-78;78;Rolycoly;https://limitlesstcg.nyc3.cdn.digitaloceanspaces.com/tpci/BST/BST_078_R_PT.png;https://limitlesstcg.com/cards/pt/BST/78;baixado;
swsh5;swsh5-79;79;Carkol;https://limitlesstcg.nyc3.cdn.digitaloceanspaces.com/tpci/BST/BST_079_R_PT.png;https://limitlesstcg.com/cards/pt/BST/79;baixado;
swsh5;swsh5-80;80;Coalossal;https://limitlesstcg.nyc3.cdn.digitaloceanspaces.com/tpci/BST/BST_080_R_PT.png;https://limitlesstcg.com/cards/pt/BST/80;baixado;
swsh5;swsh5-81;81;Silicobra;https://limitlesstcg.nyc3.cdn.digitaloceanspaces.com/tpci/BST/BST_081_R_PT.png;https://limitlesstcg.com/cards/pt/BST/81;baixado;
swsh5;swsh5-82;82;Sandaconda;https://limitlesstcg.nyc3.cdn.digitaloceanspaces.com/tpci/BST/BST_082_R_PT.png;https://limitlesstcg.com/cards/pt/BST/82;baixado;
swsh5;swsh5-83;83;Falinks;https://limitlesstcg.nyc3.cdn.digitaloceanspaces.com/tpci/BST/BST_083_R_PT.png;https://limitlesstcg.com/cards/pt/BST/83;baixado;
swsh5;swsh5-84;84;Stonjourner;https://limitlesstcg.nyc3.cdn.digitaloceanspaces.com/tpci/BST/BST_084_R_PT.png;https://limitlesstcg.com/cards/pt/BST/84;baixado;
swsh5;swsh5-85;85;Urshifu Golpe Decisivo V;https://limitlesstcg.nyc3.cdn.digitaloceanspaces.com/tpci/BST/BST_085_R_PT.png;https://limitlesstcg.com/cards/pt/BST/85;baixado;
swsh5;swsh5-86;86;Urshifu Golpe Decisivo VMAX;https://limitlesstcg.nyc3.cdn.digitaloceanspaces.com/tpci/BST/BST_086_R_PT.png;https://limitlesstcg.com/cards/pt/BST/86;baixado;
swsh5;swsh5-87;87;Urshifu Golpe Fluido V;https://limitlesstcg.nyc3.cdn.digitaloceanspaces.com/tpci/BST/BST_087_R_PT.png;https://limitlesstcg.com/cards/pt/BST/87;baixado;
swsh5;swsh5-88;88;Urshifu Golpe Fluido VMAX;https://limitlesstcg.nyc3.cdn.digitaloceanspaces.com/tpci/BST/BST_088_R_PT.png;https://limitlesstcg.com/cards/pt/BST/88;baixado;
swsh5;swsh5-89;89;Zubat;https://limitlesstcg.nyc3.cdn.digitaloceanspaces.com/tpci/BST/BST_089_R_PT.png;https://limitlesstcg.com/cards/pt/BST/89;baixado;
swsh5;swsh5-90;90;Golbat;https://limitlesstcg.nyc3.cdn.digitaloceanspaces.com/tpci/BST/BST_090_R_PT.png;https://limitlesstcg.com/cards/pt/BST/90;baixado;
swsh5;swsh5-91;91;Crobat;https://limitlesstcg.nyc3.cdn.digitaloceanspaces.com/tpci/BST/BST_091_R_PT.png;https://limitlesstcg.com/cards/pt/BST/91;baixado;
swsh5;swsh5-92;92;Slowbro de Galar;https://limitlesstcg.nyc3.cdn.digitaloceanspaces.com/tpci/BST/BST_092_R_PT.png;https://limitlesstcg.com/cards/pt/BST/92;baixado;
swsh5;swsh5-93;93;Murkrow;https://limitlesstcg.nyc3.cdn.digitaloceanspaces.com/tpci/BST/BST_093_R_PT.png;https://limitlesstcg.com/cards/pt/BST/93;baixado;
swsh5;swsh5-94;94;Honchkrow;https://limitlesstcg.nyc3.cdn.digitaloceanspaces.com/tpci/BST/BST_094_R_PT.png;https://limitlesstcg.com/cards/pt/BST/94;baixado;
swsh5;swsh5-95;95;Houndour;https://limitlesstcg.nyc3.cdn.digitaloceanspaces.com/tpci/BST/BST_095_R_PT.png;https://limitlesstcg.com/cards/pt/BST/95;baixado;
swsh5;swsh5-96;96;Houndoom;https://limitlesstcg.nyc3.cdn.digitaloceanspaces.com/tpci/BST/BST_096_R_PT.png;https://limitlesstcg.com/cards/pt/BST/96;baixado;
swsh5;swsh5-97;97;Tyranitar V;https://limitlesstcg.nyc3.cdn.digitaloceanspaces.com/tpci/BST/BST_097_R_PT.png;https://limitlesstcg.com/cards/pt/BST/97;baixado;
swsh5;swsh5-98;98;Morpeko;https://limitlesstcg.nyc3.cdn.digitaloceanspaces.com/tpci/BST/BST_098_R_PT.png;https://limitlesstcg.com/cards/pt/BST/98;baixado;
swsh5;swsh5-99;99;Steelix;https://limitlesstcg.nyc3.cdn.digitaloceanspaces.com/tpci/BST/BST_099_R_PT.png;https://limitlesstcg.com/cards/pt/BST/99;baixado;
swsh5;swsh5-100;100;Mawile;https://limitlesstcg.nyc3.cdn.digitaloceanspaces.com/tpci/BST/BST_100_R_PT.png;https://limitlesstcg.com/cards/pt/BST/100;baixado;
swsh5;swsh5-101;101;Bronzor;https://limitlesstcg.nyc3.cdn.digitaloceanspaces.com/tpci/BST/BST_101_R_PT.png;https://limitlesstcg.com/cards/pt/BST/101;baixado;
swsh5;swsh5-102;102;Bronzong;https://limitlesstcg.nyc3.cdn.digitaloceanspaces.com/tpci/BST/BST_102_R_PT.png;https://limitlesstcg.com/cards/pt/BST/102;baixado;
swsh5;swsh5-103;103;Pawniard;https://limitlesstcg.nyc3.cdn.digitaloceanspaces.com/tpci/BST/BST_103_R_PT.png;https://limitlesstcg.com/cards/pt/BST/103;baixado;
swsh5;swsh5-104;104;Bisharp;https://limitlesstcg.nyc3.cdn.digitaloceanspaces.com/tpci/BST/BST_104_R_PT.png;https://limitlesstcg.com/cards/pt/BST/104;baixado;
swsh5;swsh5-105;105;Honedge;https://limitlesstcg.nyc3.cdn.digitaloceanspaces.com/tpci/BST/BST_105_R_PT.png;https://limitlesstcg.com/cards/pt/BST/105;baixado;
swsh5;swsh5-106;106;Doublade;https://limitlesstcg.nyc3.cdn.digitaloceanspaces.com/tpci/BST/BST_106_R_PT.png;https://limitlesstcg.com/cards/pt/BST/106;baixado;
swsh5;swsh5-107;107;Aegislash;https://limitlesstcg.nyc3.cdn.digitaloceanspaces.com/tpci/BST/BST_107_R_PT.png;https://limitlesstcg.com/cards/pt/BST/107;baixado;
swsh5;swsh5-108;108;Aegislash;https://limitlesstcg.nyc3.cdn.digitaloceanspaces.com/tpci/BST/BST_108_R_PT.png;https://limitlesstcg.com/cards/pt/BST/108;baixado;
swsh5;swsh5-109;109;Corviknight V;https://limitlesstcg.nyc3.cdn.digitaloceanspaces.com/tpci/BST/BST_109_R_PT.png;https://limitlesstcg.com/cards/pt/BST/109;baixado;
swsh5;swsh5-110;110;Corviknight VMAX;https://limitlesstcg.nyc3.cdn.digitaloceanspaces.com/tpci/BST/BST_110_R_PT.png;https://limitlesstcg.com/cards/pt/BST/110;baixado;
swsh5;swsh5-111;111;Spearow;https://limitlesstcg.nyc3.cdn.digitaloceanspaces.com/tpci/BST/BST_111_R_PT.png;https://limitlesstcg.com/cards/pt/BST/111;baixado;
swsh5;swsh5-112;112;Fearow;https://limitlesstcg.nyc3.cdn.digitaloceanspaces.com/tpci/BST/BST_112_R_PT.png;https://limitlesstcg.com/cards/pt/BST/112;baixado;
swsh5;swsh5-113;113;Lickitung;https://limitlesstcg.nyc3.cdn.digitaloceanspaces.com/tpci/BST/BST_113_R_PT.png;https://limitlesstcg.com/cards/pt/BST/113;baixado;
swsh5;swsh5-114;114;Lickilicky;https://limitlesstcg.nyc3.cdn.digitaloceanspaces.com/tpci/BST/BST_114_R_PT.png;https://limitlesstcg.com/cards/pt/BST/114;baixado;
swsh5;swsh5-115;115;Glameow;https://limitlesstcg.nyc3.cdn.digitaloceanspaces.com/tpci/BST/BST_115_R_PT.png;https://limitlesstcg.com/cards/pt/BST/115;baixado;
swsh5;swsh5-116;116;Purugly;https://limitlesstcg.nyc3.cdn.digitaloceanspaces.com/tpci/BST/BST_116_R_PT.png;https://limitlesstcg.com/cards/pt/BST/116;baixado;
swsh5;swsh5-117;117;Stoutland V;https://limitlesstcg.nyc3.cdn.digitaloceanspaces.com/tpci/BST/BST_117_R_PT.png;https://limitlesstcg.com/cards/pt/BST/117;baixado;
swsh5;swsh5-118;118;Bouffalant;https://limitlesstcg.nyc3.cdn.digitaloceanspaces.com/tpci/BST/BST_118_R_PT.png;https://limitlesstcg.com/cards/pt/BST/118;baixado;
swsh5;swsh5-119;119;Drampa;https://limitlesstcg.nyc3.cdn.digitaloceanspaces.com/tpci/BST/BST_119_R_PT.png;https://limitlesstcg.com/cards/pt/BST/119;baixado;
swsh5;swsh5-120;120;Indeedee;https://limitlesstcg.nyc3.cdn.digitaloceanspaces.com/tpci/BST/BST_120_R_PT.png;https://limitlesstcg.com/cards/pt/BST/120;baixado;
swsh5;swsh5-121;121;Bruno;https://limitlesstcg.nyc3.cdn.digitaloceanspaces.com/tpci/BST/BST_121_R_PT.png;https://limitlesstcg.com/cards/pt/BST/121;baixado;
swsh5;swsh5-122;122;Equipamento de Camping;https://limitlesstcg.nyc3.cdn.digitaloceanspaces.com/tpci/BST/BST_122_R_PT.png;https://limitlesstcg.com/cards/pt/BST/122;baixado;
swsh5;swsh5-123;123;Cheryl;https://limitlesstcg.nyc3.cdn.digitaloceanspaces.com/tpci/BST/BST_123_R_PT.png;https://limitlesstcg.com/cards/pt/BST/123;baixado;
swsh5;swsh5-124;124;Reciclador de Energia;https://limitlesstcg.nyc3.cdn.digitaloceanspaces.com/tpci/BST/BST_124_R_PT.png;https://limitlesstcg.com/cards/pt/BST/124;baixado;
swsh5;swsh5-125;125;Corda de Fuga;https://limitlesstcg.nyc3.cdn.digitaloceanspaces.com/tpci/BST/BST_125_R_PT.png;https://limitlesstcg.com/cards/pt/BST/125;baixado;
swsh5;swsh5-126;126;Compart. Exp.;https://limitlesstcg.nyc3.cdn.digitaloceanspaces.com/tpci/BST/BST_126_R_PT.png;https://limitlesstcg.com/cards/pt/BST/126;baixado;
swsh5;swsh5-127;127;Leque de Ondas;https://limitlesstcg.nyc3.cdn.digitaloceanspaces.com/tpci/BST/BST_127_R_PT.png;https://limitlesstcg.com/cards/pt/BST/127;baixado;
swsh5;swsh5-128;128;Foco da Korrina;https://limitlesstcg.nyc3.cdn.digitaloceanspaces.com/tpci/BST/BST_128_R_PT.png;https://limitlesstcg.com/cards/pt/BST/128;baixado;
swsh5;swsh5-129;129;Bola de Nível;https://limitlesstcg.nyc3.cdn.digitaloceanspaces.com/tpci/BST/BST_129_R_PT.png;https://limitlesstcg.com/cards/pt/BST/129;baixado;
swsh5;swsh5-130;130;Spectra;https://limitlesstcg.nyc3.cdn.digitaloceanspaces.com/tpci/BST/BST_130_R_PT.png;https://limitlesstcg.com/cards/pt/BST/130;baixado;
swsh5;swsh5-131;131;Pergaminho de Turbilhão Golpe Fluido;https://limitlesstcg.nyc3.cdn.digitaloceanspaces.com/tpci/BST/BST_131_R_PT.png;https://limitlesstcg.com/cards/pt/BST/131;baixado;
swsh5;swsh5-132;132;Mostarda Estilo Golpe Fluido;https://limitlesstcg.nyc3.cdn.digitaloceanspaces.com/tpci/BST/BST_132_R_PT.png;https://limitlesstcg.com/cards/pt/BST/132;baixado;
swsh5;swsh5-133;133;Pergaminho de Desprezo Golpe Decisivo;https://limitlesstcg.nyc3.cdn.digitaloceanspaces.com/tpci/BST/BST_133_R_PT.png;https://limitlesstcg.com/cards/pt/BST/133;baixado;
swsh5;swsh5-134;134;Mostarda Estilo Golpe Decisivo;https://limitlesstcg.nyc3.cdn.digitaloceanspaces.com/tpci/BST/BST_134_R_PT.png;https://limitlesstcg.com/cards/pt/BST/134;baixado;
swsh5;swsh5-135;135;Espadarnaldo e Escudoberto;https://limitlesstcg.nyc3.cdn.digitaloceanspaces.com/tpci/BST/BST_135_R_PT.png;https://limitlesstcg.com/cards/pt/BST/135;baixado;
swsh5;swsh5-136;136;Bloqueador de Ferramentas;https://limitlesstcg.nyc3.cdn.digitaloceanspaces.com/tpci/BST/BST_136_R_PT.png;https://limitlesstcg.com/cards/pt/BST/136;baixado;
swsh5;swsh5-137;137;Torre das Sombras;https://limitlesstcg.nyc3.cdn.digitaloceanspaces.com/tpci/BST/BST_137_R_PT.png;https://limitlesstcg.com/cards/pt/BST/137;baixado;
swsh5;swsh5-138;138;Torre das Águas;https://limitlesstcg.nyc3.cdn.digitaloceanspaces.com/tpci/BST/BST_138_R_PT.png;https://limitlesstcg.com/cards/pt/BST/138;baixado;
swsh5;swsh5-139;139;Urna de Vitalidade;https://limitlesstcg.nyc3.cdn.digitaloceanspaces.com/tpci/BST/BST_139_R_PT.png;https://limitlesstcg.com/cards/pt/BST/139;baixado;
swsh5;swsh5-140;140;Energia Golpe Fluido;https://limitlesstcg.nyc3.cdn.digitaloceanspaces.com/tpci/BST/BST_140_R_PT.png;https://limitlesstcg.com/cards/pt/BST/140;baixado;
swsh5;swsh5-141;141;Energia Golpe Decisivo;https://limitlesstcg.nyc3.cdn.digitaloceanspaces.com/tpci/BST/BST_141_R_PT.png;https://limitlesstcg.com/cards/pt/BST/141;baixado;
swsh5;swsh5-142;142;Kricketune V;https://limitlesstcg.nyc3.cdn.digitaloceanspaces.com/tpci/BST/BST_142_R_PT.png;https://limitlesstcg.com/cards/pt/BST/142;baixado;
swsh5;swsh5-143;143;Flapple V;https://limitlesstcg.nyc3.cdn.digitaloceanspaces.com/tpci/BST/BST_143_R_PT.png;https://limitlesstcg.com/cards/pt/BST/143;baixado;
swsh5;swsh5-144;144;Victini V;https://limitlesstcg.nyc3.cdn.digitaloceanspaces.com/tpci/BST/BST_144_R_PT.png;https://limitlesstcg.com/cards/pt/BST/144;baixado;
swsh5;swsh5-145;145;Empoleon V;https://limitlesstcg.nyc3.cdn.digitaloceanspaces.com/tpci/BST/BST_145_R_PT.png;https://limitlesstcg.com/cards/pt/BST/145;baixado;
swsh5;swsh5-146;146;Empoleon V;https://limitlesstcg.nyc3.cdn.digitaloceanspaces.com/tpci/BST/BST_146_R_PT.png;https://limitlesstcg.com/cards/pt/BST/146;baixado;
swsh5;swsh5-147;147;Tapu Koko V;https://limitlesstcg.nyc3.cdn.digitaloceanspaces.com/tpci/BST/BST_147_R_PT.png;https://limitlesstcg.com/cards/pt/BST/147;baixado;
swsh5;swsh5-148;148;Mimikyu V;https://limitlesstcg.nyc3.cdn.digitaloceanspaces.com/tpci/BST/BST_148_R_PT.png;https://limitlesstcg.com/cards/pt/BST/148;baixado;
swsh5;swsh5-149;149;Necrozma V;https://limitlesstcg.nyc3.cdn.digitaloceanspaces.com/tpci/BST/BST_149_R_PT.png;https://limitlesstcg.com/cards/pt/BST/149;baixado;
swsh5;swsh5-150;150;Urshifu Golpe Decisivo V;https://limitlesstcg.nyc3.cdn.digitaloceanspaces.com/tpci/BST/BST_150_R_PT.png;https://limitlesstcg.com/cards/pt/BST/150;baixado;
swsh5;swsh5-151;151;Urshifu Golpe Decisivo V;https://limitlesstcg.nyc3.cdn.digitaloceanspaces.com/tpci/BST/BST_151_R_PT.png;https://limitlesstcg.com/cards/pt/BST/151;baixado;
swsh5;swsh5-152;152;Urshifu Golpe Fluido V;https://limitlesstcg.nyc3.cdn.digitaloceanspaces.com/tpci/BST/BST_152_R_PT.png;https://limitlesstcg.com/cards/pt/BST/152;baixado;
swsh5;swsh5-153;153;Urshifu Golpe Fluido V;https://limitlesstcg.nyc3.cdn.digitaloceanspaces.com/tpci/BST/BST_153_R_PT.png;https://limitlesstcg.com/cards/pt/BST/153;baixado;
swsh5;swsh5-154;154;Tyranitar V;https://limitlesstcg.nyc3.cdn.digitaloceanspaces.com/tpci/BST/BST_154_R_PT.png;https://limitlesstcg.com/cards/pt/BST/154;baixado;
swsh5;swsh5-155;155;Tyranitar V;https://limitlesstcg.nyc3.cdn.digitaloceanspaces.com/tpci/BST/BST_155_R_PT.png;https://limitlesstcg.com/cards/pt/BST/155;baixado;
swsh5;swsh5-156;156;Corviknight V;https://limitlesstcg.nyc3.cdn.digitaloceanspaces.com/tpci/BST/BST_156_R_PT.png;https://limitlesstcg.com/cards/pt/BST/156;baixado;
swsh5;swsh5-157;157;Stoutland V;https://limitlesstcg.nyc3.cdn.digitaloceanspaces.com/tpci/BST/BST_157_R_PT.png;https://limitlesstcg.com/cards/pt/BST/157;baixado;
swsh5;swsh5-158;158;Bruno;https://limitlesstcg.nyc3.cdn.digitaloceanspaces.com/tpci/BST/BST_158_R_PT.png;https://limitlesstcg.com/cards/pt/BST/158;baixado;
swsh5;swsh5-159;159;Cheryl;https://limitlesstcg.nyc3.cdn.digitaloceanspaces.com/tpci/BST/BST_159_R_PT.png;https://limitlesstcg.com/cards/pt/BST/159;baixado;
swsh5;swsh5-160;160;Foco da Korrina;https://limitlesstcg.nyc3.cdn.digitaloceanspaces.com/tpci/BST/BST_160_R_PT.png;https://limitlesstcg.com/cards/pt/BST/160;baixado;
swsh5;swsh5-161;161;Spectra;https://limitlesstcg.nyc3.cdn.digitaloceanspaces.com/tpci/BST/BST_161_R_PT.png;https://limitlesstcg.com/cards/pt/BST/161;baixado;
swsh5;swsh5-162;162;Mostarda Estilo Golpe Fluido;https://limitlesstcg.nyc3.cdn.digitaloceanspaces.com/tpci/BST/BST_162_R_PT.png;https://limitlesstcg.com/cards/pt/BST/162;baixado;
swsh5;swsh5-163;163;Mostarda Estilo Golpe Decisivo;https://limitlesstcg.nyc3.cdn.digitaloceanspaces.com/tpci/BST/BST_163_R_PT.png;https://limitlesstcg.com/cards/pt/BST/163;baixado;
swsh5;swsh5-164;164;Flapple VMAX;https://limitlesstcg.nyc3.cdn.digitaloceanspaces.com/tpci/BST/BST_164_R_PT.png;https://limitlesstcg.com/cards/pt/BST/164;baixado;
swsh5;swsh5-165;165;Victini VMAX;https://limitlesstcg.nyc3.cdn.digitaloceanspaces.com/tpci/BST/BST_165_R_PT.png;https://limitlesstcg.com/cards/pt/BST/165;baixado;
swsh5;swsh5-166;166;Tapu Koko VMAX;https://limitlesstcg.nyc3.cdn.digitaloceanspaces.com/tpci/BST/BST_166_R_PT.png;https://limitlesstcg.com/cards/pt/BST/166;baixado;
swsh5;swsh5-167;167;Urshifu Golpe Decisivo VMAX;https://limitlesstcg.nyc3.cdn.digitaloceanspaces.com/tpci/BST/BST_167_R_PT.png;https://limitlesstcg.com/cards/pt/BST/167;baixado;
swsh5;swsh5-168;168;Urshifu Golpe Decisivo VMAX;https://limitlesstcg.nyc3.cdn.digitaloceanspaces.com/tpci/BST/BST_168_R_PT.png;https://limitlesstcg.com/cards/pt/BST/168;baixado;
swsh5;swsh5-169;169;Urshifu Golpe Fluido VMAX;https://limitlesstcg.nyc3.cdn.digitaloceanspaces.com/tpci/BST/BST_169_R_PT.png;https://limitlesstcg.com/cards/pt/BST/169;baixado;
swsh5;swsh5-170;170;Urshifu Golpe Fluido VMAX;https://limitlesstcg.nyc3.cdn.digitaloceanspaces.com/tpci/BST/BST_170_R_PT.png;https://limitlesstcg.com/cards/pt/BST/170;baixado;
swsh5;swsh5-171;171;Corviknight VMAX;https://limitlesstcg.nyc3.cdn.digitaloceanspaces.com/tpci/BST/BST_171_R_PT.png;https://limitlesstcg.com/cards/pt/BST/171;baixado;
swsh5;swsh5-172;172;Bruno;https://limitlesstcg.nyc3.cdn.digitaloceanspaces.com/tpci/BST/BST_172_R_PT.png;https://limitlesstcg.com/cards/pt/BST/172;baixado;
swsh5;swsh5-173;173;Cheryl;https://limitlesstcg.nyc3.cdn.digitaloceanspaces.com/tpci/BST/BST_173_R_PT.png;https://limitlesstcg.com/cards/pt/BST/173;baixado;
swsh5;swsh5-174;174;Foco da Korrina;https://limitlesstcg.nyc3.cdn.digitaloceanspaces.com/tpci/BST/BST_174_R_PT.png;https://limitlesstcg.com/cards/pt/BST/174;baixado;
swsh5;swsh5-175;175;Spectra;https://limitlesstcg.nyc3.cdn.digitaloceanspaces.com/tpci/BST/BST_175_R_PT.png;https://limitlesstcg.com/cards/pt/BST/175;baixado;
swsh5;swsh5-176;176;Mostarda Estilo Golpe Fluido;https://limitlesstcg.nyc3.cdn.digitaloceanspaces.com/tpci/BST/BST_176_R_PT.png;https://limitlesstcg.com/cards/pt/BST/176;baixado;
swsh5;swsh5-177;177;Mostarda Estilo Golpe Decisivo;https://limitlesstcg.nyc3.cdn.digitaloceanspaces.com/tpci/BST/BST_177_R_PT.png;https://limitlesstcg.com/cards/pt/BST/177;baixado;
swsh5;swsh5-178;178;Octillery;https://limitlesstcg.nyc3.cdn.digitaloceanspaces.com/tpci/BST/BST_178_R_PT.png;https://limitlesstcg.com/cards/pt/BST/178;baixado;
swsh5;swsh5-179;179;Houndoom;https://limitlesstcg.nyc3.cdn.digitaloceanspaces.com/tpci/BST/BST_179_R_PT.png;https://limitlesstcg.com/cards/pt/BST/179;baixado;
swsh5;swsh5-180;180;Compart. Exp.;https://limitlesstcg.nyc3.cdn.digitaloceanspaces.com/tpci/BST/BST_180_R_PT.png;https://limitlesstcg.com/cards/pt/BST/180;baixado;
swsh5;swsh5-181;181;Bola de Nível;https://limitlesstcg.nyc3.cdn.digitaloceanspaces.com/tpci/BST/BST_181_R_PT.png;https://limitlesstcg.com/cards/pt/BST/181;baixado;
swsh5;swsh5-182;182;Energia Golpe Fluido;https://limitlesstcg.nyc3.cdn.digitaloceanspaces.com/tpci/BST/BST_182_R_PT.png;https://limitlesstcg.com/cards/pt/BST/182;baixado;
swsh5;swsh5-183;183;Energia Golpe Decisivo;https://limitlesstcg.nyc3.cdn.digitaloceanspaces.com/tpci/BST/BST_183_R_PT.png;https://limitlesstcg.com/cards/pt/BST/183;baixado;
swsh6;swsh6-1;1;Weedle;https://limitlesstcg.nyc3.cdn.digitaloceanspaces.com/tpci/CRE/CRE_001_R_PT.png;https://limitlesstcg.com/cards/pt/CRE/1;baixado;
swsh6;swsh6-2;2;Kakuna;https://limitlesstcg.nyc3.cdn.digitaloceanspaces.com/tpci/CRE/CRE_002_R_PT.png;https://limitlesstcg.com/cards/pt/CRE/2;baixado;
swsh6;swsh6-3;3;Beedrill;https://limitlesstcg.nyc3.cdn.digitaloceanspaces.com/tpci/CRE/CRE_003_R_PT.png;https://limitlesstcg.com/cards/pt/CRE/3;baixado;
swsh6;swsh6-4;4;Ledyba;https://limitlesstcg.nyc3.cdn.digitaloceanspaces.com/tpci/CRE/CRE_004_R_PT.png;https://limitlesstcg.com/cards/pt/CRE/4;baixado;
swsh6;swsh6-5;5;Ledian;https://limitlesstcg.nyc3.cdn.digitaloceanspaces.com/tpci/CRE/CRE_005_R_PT.png;https://limitlesstcg.com/cards/pt/CRE/5;baixado;
swsh6;swsh6-6;6;Heracross;https://limitlesstcg.nyc3.cdn.digitaloceanspaces.com/tpci/CRE/CRE_006_R_PT.png;https://limitlesstcg.com/cards/pt/CRE/6;baixado;
swsh6;swsh6-7;7;Celebi V;https://limitlesstcg.nyc3.cdn.digitaloceanspaces.com/tpci/CRE/CRE_007_R_PT.png;https://limitlesstcg.com/cards/pt/CRE/7;baixado;
swsh6;swsh6-8;8;Celebi VMAX;https://limitlesstcg.nyc3.cdn.digitaloceanspaces.com/tpci/CRE/CRE_008_R_PT.png;https://limitlesstcg.com/cards/pt/CRE/8;baixado;
swsh6;swsh6-9;9;Snover;https://limitlesstcg.nyc3.cdn.digitaloceanspaces.com/tpci/CRE/CRE_009_R_PT.png;https://limitlesstcg.com/cards/pt/CRE/9;baixado;
swsh6;swsh6-10;10;Abomasnow;https://limitlesstcg.nyc3.cdn.digitaloceanspaces.com/tpci/CRE/CRE_010_R_PT.png;https://limitlesstcg.com/cards/pt/CRE/10;baixado;
swsh6;swsh6-11;11;Deerling;https://limitlesstcg.nyc3.cdn.digitaloceanspaces.com/tpci/CRE/CRE_011_R_PT.png;https://limitlesstcg.com/cards/pt/CRE/11;baixado;
swsh6;swsh6-12;12;Sawsbuck;https://limitlesstcg.nyc3.cdn.digitaloceanspaces.com/tpci/CRE/CRE_012_R_PT.png;https://limitlesstcg.com/cards/pt/CRE/12;baixado;
swsh6;swsh6-13;13;Bounsweet;https://limitlesstcg.nyc3.cdn.digitaloceanspaces.com/tpci/CRE/CRE_013_R_PT.png;https://limitlesstcg.com/cards/pt/CRE/13;baixado;
swsh6;swsh6-14;14;Steenee;https://limitlesstcg.nyc3.cdn.digitaloceanspaces.com/tpci/CRE/CRE_014_R_PT.png;https://limitlesstcg.com/cards/pt/CRE/14;baixado;
swsh6;swsh6-15;15;Tsareena;https://limitlesstcg.nyc3.cdn.digitaloceanspaces.com/tpci/CRE/CRE_015_R_PT.png;https://limitlesstcg.com/cards/pt/CRE/15;baixado;
swsh6;swsh6-16;16;Grookey;https://limitlesstcg.nyc3.cdn.digitaloceanspaces.com/tpci/CRE/CRE_016_R_PT.png;https://limitlesstcg.com/cards/pt/CRE/16;baixado;
swsh6;swsh6-17;17;Thwackey;https://limitlesstcg.nyc3.cdn.digitaloceanspaces.com/tpci/CRE/CRE_017_R_PT.png;https://limitlesstcg.com/cards/pt/CRE/17;baixado;
swsh6;swsh6-18;18;Rillaboom;https://limitlesstcg.nyc3.cdn.digitaloceanspaces.com/tpci/CRE/CRE_018_R_PT.png;https://limitlesstcg.com/cards/pt/CRE/18;baixado;
swsh6;swsh6-19;19;Zarude;https://limitlesstcg.nyc3.cdn.digitaloceanspaces.com/tpci/CRE/CRE_019_R_PT.png;https://limitlesstcg.com/cards/pt/CRE/19;baixado;
swsh6;swsh6-20;20;Blaziken V;https://limitlesstcg.nyc3.cdn.digitaloceanspaces.com/tpci/CRE/CRE_020_R_PT.png;https://limitlesstcg.com/cards/pt/CRE/20;baixado;
swsh6;swsh6-21;21;Blaziken VMAX;https://limitlesstcg.nyc3.cdn.digitaloceanspaces.com/tpci/CRE/CRE_021_R_PT.png;https://limitlesstcg.com/cards/pt/CRE/21;baixado;
swsh6;swsh6-22;22;Castform Forma Ensolarada;https://limitlesstcg.nyc3.cdn.digitaloceanspaces.com/tpci/CRE/CRE_022_R_PT.png;https://limitlesstcg.com/cards/pt/CRE/22;baixado;
swsh6;swsh6-23;23;Larvesta;https://limitlesstcg.nyc3.cdn.digitaloceanspaces.com/tpci/CRE/CRE_023_R_PT.png;https://limitlesstcg.com/cards/pt/CRE/23;baixado;
swsh6;swsh6-24;24;Volcarona;https://limitlesstcg.nyc3.cdn.digitaloceanspaces.com/tpci/CRE/CRE_024_R_PT.png;https://limitlesstcg.com/cards/pt/CRE/24;baixado;
swsh6;swsh6-25;25;Volcanion V;https://limitlesstcg.nyc3.cdn.digitaloceanspaces.com/tpci/CRE/CRE_025_R_PT.png;https://limitlesstcg.com/cards/pt/CRE/25;baixado;
swsh6;swsh6-26;26;Scorbunny;https://limitlesstcg.nyc3.cdn.digitaloceanspaces.com/tpci/CRE/CRE_026_R_PT.png;https://limitlesstcg.com/cards/pt/CRE/26;baixado;
swsh6;swsh6-27;27;Raboot;https://limitlesstcg.nyc3.cdn.digitaloceanspaces.com/tpci/CRE/CRE_027_R_PT.png;https://limitlesstcg.com/cards/pt/CRE/27;baixado;
swsh6;swsh6-28;28;Cinderace;https://limitlesstcg.nyc3.cdn.digitaloceanspaces.com/tpci/CRE/CRE_028_R_PT.png;https://limitlesstcg.com/cards/pt/CRE/28;baixado;
swsh6;swsh6-29;29;Lapras;https://limitlesstcg.nyc3.cdn.digitaloceanspaces.com/tpci/CRE/CRE_029_R_PT.png;https://limitlesstcg.com/cards/pt/CRE/29;baixado;
swsh6;swsh6-30;30;Sneasel;https://limitlesstcg.nyc3.cdn.digitaloceanspaces.com/tpci/CRE/CRE_030_R_PT.png;https://limitlesstcg.com/cards/pt/CRE/30;baixado;
swsh6;swsh6-31;31;Weavile;https://limitlesstcg.nyc3.cdn.digitaloceanspaces.com/tpci/CRE/CRE_031_R_PT.png;https://limitlesstcg.com/cards/pt/CRE/31;baixado;
swsh6;swsh6-32;32;Delibird;https://limitlesstcg.nyc3.cdn.digitaloceanspaces.com/tpci/CRE/CRE_032_R_PT.png;https://limitlesstcg.com/cards/pt/CRE/32;baixado;
swsh6;swsh6-33;33;Castform Forma Chuvosa;https://limitlesstcg.nyc3.cdn.digitaloceanspaces.com/tpci/CRE/CRE_033_R_PT.png;https://limitlesstcg.com/cards/pt/CRE/33;baixado;
swsh6;swsh6-34;34;Castform Forma Nevada;https://limitlesstcg.nyc3.cdn.digitaloceanspaces.com/tpci/CRE/CRE_034_R_PT.png;https://limitlesstcg.com/cards/pt/CRE/34;baixado;
swsh6;swsh6-35;35;Snorunt;https://limitlesstcg.nyc3.cdn.digitaloceanspaces.com/tpci/CRE/CRE_035_R_PT.png;https://limitlesstcg.com/cards/pt/CRE/35;baixado;
swsh6;swsh6-36;36;Froslass;https://limitlesstcg.nyc3.cdn.digitaloceanspaces.com/tpci/CRE/CRE_036_R_PT.png;https://limitlesstcg.com/cards/pt/CRE/36;baixado;
swsh6;swsh6-37;37;Spheal;https://limitlesstcg.nyc3.cdn.digitaloceanspaces.com/tpci/CRE/CRE_037_R_PT.png;https://limitlesstcg.com/cards/pt/CRE/37;baixado;
swsh6;swsh6-38;38;Sealeo;https://limitlesstcg.nyc3.cdn.digitaloceanspaces.com/tpci/CRE/CRE_038_R_PT.png;https://limitlesstcg.com/cards/pt/CRE/38;baixado;
swsh6;swsh6-39;39;Walrein;https://limitlesstcg.nyc3.cdn.digitaloceanspaces.com/tpci/CRE/CRE_039_R_PT.png;https://limitlesstcg.com/cards/pt/CRE/39;baixado;
swsh6;swsh6-40;40;Tapu Fini;https://limitlesstcg.nyc3.cdn.digitaloceanspaces.com/tpci/CRE/CRE_040_R_PT.png;https://limitlesstcg.com/cards/pt/CRE/40;baixado;
swsh6;swsh6-41;41;Sobble;https://limitlesstcg.nyc3.cdn.digitaloceanspaces.com/tpci/CRE/CRE_041_R_PT.png;https://limitlesstcg.com/cards/pt/CRE/41;baixado;
swsh6;swsh6-42;42;Drizzile;https://limitlesstcg.nyc3.cdn.digitaloceanspaces.com/tpci/CRE/CRE_042_R_PT.png;https://limitlesstcg.com/cards/pt/CRE/42;baixado;
swsh6;swsh6-43;43;Inteleon;https://limitlesstcg.nyc3.cdn.digitaloceanspaces.com/tpci/CRE/CRE_043_R_PT.png;https://limitlesstcg.com/cards/pt/CRE/43;baixado;
swsh6;swsh6-44;44;Urshifu Golpe Fluido;https://limitlesstcg.nyc3.cdn.digitaloceanspaces.com/tpci/CRE/CRE_044_R_PT.png;https://limitlesstcg.com/cards/pt/CRE/44;baixado;
swsh6;swsh6-45;45;Calyrex Cavaleiro Glacial V;https://limitlesstcg.nyc3.cdn.digitaloceanspaces.com/tpci/CRE/CRE_045_R_PT.png;https://limitlesstcg.com/cards/pt/CRE/45;baixado;
swsh6;swsh6-46;46;Calyrex Cavaleiro Glacial VMAX;https://limitlesstcg.nyc3.cdn.digitaloceanspaces.com/tpci/CRE/CRE_046_R_PT.png;https://limitlesstcg.com/cards/pt/CRE/46;baixado;
swsh6;swsh6-47;47;Mareep;https://limitlesstcg.nyc3.cdn.digitaloceanspaces.com/tpci/CRE/CRE_047_R_PT.png;https://limitlesstcg.com/cards/pt/CRE/47;baixado;
swsh6;swsh6-48;48;Flaaffy;https://limitlesstcg.nyc3.cdn.digitaloceanspaces.com/tpci/CRE/CRE_048_R_PT.png;https://limitlesstcg.com/cards/pt/CRE/48;baixado;
swsh6;swsh6-49;49;Ampharos;https://limitlesstcg.nyc3.cdn.digitaloceanspaces.com/tpci/CRE/CRE_049_R_PT.png;https://limitlesstcg.com/cards/pt/CRE/49;baixado;
swsh6;swsh6-50;50;Blitzle;https://limitlesstcg.nyc3.cdn.digitaloceanspaces.com/tpci/CRE/CRE_050_R_PT.png;https://limitlesstcg.com/cards/pt/CRE/50;baixado;
swsh6;swsh6-51;51;Zebstrika;https://limitlesstcg.nyc3.cdn.digitaloceanspaces.com/tpci/CRE/CRE_051_R_PT.png;https://limitlesstcg.com/cards/pt/CRE/51;baixado;
swsh6;swsh6-52;52;Thundurus;https://limitlesstcg.nyc3.cdn.digitaloceanspaces.com/tpci/CRE/CRE_052_R_PT.png;https://limitlesstcg.com/cards/pt/CRE/52;baixado;
swsh6;swsh6-53;53;Zeraora V;https://limitlesstcg.nyc3.cdn.digitaloceanspaces.com/tpci/CRE/CRE_053_R_PT.png;https://limitlesstcg.com/cards/pt/CRE/53;baixado;
swsh6;swsh6-54;54;Slowpoke de Galar;https://limitlesstcg.nyc3.cdn.digitaloceanspaces.com/tpci/CRE/CRE_054_R_PT.png;https://limitlesstcg.com/cards/pt/CRE/54;baixado;
swsh6;swsh6-55;55;Gastly;https://limitlesstcg.nyc3.cdn.digitaloceanspaces.com/tpci/CRE/CRE_055_R_PT.png;https://limitlesstcg.com/cards/pt/CRE/55;baixado;
swsh6;swsh6-56;56;Haunter;https://limitlesstcg.nyc3.cdn.digitaloceanspaces.com/tpci/CRE/CRE_056_R_PT.png;https://limitlesstcg.com/cards/pt/CRE/56;baixado;
swsh6;swsh6-57;57;Gengar;https://limitlesstcg.nyc3.cdn.digitaloceanspaces.com/tpci/CRE/CRE_057_R_PT.png;https://limitlesstcg.com/cards/pt/CRE/57;baixado;
swsh6;swsh6-58;58;Articuno de Galar V;https://limitlesstcg.nyc3.cdn.digitaloceanspaces.com/tpci/CRE/CRE_058_R_PT.png;https://limitlesstcg.com/cards/pt/CRE/58;baixado;
swsh6;swsh6-59;59;Ralts;https://limitlesstcg.nyc3.cdn.digitaloceanspaces.com/tpci/CRE/CRE_059_R_PT.png;https://limitlesstcg.com/cards/pt/CRE/59;baixado;
swsh6;swsh6-60;60;Kirlia;https://limitlesstcg.nyc3.cdn.digitaloceanspaces.com/tpci/CRE/CRE_060_R_PT.png;https://limitlesstcg.com/cards/pt/CRE/60;baixado;
swsh6;swsh6-61;61;Gardevoir;https://limitlesstcg.nyc3.cdn.digitaloceanspaces.com/tpci/CRE/CRE_061_R_PT.png;https://limitlesstcg.com/cards/pt/CRE/61;baixado;
swsh6;swsh6-62;62;Shuppet;https://limitlesstcg.nyc3.cdn.digitaloceanspaces.com/tpci/CRE/CRE_062_R_PT.png;https://limitlesstcg.com/cards/pt/CRE/62;baixado;
swsh6;swsh6-63;63;Banette;https://limitlesstcg.nyc3.cdn.digitaloceanspaces.com/tpci/CRE/CRE_063_R_PT.png;https://limitlesstcg.com/cards/pt/CRE/63;baixado;
swsh6;swsh6-64;64;Cresselia;https://limitlesstcg.nyc3.cdn.digitaloceanspaces.com/tpci/CRE/CRE_064_R_PT.png;https://limitlesstcg.com/cards/pt/CRE/64;baixado;
swsh6;swsh6-65;65;Golett;https://limitlesstcg.nyc3.cdn.digitaloceanspaces.com/tpci/CRE/CRE_065_R_PT.png;https://limitlesstcg.com/cards/pt/CRE/65;baixado;
swsh6;swsh6-66;66;Golurk;https://limitlesstcg.nyc3.cdn.digitaloceanspaces.com/tpci/CRE/CRE_066_R_PT.png;https://limitlesstcg.com/cards/pt/CRE/66;baixado;
swsh6;swsh6-67;67;Swirlix;https://limitlesstcg.nyc3.cdn.digitaloceanspaces.com/tpci/CRE/CRE_067_R_PT.png;https://limitlesstcg.com/cards/pt/CRE/67;baixado;
swsh6;swsh6-68;68;Slurpuff;https://limitlesstcg.nyc3.cdn.digitaloceanspaces.com/tpci/CRE/CRE_068_R_PT.png;https://limitlesstcg.com/cards/pt/CRE/68;baixado;
swsh6;swsh6-69;69;Inkay;https://limitlesstcg.nyc3.cdn.digitaloceanspaces.com/tpci/CRE/CRE_069_R_PT.png;https://limitlesstcg.com/cards/pt/CRE/69;baixado;
swsh6;swsh6-70;70;Malamar;https://limitlesstcg.nyc3.cdn.digitaloceanspaces.com/tpci/CRE/CRE_070_R_PT.png;https://limitlesstcg.com/cards/pt/CRE/70;baixado;
swsh6;swsh6-71;71;Hatenna;https://limitlesstcg.nyc3.cdn.digitaloceanspaces.com/tpci/CRE/CRE_071_R_PT.png;https://limitlesstcg.com/cards/pt/CRE/71;baixado;
swsh6;swsh6-72;72;Hattrem;https://limitlesstcg.nyc3.cdn.digitaloceanspaces.com/tpci/CRE/CRE_072_R_PT.png;https://limitlesstcg.com/cards/pt/CRE/72;baixado;
swsh6;swsh6-73;73;Hatterene;https://limitlesstcg.nyc3.cdn.digitaloceanspaces.com/tpci/CRE/CRE_073_R_PT.png;https://limitlesstcg.com/cards/pt/CRE/73;baixado;
swsh6;swsh6-74;74;Calyrex Cavaleiro Espectral V;https://limitlesstcg.nyc3.cdn.digitaloceanspaces.com/tpci/CRE/CRE_074_R_PT.png;https://limitlesstcg.com/cards/pt/CRE/74;baixado;
swsh6;swsh6-75;75;Calyrex Cavaleiro Espectral VMAX;https://limitlesstcg.nyc3.cdn.digitaloceanspaces.com/tpci/CRE/CRE_075_R_PT.png;https://limitlesstcg.com/cards/pt/CRE/75;baixado;
swsh6;swsh6-76;76;Diglett;https://limitlesstcg.nyc3.cdn.digitaloceanspaces.com/tpci/CRE/CRE_076_R_PT.png;https://limitlesstcg.com/cards/pt/CRE/76;baixado;
swsh6;swsh6-77;77;Dugtrio;https://limitlesstcg.nyc3.cdn.digitaloceanspaces.com/tpci/CRE/CRE_077_R_PT.png;https://limitlesstcg.com/cards/pt/CRE/77;baixado;
swsh6;swsh6-78;78;Farfetch'd de Galar;https://limitlesstcg.nyc3.cdn.digitaloceanspaces.com/tpci/CRE/CRE_078_R_PT.png;https://limitlesstcg.com/cards/pt/CRE/78;baixado;
swsh6;swsh6-79;79;Sirfetch'd de Galar;https://limitlesstcg.nyc3.cdn.digitaloceanspaces.com/tpci/CRE/CRE_079_R_PT.png;https://limitlesstcg.com/cards/pt/CRE/79;baixado;
swsh6;swsh6-80;80;Zapdos de Galar V;https://limitlesstcg.nyc3.cdn.digitaloceanspaces.com/tpci/CRE/CRE_080_R_PT.png;https://limitlesstcg.com/cards/pt/CRE/80;baixado;
swsh6;swsh6-81;81;Gallade;https://limitlesstcg.nyc3.cdn.digitaloceanspaces.com/tpci/CRE/CRE_081_R_PT.png;https://limitlesstcg.com/cards/pt/CRE/81;baixado;
swsh6;swsh6-82;82;Yamask de Galar;https://limitlesstcg.nyc3.cdn.digitaloceanspaces.com/tpci/CRE/CRE_082_R_PT.png;https://limitlesstcg.com/cards/pt/CRE/82;baixado;
swsh6;swsh6-83;83;Runerigus de Galar;https://limitlesstcg.nyc3.cdn.digitaloceanspaces.com/tpci/CRE/CRE_083_R_PT.png;https://limitlesstcg.com/cards/pt/CRE/83;baixado;
swsh6;swsh6-84;84;Crabrawler;https://limitlesstcg.nyc3.cdn.digitaloceanspaces.com/tpci/CRE/CRE_084_R_PT.png;https://limitlesstcg.com/cards/pt/CRE/84;baixado;
swsh6;swsh6-85;85;Crabominable;https://limitlesstcg.nyc3.cdn.digitaloceanspaces.com/tpci/CRE/CRE_085_R_PT.png;https://limitlesstcg.com/cards/pt/CRE/85;baixado;
swsh6;swsh6-86;86;Rockruff;https://limitlesstcg.nyc3.cdn.digitaloceanspaces.com/tpci/CRE/CRE_086_R_PT.png;https://limitlesstcg.com/cards/pt/CRE/86;baixado;
swsh6;swsh6-87;87;Lycanroc;https://limitlesstcg.nyc3.cdn.digitaloceanspaces.com/tpci/CRE/CRE_087_R_PT.png;https://limitlesstcg.com/cards/pt/CRE/87;baixado;
swsh6;swsh6-88;88;Passimian;https://limitlesstcg.nyc3.cdn.digitaloceanspaces.com/tpci/CRE/CRE_088_R_PT.png;https://limitlesstcg.com/cards/pt/CRE/88;baixado;
swsh6;swsh6-89;89;Sandaconda V;https://limitlesstcg.nyc3.cdn.digitaloceanspaces.com/tpci/CRE/CRE_089_R_PT.png;https://limitlesstcg.com/cards/pt/CRE/89;baixado;
swsh6;swsh6-90;90;Sandaconda VMAX;https://limitlesstcg.nyc3.cdn.digitaloceanspaces.com/tpci/CRE/CRE_090_R_PT.png;https://limitlesstcg.com/cards/pt/CRE/90;baixado;
swsh6;swsh6-91;91;Clobbopus;https://limitlesstcg.nyc3.cdn.digitaloceanspaces.com/tpci/CRE/CRE_091_R_PT.png;https://limitlesstcg.com/cards/pt/CRE/91;baixado;
swsh6;swsh6-92;92;Grapploct;https://limitlesstcg.nyc3.cdn.digitaloceanspaces.com/tpci/CRE/CRE_092_R_PT.png;https://limitlesstcg.com/cards/pt/CRE/92;baixado;
swsh6;swsh6-93;93;Kubfu;https://limitlesstcg.nyc3.cdn.digitaloceanspaces.com/tpci/CRE/CRE_093_R_PT.png;https://limitlesstcg.com/cards/pt/CRE/93;baixado;
swsh6;swsh6-94;94;Koffing;https://limitlesstcg.nyc3.cdn.digitaloceanspaces.com/tpci/CRE/CRE_094_R_PT.png;https://limitlesstcg.com/cards/pt/CRE/94;baixado;
swsh6;swsh6-95;95;Weezing;https://limitlesstcg.nyc3.cdn.digitaloceanspaces.com/tpci/CRE/CRE_095_R_PT.png;https://limitlesstcg.com/cards/pt/CRE/95;baixado;
swsh6;swsh6-96;96;Weezing de Galar;https://limitlesstcg.nyc3.cdn.digitaloceanspaces.com/tpci/CRE/CRE_096_R_PT.png;https://limitlesstcg.com/cards/pt/CRE/96;baixado;
swsh6;swsh6-97;97;Moltres de Galar V;https://limitlesstcg.nyc3.cdn.digitaloceanspaces.com/tpci/CRE/CRE_097_R_PT.png;https://limitlesstcg.com/cards/pt/CRE/97;baixado;
swsh6;swsh6-98;98;Slowking de Galar;https://limitlesstcg.nyc3.cdn.digitaloceanspaces.com/tpci/CRE/CRE_098_R_PT.png;https://limitlesstcg.com/cards/pt/CRE/98;baixado;
swsh6;swsh6-99;99;Slowking de Galar V;https://limitlesstcg.nyc3.cdn.digitaloceanspaces.com/tpci/CRE/CRE_099_R_PT.png;https://limitlesstcg.com/cards/pt/CRE/99;baixado;
swsh6;swsh6-100;100;Slowking de Galar VMAX;https://limitlesstcg.nyc3.cdn.digitaloceanspaces.com/tpci/CRE/CRE_100_R_PT.png;https://limitlesstcg.com/cards/pt/CRE/100;baixado;
swsh6;swsh6-101;101;Qwilfish;https://limitlesstcg.nyc3.cdn.digitaloceanspaces.com/tpci/CRE/CRE_101_R_PT.png;https://limitlesstcg.com/cards/pt/CRE/101;baixado;
swsh6;swsh6-102;102;Seviper;https://limitlesstcg.nyc3.cdn.digitaloceanspaces.com/tpci/CRE/CRE_102_R_PT.png;https://limitlesstcg.com/cards/pt/CRE/102;baixado;
swsh6;swsh6-103;103;Spiritomb;https://limitlesstcg.nyc3.cdn.digitaloceanspaces.com/tpci/CRE/CRE_103_R_PT.png;https://limitlesstcg.com/cards/pt/CRE/103;baixado;
swsh6;swsh6-104;104;Liepard V;https://limitlesstcg.nyc3.cdn.digitaloceanspaces.com/tpci/CRE/CRE_104_R_PT.png;https://limitlesstcg.com/cards/pt/CRE/104;baixado;
swsh6;swsh6-105;105;Venipede;https://limitlesstcg.nyc3.cdn.digitaloceanspaces.com/tpci/CRE/CRE_105_R_PT.png;https://limitlesstcg.com/cards/pt/CRE/105;baixado;
swsh6;swsh6-106;106;Whirlipede;https://limitlesstcg.nyc3.cdn.digitaloceanspaces.com/tpci/CRE/CRE_106_R_PT.png;https://limitlesstcg.com/cards/pt/CRE/106;baixado;
swsh6;swsh6-107;107;Scolipede;https://limitlesstcg.nyc3.cdn.digitaloceanspaces.com/tpci/CRE/CRE_107_R_PT.png;https://limitlesstcg.com/cards/pt/CRE/107;baixado;
swsh6;swsh6-108;108;Urshifu Golpe Decisivo;https://limitlesstcg.nyc3.cdn.digitaloceanspaces.com/tpci/CRE/CRE_108_R_PT.png;https://limitlesstcg.com/cards/pt/CRE/108;baixado;
swsh6;swsh6-109;109;Aron;https://limitlesstcg.nyc3.cdn.digitaloceanspaces.com/tpci/CRE/CRE_109_R_PT.png;https://limitlesstcg.com/cards/pt/CRE/109;baixado;
swsh6;swsh6-110;110;Lairon;https://limitlesstcg.nyc3.cdn.digitaloceanspaces.com/tpci/CRE/CRE_110_R_PT.png;https://limitlesstcg.com/cards/pt/CRE/110;baixado;
swsh6;swsh6-111;111;Aggron;https://limitlesstcg.nyc3.cdn.digitaloceanspaces.com/tpci/CRE/CRE_111_R_PT.png;https://limitlesstcg.com/cards/pt/CRE/111;baixado;
swsh6;swsh6-112;112;Metagross V;https://limitlesstcg.nyc3.cdn.digitaloceanspaces.com/tpci/CRE/CRE_112_R_PT.png;https://limitlesstcg.com/cards/pt/CRE/112;baixado;
swsh6;swsh6-113;113;Metagross VMAX;https://limitlesstcg.nyc3.cdn.digitaloceanspaces.com/tpci/CRE/CRE_113_R_PT.png;https://limitlesstcg.com/cards/pt/CRE/113;baixado;
swsh6;swsh6-114;114;Cobalion;https://limitlesstcg.nyc3.cdn.digitaloceanspaces.com/tpci/CRE/CRE_114_R_PT.png;https://limitlesstcg.com/cards/pt/CRE/114;baixado;
swsh6;swsh6-115;115;Tauros;https://limitlesstcg.nyc3.cdn.digitaloceanspaces.com/tpci/CRE/CRE_115_R_PT.png;https://limitlesstcg.com/cards/pt/CRE/115;baixado;
swsh6;swsh6-116;116;Porygon;https://limitlesstcg.nyc3.cdn.digitaloceanspaces.com/tpci/CRE/CRE_116_R_PT.png;https://limitlesstcg.com/cards/pt/CRE/116;baixado;
swsh6;swsh6-117;117;Porygon2;https://limitlesstcg.nyc3.cdn.digitaloceanspaces.com/tpci/CRE/CRE_117_R_PT.png;https://limitlesstcg.com/cards/pt/CRE/117;baixado;
swsh6;swsh6-118;118;Porygon-Z;https://limitlesstcg.nyc3.cdn.digitaloceanspaces.com/tpci/CRE/CRE_118_R_PT.png;https://limitlesstcg.com/cards/pt/CRE/118;baixado;
swsh6;swsh6-119;119;Blissey V;https://limitlesstcg.nyc3.cdn.digitaloceanspaces.com/tpci/CRE/CRE_119_R_PT.png;https://limitlesstcg.com/cards/pt/CRE/119;baixado;
swsh6;swsh6-120;120;Zangoose;https://limitlesstcg.nyc3.cdn.digitaloceanspaces.com/tpci/CRE/CRE_120_R_PT.png;https://limitlesstcg.com/cards/pt/CRE/120;baixado;
swsh6;swsh6-121;121;Castform;https://limitlesstcg.nyc3.cdn.digitaloceanspaces.com/tpci/CRE/CRE_121_R_PT.png;https://limitlesstcg.com/cards/pt/CRE/121;baixado;
swsh6;swsh6-122;122;Kecleon;https://limitlesstcg.nyc3.cdn.digitaloceanspaces.com/tpci/CRE/CRE_122_R_PT.png;https://limitlesstcg.com/cards/pt/CRE/122;baixado;
swsh6;swsh6-123;123;Shaymin;https://limitlesstcg.nyc3.cdn.digitaloceanspaces.com/tpci/CRE/CRE_123_R_PT.png;https://limitlesstcg.com/cards/pt/CRE/123;baixado;
swsh6;swsh6-124;124;Tornadus V;https://limitlesstcg.nyc3.cdn.digitaloceanspaces.com/tpci/CRE/CRE_124_R_PT.png;https://limitlesstcg.com/cards/pt/CRE/124;baixado;
swsh6;swsh6-125;125;Tornadus VMAX;https://limitlesstcg.nyc3.cdn.digitaloceanspaces.com/tpci/CRE/CRE_125_R_PT.png;https://limitlesstcg.com/cards/pt/CRE/125;baixado;
swsh6;swsh6-126;126;Furfrou;https://limitlesstcg.nyc3.cdn.digitaloceanspaces.com/tpci/CRE/CRE_126_R_PT.png;https://limitlesstcg.com/cards/pt/CRE/126;baixado;
swsh6;swsh6-127;127;Skwovet;https://limitlesstcg.nyc3.cdn.digitaloceanspaces.com/tpci/CRE/CRE_127_R_PT.png;https://limitlesstcg.com/cards/pt/CRE/127;baixado;
swsh6;swsh6-128;128;Greedent;https://limitlesstcg.nyc3.cdn.digitaloceanspaces.com/tpci/CRE/CRE_128_R_PT.png;https://limitlesstcg.com/cards/pt/CRE/128;baixado;
swsh6;swsh6-129;129;Agatha;https://limitlesstcg.nyc3.cdn.digitaloceanspaces.com/tpci/CRE/CRE_129_R_PT.png;https://limitlesstcg.com/cards/pt/CRE/129;baixado;
swsh6;swsh6-130;130;Saturnino;https://limitlesstcg.nyc3.cdn.digitaloceanspaces.com/tpci/CRE/CRE_130_R_PT.png;https://limitlesstcg.com/cards/pt/CRE/130;baixado;
swsh6;swsh6-131;131;Brawly;https://limitlesstcg.nyc3.cdn.digitaloceanspaces.com/tpci/CRE/CRE_131_R_PT.png;https://limitlesstcg.com/cards/pt/CRE/131;baixado;
swsh6;swsh6-132;132;Caitlin;https://limitlesstcg.nyc3.cdn.digitaloceanspaces.com/tpci/CRE/CRE_132_R_PT.png;https://limitlesstcg.com/cards/pt/CRE/132;baixado;
swsh6;swsh6-133;133;Luvas Esmagadoras;https://limitlesstcg.nyc3.cdn.digitaloceanspaces.com/tpci/CRE/CRE_133_R_PT.png;https://limitlesstcg.com/cards/pt/CRE/133;baixado;
swsh6;swsh6-134;134;Médica;https://limitlesstcg.nyc3.cdn.digitaloceanspaces.com/tpci/CRE/CRE_134_R_PT.png;https://limitlesstcg.com/cards/pt/CRE/134;baixado;
swsh6;swsh6-135;135;Colina Dinárvore;https://limitlesstcg.nyc3.cdn.digitaloceanspaces.com/tpci/CRE/CRE_135_R_PT.png;https://limitlesstcg.com/cards/pt/CRE/135;baixado;
swsh6;swsh6-136;136;Berrante Retumbante;https://limitlesstcg.nyc3.cdn.digitaloceanspaces.com/tpci/CRE/CRE_136_R_PT.png;https://limitlesstcg.com/cards/pt/CRE/136;baixado;
swsh6;swsh6-137;137;Uniforme de Expedição;https://limitlesstcg.nyc3.cdn.digitaloceanspaces.com/tpci/CRE/CRE_137_R_PT.png;https://limitlesstcg.com/cards/pt/CRE/137;baixado;
swsh6;swsh6-138;138;Luvas à Prova de Fogo;https://limitlesstcg.nyc3.cdn.digitaloceanspaces.com/tpci/CRE/CRE_138_R_PT.png;https://limitlesstcg.com/cards/pt/CRE/138;baixado;
swsh6;swsh6-139;139;Flannery;https://limitlesstcg.nyc3.cdn.digitaloceanspaces.com/tpci/CRE/CRE_139_R_PT.png;https://limitlesstcg.com/cards/pt/CRE/139;baixado;
swsh6;swsh6-140;140;Cristal Nevoado;https://limitlesstcg.nyc3.cdn.digitaloceanspaces.com/tpci/CRE/CRE_140_R_PT.png;https://limitlesstcg.com/cards/pt/CRE/140;baixado;
swsh6;swsh6-141;141;Peitoral de Galar;https://limitlesstcg.nyc3.cdn.digitaloceanspaces.com/tpci/CRE/CRE_141_R_PT.png;https://limitlesstcg.com/cards/pt/CRE/141;baixado;
swsh6;swsh6-142;142;Mel;https://limitlesstcg.nyc3.cdn.digitaloceanspaces.com/tpci/CRE/CRE_142_R_PT.png;https://limitlesstcg.com/cards/pt/CRE/142;baixado;
swsh6;swsh6-143;143;Luvas da Justiça;https://limitlesstcg.nyc3.cdn.digitaloceanspaces.com/tpci/CRE/CRE_143_R_PT.png;https://limitlesstcg.com/cards/pt/CRE/143;baixado;
swsh6;swsh6-144;144;Convicção da Karen;https://limitlesstcg.nyc3.cdn.digitaloceanspaces.com/tpci/CRE/CRE_144_R_PT.png;https://limitlesstcg.com/cards/pt/CRE/144;baixado;
swsh6;swsh6-145;145;Klara;https://limitlesstcg.nyc3.cdn.digitaloceanspaces.com/tpci/CRE/CRE_145_R_PT.png;https://limitlesstcg.com/cards/pt/CRE/145;baixado;
swsh6;swsh6-146;146;Melony;https://limitlesstcg.nyc3.cdn.digitaloceanspaces.com/tpci/CRE/CRE_146_R_PT.png;https://limitlesstcg.com/cards/pt/CRE/146;baixado;
swsh6;swsh6-147;147;Cemitério Antigo;https://limitlesstcg.nyc3.cdn.digitaloceanspaces.com/tpci/CRE/CRE_147_R_PT.png;https://limitlesstcg.com/cards/pt/CRE/147;baixado;
swsh6;swsh6-148;148;Trilha para o Cume;https://limitlesstcg.nyc3.cdn.digitaloceanspaces.com/tpci/CRE/CRE_148_R_PT.png;https://limitlesstcg.com/cards/pt/CRE/148;baixado;
swsh6;swsh6-149;149;Peônia;https://limitlesstcg.nyc3.cdn.digitaloceanspaces.com/tpci/CRE/CRE_149_R_PT.png;https://limitlesstcg.com/cards/pt/CRE/149;baixado;
swsh6;swsh6-150;150;Peônio;https://limitlesstcg.nyc3.cdn.digitaloceanspaces.com/tpci/CRE/CRE_150_R_PT.png;https://limitlesstcg.com/cards/pt/CRE/150;baixado;
swsh6;swsh6-151;151;Pergaminho dos Céus Golpe Fluido;https://limitlesstcg.nyc3.cdn.digitaloceanspaces.com/tpci/CRE/CRE_151_R_PT.png;https://limitlesstcg.com/cards/pt/CRE/151;baixado;
swsh6;swsh6-152;152;Elmo Robusto;https://limitlesstcg.nyc3.cdn.digitaloceanspaces.com/tpci/CRE/CRE_152_R_PT.png;https://limitlesstcg.com/cards/pt/CRE/152;baixado;
swsh6;swsh6-153;153;Siebold;https://limitlesstcg.nyc3.cdn.digitaloceanspaces.com/tpci/CRE/CRE_153_R_PT.png;https://limitlesstcg.com/cards/pt/CRE/153;baixado;
swsh6;swsh6-154;154;Pergaminho Perfurante Golpe Decisivo;https://limitlesstcg.nyc3.cdn.digitaloceanspaces.com/tpci/CRE/CRE_154_R_PT.png;https://limitlesstcg.com/cards/pt/CRE/154;baixado;
swsh6;swsh6-155;155;Luvas de Jardinagem;https://limitlesstcg.nyc3.cdn.digitaloceanspaces.com/tpci/CRE/CRE_155_R_PT.png;https://limitlesstcg.com/cards/pt/CRE/155;baixado;
swsh6;swsh6-156;156;Lanterna Acolhedora;https://limitlesstcg.nyc3.cdn.digitaloceanspaces.com/tpci/CRE/CRE_156_R_PT.png;https://limitlesstcg.com/cards/pt/CRE/156;baixado;
swsh6;swsh6-157;157;Energia de Impacto;https://limitlesstcg.nyc3.cdn.digitaloceanspaces.com/tpci/CRE/CRE_157_R_PT.png;https://limitlesstcg.com/cards/pt/CRE/157;baixado;
swsh6;swsh6-158;158;Energia de Sorte;https://limitlesstcg.nyc3.cdn.digitaloceanspaces.com/tpci/CRE/CRE_158_R_PT.png;https://limitlesstcg.com/cards/pt/CRE/158;baixado;
swsh6;swsh6-159;159;Energia de Espiral;https://limitlesstcg.nyc3.cdn.digitaloceanspaces.com/tpci/CRE/CRE_159_R_PT.png;https://limitlesstcg.com/cards/pt/CRE/159;baixado;
swsh6;swsh6-160;160;Celebi V;https://limitlesstcg.nyc3.cdn.digitaloceanspaces.com/tpci/CRE/CRE_160_R_PT.png;https://limitlesstcg.com/cards/pt/CRE/160;baixado;
swsh6;swsh6-161;161;Blaziken V;https://limitlesstcg.nyc3.cdn.digitaloceanspaces.com/tpci/CRE/CRE_161_R_PT.png;https://limitlesstcg.com/cards/pt/CRE/161;baixado;
swsh6;swsh6-162;162;Volcanion V;https://limitlesstcg.nyc3.cdn.digitaloceanspaces.com/tpci/CRE/CRE_162_R_PT.png;https://limitlesstcg.com/cards/pt/CRE/162;baixado;
swsh6;swsh6-163;163;Calyrex Cavaleiro Glacial V;https://limitlesstcg.nyc3.cdn.digitaloceanspaces.com/tpci/CRE/CRE_163_R_PT.png;https://limitlesstcg.com/cards/pt/CRE/163;baixado;
swsh6;swsh6-164;164;Calyrex Cavaleiro Glacial V;https://limitlesstcg.nyc3.cdn.digitaloceanspaces.com/tpci/CRE/CRE_164_R_PT.png;https://limitlesstcg.com/cards/pt/CRE/164;baixado;
swsh6;swsh6-165;165;Zeraora V;https://limitlesstcg.nyc3.cdn.digitaloceanspaces.com/tpci/CRE/CRE_165_R_PT.png;https://limitlesstcg.com/cards/pt/CRE/165;baixado;
swsh6;swsh6-166;166;Zeraora V;https://limitlesstcg.nyc3.cdn.digitaloceanspaces.com/tpci/CRE/CRE_166_R_PT.png;https://limitlesstcg.com/cards/pt/CRE/166;baixado;
swsh6;swsh6-167;167;Rapidash de Galar V;https://limitlesstcg.nyc3.cdn.digitaloceanspaces.com/tpci/CRE/CRE_167_R_PT.png;https://limitlesstcg.com/cards/pt/CRE/167;baixado;
swsh6;swsh6-168;168;Rapidash de Galar V;https://limitlesstcg.nyc3.cdn.digitaloceanspaces.com/tpci/CRE/CRE_168_R_PT.png;https://limitlesstcg.com/cards/pt/CRE/168;baixado;
swsh6;swsh6-169;169;Articuno de Galar V;https://limitlesstcg.nyc3.cdn.digitaloceanspaces.com/tpci/CRE/CRE_169_R_PT.png;https://limitlesstcg.com/cards/pt/CRE/169;baixado;
swsh6;swsh6-170;170;Articuno de Galar V;https://limitlesstcg.nyc3.cdn.digitaloceanspaces.com/tpci/CRE/CRE_170_R_PT.png;https://limitlesstcg.com/cards/pt/CRE/170;baixado;
swsh6;swsh6-171;171;Calyrex Cavaleiro Espectral V;https://limitlesstcg.nyc3.cdn.digitaloceanspaces.com/tpci/CRE/CRE_171_R_PT.png;https://limitlesstcg.com/cards/pt/CRE/171;baixado;
swsh6;swsh6-172;172;Calyrex Cavaleiro Espectral V;https://limitlesstcg.nyc3.cdn.digitaloceanspaces.com/tpci/CRE/CRE_172_R_PT.png;https://limitlesstcg.com/cards/pt/CRE/172;baixado;
swsh6;swsh6-173;173;Zapdos de Galar V;https://limitlesstcg.nyc3.cdn.digitaloceanspaces.com/tpci/CRE/CRE_173_R_PT.png;https://limitlesstcg.com/cards/pt/CRE/173;baixado;
swsh6;swsh6-174;174;Zapdos de Galar V;https://limitlesstcg.nyc3.cdn.digitaloceanspaces.com/tpci/CRE/CRE_174_R_PT.png;https://limitlesstcg.com/cards/pt/CRE/174;baixado;
swsh6;swsh6-175;175;Sandaconda V;https://limitlesstcg.nyc3.cdn.digitaloceanspaces.com/tpci/CRE/CRE_175_R_PT.png;https://limitlesstcg.com/cards/pt/CRE/175;baixado;
swsh6;swsh6-176;176;Moltres de Galar V;https://limitlesstcg.nyc3.cdn.digitaloceanspaces.com/tpci/CRE/CRE_176_R_PT.png;https://limitlesstcg.com/cards/pt/CRE/176;baixado;
swsh6;swsh6-177;177;Moltres de Galar V;https://limitlesstcg.nyc3.cdn.digitaloceanspaces.com/tpci/CRE/CRE_177_R_PT.png;https://limitlesstcg.com/cards/pt/CRE/177;baixado;
swsh6;swsh6-178;178;Slowking de Galar V;https://limitlesstcg.nyc3.cdn.digitaloceanspaces.com/tpci/CRE/CRE_178_R_PT.png;https://limitlesstcg.com/cards/pt/CRE/178;baixado;
swsh6;swsh6-179;179;Slowking de Galar V;https://limitlesstcg.nyc3.cdn.digitaloceanspaces.com/tpci/CRE/CRE_179_R_PT.png;https://limitlesstcg.com/cards/pt/CRE/179;baixado;
swsh6;swsh6-180;180;Liepard V;https://limitlesstcg.nyc3.cdn.digitaloceanspaces.com/tpci/CRE/CRE_180_R_PT.png;https://limitlesstcg.com/cards/pt/CRE/180;baixado;
swsh6;swsh6-181;181;Metagross V;https://limitlesstcg.nyc3.cdn.digitaloceanspaces.com/tpci/CRE/CRE_181_R_PT.png;https://limitlesstcg.com/cards/pt/CRE/181;baixado;
swsh6;swsh6-182;182;Blissey V;https://limitlesstcg.nyc3.cdn.digitaloceanspaces.com/tpci/CRE/CRE_182_R_PT.png;https://limitlesstcg.com/cards/pt/CRE/182;baixado;
swsh6;swsh6-183;183;Blissey V;https://limitlesstcg.nyc3.cdn.digitaloceanspaces.com/tpci/CRE/CRE_183_R_PT.png;https://limitlesstcg.com/cards/pt/CRE/183;baixado;
swsh6;swsh6-184;184;Tornadus V;https://limitlesstcg.nyc3.cdn.digitaloceanspaces.com/tpci/CRE/CRE_184_R_PT.png;https://limitlesstcg.com/cards/pt/CRE/184;baixado;
swsh6;swsh6-185;185;Tornadus V;https://limitlesstcg.nyc3.cdn.digitaloceanspaces.com/tpci/CRE/CRE_185_R_PT.png;https://limitlesstcg.com/cards/pt/CRE/185;baixado;
swsh6;swsh6-186;186;Agatha;https://limitlesstcg.nyc3.cdn.digitaloceanspaces.com/tpci/CRE/CRE_186_R_PT.png;https://limitlesstcg.com/cards/pt/CRE/186;baixado;
swsh6;swsh6-187;187;Saturnino;https://limitlesstcg.nyc3.cdn.digitaloceanspaces.com/tpci/CRE/CRE_187_R_PT.png;https://limitlesstcg.com/cards/pt/CRE/187;baixado;
swsh6;swsh6-188;188;Brawly;https://limitlesstcg.nyc3.cdn.digitaloceanspaces.com/tpci/CRE/CRE_188_R_PT.png;https://limitlesstcg.com/cards/pt/CRE/188;baixado;
swsh6;swsh6-189;189;Caitlin;https://limitlesstcg.nyc3.cdn.digitaloceanspaces.com/tpci/CRE/CRE_189_R_PT.png;https://limitlesstcg.com/cards/pt/CRE/189;baixado;
swsh6;swsh6-190;190;Médica;https://limitlesstcg.nyc3.cdn.digitaloceanspaces.com/tpci/CRE/CRE_190_R_PT.png;https://limitlesstcg.com/cards/pt/CRE/190;baixado;
swsh6;swsh6-191;191;Flannery;https://limitlesstcg.nyc3.cdn.digitaloceanspaces.com/tpci/CRE/CRE_191_R_PT.png;https://limitlesstcg.com/cards/pt/CRE/191;baixado;
swsh6;swsh6-192;192;Mel;https://limitlesstcg.nyc3.cdn.digitaloceanspaces.com/tpci/CRE/CRE_192_R_PT.png;https://limitlesstcg.com/cards/pt/CRE/192;baixado;
swsh6;swsh6-193;193;Convicção da Karen;https://limitlesstcg.nyc3.cdn.digitaloceanspaces.com/tpci/CRE/CRE_193_R_PT.png;https://limitlesstcg.com/cards/pt/CRE/193;baixado;
swsh6;swsh6-194;194;Klara;https://limitlesstcg.nyc3.cdn.digitaloceanspaces.com/tpci/CRE/CRE_194_R_PT.png;https://limitlesstcg.com/cards/pt/CRE/194;baixado;
swsh6;swsh6-195;195;Melony;https://limitlesstcg.nyc3.cdn.digitaloceanspaces.com/tpci/CRE/CRE_195_R_PT.png;https://limitlesstcg.com/cards/pt/CRE/195;baixado;
swsh6;swsh6-196;196;Peônia;https://limitlesstcg.nyc3.cdn.digitaloceanspaces.com/tpci/CRE/CRE_196_R_PT.png;https://limitlesstcg.com/cards/pt/CRE/196;baixado;
swsh6;swsh6-197;197;Peônio;https://limitlesstcg.nyc3.cdn.digitaloceanspaces.com/tpci/CRE/CRE_197_R_PT.png;https://limitlesstcg.com/cards/pt/CRE/197;baixado;
swsh6;swsh6-198;198;Siebold;https://limitlesstcg.nyc3.cdn.digitaloceanspaces.com/tpci/CRE/CRE_198_R_PT.png;https://limitlesstcg.com/cards/pt/CRE/198;baixado;
swsh6;swsh6-199;199;Celebi VMAX;https://limitlesstcg.nyc3.cdn.digitaloceanspaces.com/tpci/CRE/CRE_199_R_PT.png;https://limitlesstcg.com/cards/pt/CRE/199;baixado;
swsh6;swsh6-200;200;Blaziken VMAX;https://limitlesstcg.nyc3.cdn.digitaloceanspaces.com/tpci/CRE/CRE_200_R_PT.png;https://limitlesstcg.com/cards/pt/CRE/200;baixado;
swsh6;swsh6-201;201;Blaziken VMAX;https://limitlesstcg.nyc3.cdn.digitaloceanspaces.com/tpci/CRE/CRE_201_R_PT.png;https://limitlesstcg.com/cards/pt/CRE/201;baixado;
swsh6;swsh6-202;202;Calyrex Cavaleiro Glacial VMAX;https://limitlesstcg.nyc3.cdn.digitaloceanspaces.com/tpci/CRE/CRE_202_R_PT.png;https://limitlesstcg.com/cards/pt/CRE/202;baixado;
swsh6;swsh6-203;203;Calyrex Cavaleiro Glacial VMAX;https://limitlesstcg.nyc3.cdn.digitaloceanspaces.com/tpci/CRE/CRE_203_R_PT.png;https://limitlesstcg.com/cards/pt/CRE/203;baixado;
swsh6;swsh6-204;204;Calyrex Cavaleiro Espectral VMAX;https://limitlesstcg.nyc3.cdn.digitaloceanspaces.com/tpci/CRE/CRE_204_R_PT.png;https://limitlesstcg.com/cards/pt/CRE/204;baixado;
swsh6;swsh6-205;205;Calyrex Cavaleiro Espectral VMAX;https://limitlesstcg.nyc3.cdn.digitaloceanspaces.com/tpci/CRE/CRE_205_R_PT.png;https://limitlesstcg.com/cards/pt/CRE/205;baixado;
swsh6;swsh6-206;206;Sandaconda VMAX;https://limitlesstcg.nyc3.cdn.digitaloceanspaces.com/tpci/CRE/CRE_206_R_PT.png;https://limitlesstcg.com/cards/pt/CRE/206;baixado;
swsh6;swsh6-207;207;Slowking de Galar VMAX;https://limitlesstcg.nyc3.cdn.digitaloceanspaces.com/tpci/CRE/CRE_207_R_PT.png;https://limitlesstcg.com/cards/pt/CRE/207;baixado;
swsh6;swsh6-208;208;Metagross VMAX;https://limitlesstcg.nyc3.cdn.digitaloceanspaces.com/tpci/CRE/CRE_208_R_PT.png;https://limitlesstcg.com/cards/pt/CRE/208;baixado;
swsh6;swsh6-209;209;Tornadus VMAX;https://limitlesstcg.nyc3.cdn.digitaloceanspaces.com/tpci/CRE/CRE_209_R_PT.png;https://limitlesstcg.com/cards/pt/CRE/209;baixado;
swsh6;swsh6-210;210;Agatha;https://limitlesstcg.nyc3.cdn.digitaloceanspaces.com/tpci/CRE/CRE_210_R_PT.png;https://limitlesstcg.com/cards/pt/CRE/210;baixado;
swsh6;swsh6-211;211;Saturnino;https://limitlesstcg.nyc3.cdn.digitaloceanspaces.com/tpci/CRE/CRE_211_R_PT.png;https://limitlesstcg.com/cards/pt/CRE/211;baixado;
swsh6;swsh6-212;212;Brawly;https://limitlesstcg.nyc3.cdn.digitaloceanspaces.com/tpci/CRE/CRE_212_R_PT.png;https://limitlesstcg.com/cards/pt/CRE/212;baixado;
swsh6;swsh6-213;213;Caitlin;https://limitlesstcg.nyc3.cdn.digitaloceanspaces.com/tpci/CRE/CRE_213_R_PT.png;https://limitlesstcg.com/cards/pt/CRE/213;baixado;
swsh6;swsh6-214;214;Médica;https://limitlesstcg.nyc3.cdn.digitaloceanspaces.com/tpci/CRE/CRE_214_R_PT.png;https://limitlesstcg.com/cards/pt/CRE/214;baixado;
swsh6;swsh6-215;215;Flannery;https://limitlesstcg.nyc3.cdn.digitaloceanspaces.com/tpci/CRE/CRE_215_R_PT.png;https://limitlesstcg.com/cards/pt/CRE/215;baixado;
swsh6;swsh6-216;216;Convicção da Karen;https://limitlesstcg.nyc3.cdn.digitaloceanspaces.com/tpci/CRE/CRE_216_R_PT.png;https://limitlesstcg.com/cards/pt/CRE/216;baixado;
swsh6;swsh6-217;217;Klara;https://limitlesstcg.nyc3.cdn.digitaloceanspaces.com/tpci/CRE/CRE_217_R_PT.png;https://limitlesstcg.com/cards/pt/CRE/217;baixado;
swsh6;swsh6-218;218;Melony;https://limitlesstcg.nyc3.cdn.digitaloceanspaces.com/tpci/CRE/CRE_218_R_PT.png;https://limitlesstcg.com/cards/pt/CRE/218;baixado;
swsh6;swsh6-219;219;Peônia;https://limitlesstcg.nyc3.cdn.digitaloceanspaces.com/tpci/CRE/CRE_219_R_PT.png;https://limitlesstcg.com/cards/pt/CRE/219;baixado;
swsh6;swsh6-220;220;Peônio;https://limitlesstcg.nyc3.cdn.digitaloceanspaces.com/tpci/CRE/CRE_220_R_PT.png;https://limitlesstcg.com/cards/pt/CRE/220;baixado;
swsh6;swsh6-221;221;Siebold;https://limitlesstcg.nyc3.cdn.digitaloceanspaces.com/tpci/CRE/CRE_221_R_PT.png;https://limitlesstcg.com/cards/pt/CRE/221;baixado;
swsh6;swsh6-222;222;Electrode;https://limitlesstcg.nyc3.cdn.digitaloceanspaces.com/tpci/CRE/CRE_222_R_PT.png;https://limitlesstcg.com/cards/pt/CRE/222;baixado;
swsh6;swsh6-223;223;Bronzong;https://limitlesstcg.nyc3.cdn.digitaloceanspaces.com/tpci/CRE/CRE_223_R_PT.png;https://limitlesstcg.com/cards/pt/CRE/223;baixado;
swsh6;swsh6-224;224;Snorlax;https://limitlesstcg.nyc3.cdn.digitaloceanspaces.com/tpci/CRE/CRE_224_R_PT.png;https://limitlesstcg.com/cards/pt/CRE/224;baixado;
swsh6;swsh6-225;225;Berrante Retumbante;https://limitlesstcg.nyc3.cdn.digitaloceanspaces.com/tpci/CRE/CRE_225_R_PT.png;https://limitlesstcg.com/cards/pt/CRE/225;baixado;
swsh6;swsh6-226;226;Leque de Ondas;https://limitlesstcg.nyc3.cdn.digitaloceanspaces.com/tpci/CRE/CRE_226_R_PT.png;https://limitlesstcg.com/cards/pt/CRE/226;baixado;
swsh6;swsh6-227;227;Cristal Nevoado;https://limitlesstcg.nyc3.cdn.digitaloceanspaces.com/tpci/CRE/CRE_227_R_PT.png;https://limitlesstcg.com/cards/pt/CRE/227;baixado;
swsh6;swsh6-228;228;Elmo Robusto;https://limitlesstcg.nyc3.cdn.digitaloceanspaces.com/tpci/CRE/CRE_228_R_PT.png;https://limitlesstcg.com/cards/pt/CRE/228;baixado;
swsh6;swsh6-229;229;Urna de Vitalidade;https://limitlesstcg.nyc3.cdn.digitaloceanspaces.com/tpci/CRE/CRE_229_R_PT.png;https://limitlesstcg.com/cards/pt/CRE/229;baixado;
swsh6;swsh6-230;230;Lanterna Acolhedora;https://limitlesstcg.nyc3.cdn.digitaloceanspaces.com/tpci/CRE/CRE_230_R_PT.png;https://limitlesstcg.com/cards/pt/CRE/230;baixado;
swsh6;swsh6-231;231;Energia de Água;https://limitlesstcg.nyc3.cdn.digitaloceanspaces.com/tpci/CRE/CRE_231_R_PT.png;https://limitlesstcg.com/cards/pt/CRE/231;baixado;
swsh6;swsh6-232;232;Energia Psíquica;https://limitlesstcg.nyc3.cdn.digitaloceanspaces.com/tpci/CRE/CRE_232_R_PT.png;https://limitlesstcg.com/cards/pt/CRE/232;baixado;
swsh6;swsh6-233;233;Energia de Luta;https://limitlesstcg.nyc3.cdn.digitaloceanspaces.com/tpci/CRE/CRE_233_R_PT.png;https://limitlesstcg.com/cards/pt/CRE/233;baixado;
swsh7;swsh7-1;1;Pinsir;https://limitlesstcg.nyc3.cdn.digitaloceanspaces.com/tpci/EVS/EVS_001_R_PT.png;https://limitlesstcg.com/cards/pt/EVS/1;baixado;
swsh7;swsh7-2;2;Hoppip;https://limitlesstcg.nyc3.cdn.digitaloceanspaces.com/tpci/EVS/EVS_002_R_PT.png;https://limitlesstcg.com/cards/pt/EVS/2;baixado;
swsh7;swsh7-3;3;Skiploom;https://limitlesstcg.nyc3.cdn.digitaloceanspaces.com/tpci/EVS/EVS_003_R_PT.png;https://limitlesstcg.com/cards/pt/EVS/3;baixado;
swsh7;swsh7-4;4;Jumpluff;https://limitlesstcg.nyc3.cdn.digitaloceanspaces.com/tpci/EVS/EVS_004_R_PT.png;https://limitlesstcg.com/cards/pt/EVS/4;baixado;
swsh7;swsh7-5;5;Seedot;https://limitlesstcg.nyc3.cdn.digitaloceanspaces.com/tpci/EVS/EVS_005_R_PT.png;https://limitlesstcg.com/cards/pt/EVS/5;baixado;
swsh7;swsh7-6;6;Tropius;https://limitlesstcg.nyc3.cdn.digitaloceanspaces.com/tpci/EVS/EVS_006_R_PT.png;https://limitlesstcg.com/cards/pt/EVS/6;baixado;
swsh7;swsh7-7;7;Leafeon V;https://limitlesstcg.nyc3.cdn.digitaloceanspaces.com/tpci/EVS/EVS_007_R_PT.png;https://limitlesstcg.com/cards/pt/EVS/7;baixado;
swsh7;swsh7-8;8;Leafeon VMAX;https://limitlesstcg.nyc3.cdn.digitaloceanspaces.com/tpci/EVS/EVS_008_R_PT.png;https://limitlesstcg.com/cards/pt/EVS/8;baixado;
swsh7;swsh7-9;9;Petilil;https://limitlesstcg.nyc3.cdn.digitaloceanspaces.com/tpci/EVS/EVS_009_R_PT.png;https://limitlesstcg.com/cards/pt/EVS/9;baixado;
swsh7;swsh7-10;10;Lilligant;https://limitlesstcg.nyc3.cdn.digitaloceanspaces.com/tpci/EVS/EVS_010_R_PT.png;https://limitlesstcg.com/cards/pt/EVS/10;baixado;
swsh7;swsh7-11;11;Dwebble;https://limitlesstcg.nyc3.cdn.digitaloceanspaces.com/tpci/EVS/EVS_011_R_PT.png;https://limitlesstcg.com/cards/pt/EVS/11;baixado;
swsh7;swsh7-12;12;Crustle;https://limitlesstcg.nyc3.cdn.digitaloceanspaces.com/tpci/EVS/EVS_012_R_PT.png;https://limitlesstcg.com/cards/pt/EVS/12;baixado;
swsh7;swsh7-13;13;Trevenant V;https://limitlesstcg.nyc3.cdn.digitaloceanspaces.com/tpci/EVS/EVS_013_R_PT.png;https://limitlesstcg.com/cards/pt/EVS/13;baixado;
swsh7;swsh7-14;14;Trevenant VMAX;https://limitlesstcg.nyc3.cdn.digitaloceanspaces.com/tpci/EVS/EVS_014_R_PT.png;https://limitlesstcg.com/cards/pt/EVS/14;baixado;
swsh7;swsh7-15;15;Gossifleur;https://limitlesstcg.nyc3.cdn.digitaloceanspaces.com/tpci/EVS/EVS_015_R_PT.png;https://limitlesstcg.com/cards/pt/EVS/15;baixado;
swsh7;swsh7-16;16;Eldegoss;https://limitlesstcg.nyc3.cdn.digitaloceanspaces.com/tpci/EVS/EVS_016_R_PT.png;https://limitlesstcg.com/cards/pt/EVS/16;baixado;
swsh7;swsh7-17;17;Applin;https://limitlesstcg.nyc3.cdn.digitaloceanspaces.com/tpci/EVS/EVS_017_R_PT.png;https://limitlesstcg.com/cards/pt/EVS/17;baixado;
swsh7;swsh7-18;18;Flareon VMAX;https://limitlesstcg.nyc3.cdn.digitaloceanspaces.com/tpci/EVS/EVS_018_R_PT.png;https://limitlesstcg.com/cards/pt/EVS/18;baixado;
swsh7;swsh7-19;19;Entei;https://limitlesstcg.nyc3.cdn.digitaloceanspaces.com/tpci/EVS/EVS_019_R_PT.png;https://limitlesstcg.com/cards/pt/EVS/19;baixado;
swsh7;swsh7-20;20;Victini;https://limitlesstcg.nyc3.cdn.digitaloceanspaces.com/tpci/EVS/EVS_020_R_PT.png;https://limitlesstcg.com/cards/pt/EVS/20;baixado;
swsh7;swsh7-21;21;Volcarona V;https://limitlesstcg.nyc3.cdn.digitaloceanspaces.com/tpci/EVS/EVS_021_R_PT.png;https://limitlesstcg.com/cards/pt/EVS/21;baixado;
swsh7;swsh7-22;22;Litleo;https://limitlesstcg.nyc3.cdn.digitaloceanspaces.com/tpci/EVS/EVS_022_R_PT.png;https://limitlesstcg.com/cards/pt/EVS/22;baixado;
swsh7;swsh7-23;23;Pyroar;https://limitlesstcg.nyc3.cdn.digitaloceanspaces.com/tpci/EVS/EVS_023_R_PT.png;https://limitlesstcg.com/cards/pt/EVS/23;baixado;
swsh7;swsh7-24;24;Psyduck;https://limitlesstcg.nyc3.cdn.digitaloceanspaces.com/tpci/EVS/EVS_024_R_PT.png;https://limitlesstcg.com/cards/pt/EVS/24;baixado;
swsh7;swsh7-25;25;Golduck;https://limitlesstcg.nyc3.cdn.digitaloceanspaces.com/tpci/EVS/EVS_025_R_PT.png;https://limitlesstcg.com/cards/pt/EVS/25;baixado;
swsh7;swsh7-26;26;Tentacool;https://limitlesstcg.nyc3.cdn.digitaloceanspaces.com/tpci/EVS/EVS_026_R_PT.png;https://limitlesstcg.com/cards/pt/EVS/26;baixado;
swsh7;swsh7-27;27;Tentacruel;https://limitlesstcg.nyc3.cdn.digitaloceanspaces.com/tpci/EVS/EVS_027_R_PT.png;https://limitlesstcg.com/cards/pt/EVS/27;baixado;
swsh7;swsh7-28;28;Gyarados V;https://limitlesstcg.nyc3.cdn.digitaloceanspaces.com/tpci/EVS/EVS_028_R_PT.png;https://limitlesstcg.com/cards/pt/EVS/28;baixado;
swsh7;swsh7-29;29;Gyarados VMAX;https://limitlesstcg.nyc3.cdn.digitaloceanspaces.com/tpci/EVS/EVS_029_R_PT.png;https://limitlesstcg.com/cards/pt/EVS/29;baixado;
swsh7;swsh7-30;30;Vaporeon VMAX;https://limitlesstcg.nyc3.cdn.digitaloceanspaces.com/tpci/EVS/EVS_030_R_PT.png;https://limitlesstcg.com/cards/pt/EVS/30;baixado;
swsh7;swsh7-31;31;Suicune V;https://limitlesstcg.nyc3.cdn.digitaloceanspaces.com/tpci/EVS/EVS_031_R_PT.png;https://limitlesstcg.com/cards/pt/EVS/31;baixado;
swsh7;swsh7-32;32;Lotad;https://limitlesstcg.nyc3.cdn.digitaloceanspaces.com/tpci/EVS/EVS_032_R_PT.png;https://limitlesstcg.com/cards/pt/EVS/32;baixado;
swsh7;swsh7-33;33;Lombre;https://limitlesstcg.nyc3.cdn.digitaloceanspaces.com/tpci/EVS/EVS_033_R_PT.png;https://limitlesstcg.com/cards/pt/EVS/33;baixado;
swsh7;swsh7-34;34;Ludicolo;https://limitlesstcg.nyc3.cdn.digitaloceanspaces.com/tpci/EVS/EVS_034_R_PT.png;https://limitlesstcg.com/cards/pt/EVS/34;baixado;
swsh7;swsh7-35;35;Carvanha;https://limitlesstcg.nyc3.cdn.digitaloceanspaces.com/tpci/EVS/EVS_035_R_PT.png;https://limitlesstcg.com/cards/pt/EVS/35;baixado;
swsh7;swsh7-36;36;Sharpedo;https://limitlesstcg.nyc3.cdn.digitaloceanspaces.com/tpci/EVS/EVS_036_R_PT.png;https://limitlesstcg.com/cards/pt/EVS/36;baixado;
swsh7;swsh7-37;37;Feebas;https://limitlesstcg.nyc3.cdn.digitaloceanspaces.com/tpci/EVS/EVS_037_R_PT.png;https://limitlesstcg.com/cards/pt/EVS/37;baixado;
swsh7;swsh7-38;38;Milotic;https://limitlesstcg.nyc3.cdn.digitaloceanspaces.com/tpci/EVS/EVS_038_R_PT.png;https://limitlesstcg.com/cards/pt/EVS/38;baixado;
swsh7;swsh7-39;39;Luvdisc;https://limitlesstcg.nyc3.cdn.digitaloceanspaces.com/tpci/EVS/EVS_039_R_PT.png;https://limitlesstcg.com/cards/pt/EVS/39;baixado;
swsh7;swsh7-40;40;Glaceon V;https://limitlesstcg.nyc3.cdn.digitaloceanspaces.com/tpci/EVS/EVS_040_R_PT.png;https://limitlesstcg.com/cards/pt/EVS/40;baixado;
swsh7;swsh7-41;41;Glaceon VMAX;https://limitlesstcg.nyc3.cdn.digitaloceanspaces.com/tpci/EVS/EVS_041_R_PT.png;https://limitlesstcg.com/cards/pt/EVS/41;baixado;
swsh7;swsh7-42;42;Tympole;https://limitlesstcg.nyc3.cdn.digitaloceanspaces.com/tpci/EVS/EVS_042_R_PT.png;https://limitlesstcg.com/cards/pt/EVS/42;baixado;
swsh7;swsh7-43;43;Cryogonal;https://limitlesstcg.nyc3.cdn.digitaloceanspaces.com/tpci/EVS/EVS_043_R_PT.png;https://limitlesstcg.com/cards/pt/EVS/43;baixado;
swsh7;swsh7-44;44;Bergmite;https://limitlesstcg.nyc3.cdn.digitaloceanspaces.com/tpci/EVS/EVS_044_R_PT.png;https://limitlesstcg.com/cards/pt/EVS/44;baixado;
swsh7;swsh7-45;45;Avalugg;https://limitlesstcg.nyc3.cdn.digitaloceanspaces.com/tpci/EVS/EVS_045_R_PT.png;https://limitlesstcg.com/cards/pt/EVS/45;baixado;
swsh7;swsh7-46;46;Wishiwashi;https://limitlesstcg.nyc3.cdn.digitaloceanspaces.com/tpci/EVS/EVS_046_R_PT.png;https://limitlesstcg.com/cards/pt/EVS/46;baixado;
swsh7;swsh7-47;47;Eiscue;https://limitlesstcg.nyc3.cdn.digitaloceanspaces.com/tpci/EVS/EVS_047_R_PT.png;https://limitlesstcg.com/cards/pt/EVS/47;baixado;
swsh7;swsh7-48;48;Arctovish V;https://limitlesstcg.nyc3.cdn.digitaloceanspaces.com/tpci/EVS/EVS_048_R_PT.png;https://limitlesstcg.com/cards/pt/EVS/48;baixado;
swsh7;swsh7-49;49;Pikachu;https://limitlesstcg.nyc3.cdn.digitaloceanspaces.com/tpci/EVS/EVS_049_R_PT.png;https://limitlesstcg.com/cards/pt/EVS/49;baixado;
swsh7;swsh7-50;50;Raichu;https://limitlesstcg.nyc3.cdn.digitaloceanspaces.com/tpci/EVS/EVS_050_R_PT.png;https://limitlesstcg.com/cards/pt/EVS/50;baixado;
swsh7;swsh7-51;51;Jolteon VMAX;https://limitlesstcg.nyc3.cdn.digitaloceanspaces.com/tpci/EVS/EVS_051_R_PT.png;https://limitlesstcg.com/cards/pt/EVS/51;baixado;
swsh7;swsh7-52;52;Chinchou;https://limitlesstcg.nyc3.cdn.digitaloceanspaces.com/tpci/EVS/EVS_052_R_PT.png;https://limitlesstcg.com/cards/pt/EVS/52;baixado;
swsh7;swsh7-53;53;Lanturn;https://limitlesstcg.nyc3.cdn.digitaloceanspaces.com/tpci/EVS/EVS_053_R_PT.png;https://limitlesstcg.com/cards/pt/EVS/53;baixado;
swsh7;swsh7-54;54;Mareep;https://limitlesstcg.nyc3.cdn.digitaloceanspaces.com/tpci/EVS/EVS_054_R_PT.png;https://limitlesstcg.com/cards/pt/EVS/54;baixado;
swsh7;swsh7-55;55;Flaaffy;https://limitlesstcg.nyc3.cdn.digitaloceanspaces.com/tpci/EVS/EVS_055_R_PT.png;https://limitlesstcg.com/cards/pt/EVS/55;baixado;
swsh7;swsh7-56;56;Ampharos;https://limitlesstcg.nyc3.cdn.digitaloceanspaces.com/tpci/EVS/EVS_056_R_PT.png;https://limitlesstcg.com/cards/pt/EVS/56;baixado;
swsh7;swsh7-57;57;Emolga;https://limitlesstcg.nyc3.cdn.digitaloceanspaces.com/tpci/EVS/EVS_057_R_PT.png;https://limitlesstcg.com/cards/pt/EVS/57;baixado;
swsh7;swsh7-58;58;Dracozolt V;https://limitlesstcg.nyc3.cdn.digitaloceanspaces.com/tpci/EVS/EVS_058_R_PT.png;https://limitlesstcg.com/cards/pt/EVS/58;baixado;
swsh7;swsh7-59;59;Dracozolt VMAX;https://limitlesstcg.nyc3.cdn.digitaloceanspaces.com/tpci/EVS/EVS_059_R_PT.png;https://limitlesstcg.com/cards/pt/EVS/59;baixado;
swsh7;swsh7-60;60;Regieleki;https://limitlesstcg.nyc3.cdn.digitaloceanspaces.com/tpci/EVS/EVS_060_R_PT.png;https://limitlesstcg.com/cards/pt/EVS/60;baixado;
swsh7;swsh7-61;61;Drowzee;https://limitlesstcg.nyc3.cdn.digitaloceanspaces.com/tpci/EVS/EVS_061_R_PT.png;https://limitlesstcg.com/cards/pt/EVS/61;baixado;
swsh7;swsh7-62;62;Hypno;https://limitlesstcg.nyc3.cdn.digitaloceanspaces.com/tpci/EVS/EVS_062_R_PT.png;https://limitlesstcg.com/cards/pt/EVS/62;baixado;
swsh7;swsh7-63;63;Articuno de Galar;https://limitlesstcg.nyc3.cdn.digitaloceanspaces.com/tpci/EVS/EVS_063_R_PT.png;https://limitlesstcg.com/cards/pt/EVS/63;baixado;
swsh7;swsh7-64;64;Espeon V;https://limitlesstcg.nyc3.cdn.digitaloceanspaces.com/tpci/EVS/EVS_064_R_PT.png;https://limitlesstcg.com/cards/pt/EVS/64;baixado;
swsh7;swsh7-65;65;Espeon VMAX;https://limitlesstcg.nyc3.cdn.digitaloceanspaces.com/tpci/EVS/EVS_065_R_PT.png;https://limitlesstcg.com/cards/pt/EVS/65;baixado;
swsh7;swsh7-66;66;Wobbuffet;https://limitlesstcg.nyc3.cdn.digitaloceanspaces.com/tpci/EVS/EVS_066_R_PT.png;https://limitlesstcg.com/cards/pt/EVS/66;baixado;
swsh7;swsh7-67;67;Sableye;https://limitlesstcg.nyc3.cdn.digitaloceanspaces.com/tpci/EVS/EVS_067_R_PT.png;https://limitlesstcg.com/cards/pt/EVS/67;baixado;
swsh7;swsh7-68;68;Woobat;https://limitlesstcg.nyc3.cdn.digitaloceanspaces.com/tpci/EVS/EVS_068_R_PT.png;https://limitlesstcg.com/cards/pt/EVS/68;baixado;
swsh7;swsh7-69;69;Swoobat;https://limitlesstcg.nyc3.cdn.digitaloceanspaces.com/tpci/EVS/EVS_069_R_PT.png;https://limitlesstcg.com/cards/pt/EVS/69;baixado;
swsh7;swsh7-70;70;Golurk V;https://limitlesstcg.nyc3.cdn.digitaloceanspaces.com/tpci/EVS/EVS_070_R_PT.png;https://limitlesstcg.com/cards/pt/EVS/70;baixado;
swsh7;swsh7-71;71;Flabébé;https://limitlesstcg.nyc3.cdn.digitaloceanspaces.com/tpci/EVS/EVS_071_R_PT.png;https://limitlesstcg.com/cards/pt/EVS/71;baixado;
swsh7;swsh7-72;72;Floette;https://limitlesstcg.nyc3.cdn.digitaloceanspaces.com/tpci/EVS/EVS_072_R_PT.png;https://limitlesstcg.com/cards/pt/EVS/72;baixado;
swsh7;swsh7-73;73;Florges;https://limitlesstcg.nyc3.cdn.digitaloceanspaces.com/tpci/EVS/EVS_073_R_PT.png;https://limitlesstcg.com/cards/pt/EVS/73;baixado;
swsh7;swsh7-74;74;Sylveon V;https://limitlesstcg.nyc3.cdn.digitaloceanspaces.com/tpci/EVS/EVS_074_R_PT.png;https://limitlesstcg.com/cards/pt/EVS/74;baixado;
swsh7;swsh7-75;75;Sylveon VMAX;https://limitlesstcg.nyc3.cdn.digitaloceanspaces.com/tpci/EVS/EVS_075_R_PT.png;https://limitlesstcg.com/cards/pt/EVS/75;baixado;
swsh7;swsh7-76;76;Pumpkaboo;https://limitlesstcg.nyc3.cdn.digitaloceanspaces.com/tpci/EVS/EVS_076_R_PT.png;https://limitlesstcg.com/cards/pt/EVS/76;baixado;
swsh7;swsh7-77;77;Gourgeist;https://limitlesstcg.nyc3.cdn.digitaloceanspaces.com/tpci/EVS/EVS_077_R_PT.png;https://limitlesstcg.com/cards/pt/EVS/77;baixado;
swsh7;swsh7-78;78;Cutiefly;https://limitlesstcg.nyc3.cdn.digitaloceanspaces.com/tpci/EVS/EVS_078_R_PT.png;https://limitlesstcg.com/cards/pt/EVS/78;baixado;
swsh7;swsh7-79;79;Ribombee;https://limitlesstcg.nyc3.cdn.digitaloceanspaces.com/tpci/EVS/EVS_079_R_PT.png;https://limitlesstcg.com/cards/pt/EVS/79;baixado;
swsh7;swsh7-80;80;Marshadow;https://limitlesstcg.nyc3.cdn.digitaloceanspaces.com/tpci/EVS/EVS_080_R_PT.png;https://limitlesstcg.com/cards/pt/EVS/80;baixado;
swsh7;swsh7-81;81;Hitmonchan;https://limitlesstcg.nyc3.cdn.digitaloceanspaces.com/tpci/EVS/EVS_081_R_PT.png;https://limitlesstcg.com/cards/pt/EVS/81;baixado;
swsh7;swsh7-82;82;Zapdos de Galar;https://limitlesstcg.nyc3.cdn.digitaloceanspaces.com/tpci/EVS/EVS_082_R_PT.png;https://limitlesstcg.com/cards/pt/EVS/82;baixado;
swsh7;swsh7-83;83;Medicham V;https://limitlesstcg.nyc3.cdn.digitaloceanspaces.com/tpci/EVS/EVS_083_R_PT.png;https://limitlesstcg.com/cards/pt/EVS/83;baixado;
swsh7;swsh7-84;84;Hippopotas;https://limitlesstcg.nyc3.cdn.digitaloceanspaces.com/tpci/EVS/EVS_084_R_PT.png;https://limitlesstcg.com/cards/pt/EVS/84;baixado;
swsh7;swsh7-85;85;Hippowdon;https://limitlesstcg.nyc3.cdn.digitaloceanspaces.com/tpci/EVS/EVS_085_R_PT.png;https://limitlesstcg.com/cards/pt/EVS/85;baixado;
swsh7;swsh7-86;86;Roggenrola;https://limitlesstcg.nyc3.cdn.digitaloceanspaces.com/tpci/EVS/EVS_086_R_PT.png;https://limitlesstcg.com/cards/pt/EVS/86;baixado;
swsh7;swsh7-87;87;Boldore;https://limitlesstcg.nyc3.cdn.digitaloceanspaces.com/tpci/EVS/EVS_087_R_PT.png;https://limitlesstcg.com/cards/pt/EVS/87;baixado;
swsh7;swsh7-88;88;Gigalith;https://limitlesstcg.nyc3.cdn.digitaloceanspaces.com/tpci/EVS/EVS_088_R_PT.png;https://limitlesstcg.com/cards/pt/EVS/88;baixado;
swsh7;swsh7-89;89;Palpitoad;https://limitlesstcg.nyc3.cdn.digitaloceanspaces.com/tpci/EVS/EVS_089_R_PT.png;https://limitlesstcg.com/cards/pt/EVS/89;baixado;
swsh7;swsh7-90;90;Seismitoad;https://limitlesstcg.nyc3.cdn.digitaloceanspaces.com/tpci/EVS/EVS_090_R_PT.png;https://limitlesstcg.com/cards/pt/EVS/90;baixado;
swsh7;swsh7-91;91;Lycanroc V;https://limitlesstcg.nyc3.cdn.digitaloceanspaces.com/tpci/EVS/EVS_091_R_PT.png;https://limitlesstcg.com/cards/pt/EVS/91;baixado;
swsh7;swsh7-92;92;Lycanroc VMAX;https://limitlesstcg.nyc3.cdn.digitaloceanspaces.com/tpci/EVS/EVS_092_R_PT.png;https://limitlesstcg.com/cards/pt/EVS/92;baixado;
swsh7;swsh7-93;93;Moltres de Galar;https://limitlesstcg.nyc3.cdn.digitaloceanspaces.com/tpci/EVS/EVS_093_R_PT.png;https://limitlesstcg.com/cards/pt/EVS/93;baixado;
swsh7;swsh7-94;94;Umbreon V;https://limitlesstcg.nyc3.cdn.digitaloceanspaces.com/tpci/EVS/EVS_094_R_PT.png;https://limitlesstcg.com/cards/pt/EVS/94;baixado;
swsh7;swsh7-95;95;Umbreon VMAX;https://limitlesstcg.nyc3.cdn.digitaloceanspaces.com/tpci/EVS/EVS_095_R_PT.png;https://limitlesstcg.com/cards/pt/EVS/95;baixado;
swsh7;swsh7-96;96;Nuzleaf;https://limitlesstcg.nyc3.cdn.digitaloceanspaces.com/tpci/EVS/EVS_096_R_PT.png;https://limitlesstcg.com/cards/pt/EVS/96;baixado;
swsh7;swsh7-97;97;Shiftry;https://limitlesstcg.nyc3.cdn.digitaloceanspaces.com/tpci/EVS/EVS_097_R_PT.png;https://limitlesstcg.com/cards/pt/EVS/97;baixado;
swsh7;swsh7-98;98;Scraggy;https://limitlesstcg.nyc3.cdn.digitaloceanspaces.com/tpci/EVS/EVS_098_R_PT.png;https://limitlesstcg.com/cards/pt/EVS/98;baixado;
swsh7;swsh7-99;99;Scrafty;https://limitlesstcg.nyc3.cdn.digitaloceanspaces.com/tpci/EVS/EVS_099_R_PT.png;https://limitlesstcg.com/cards/pt/EVS/99;baixado;
swsh7;swsh7-100;100;Garbodor V;https://limitlesstcg.nyc3.cdn.digitaloceanspaces.com/tpci/EVS/EVS_100_R_PT.png;https://limitlesstcg.com/cards/pt/EVS/100;baixado;
swsh7;swsh7-101;101;Garbodor VMAX;https://limitlesstcg.nyc3.cdn.digitaloceanspaces.com/tpci/EVS/EVS_101_R_PT.png;https://limitlesstcg.com/cards/pt/EVS/101;baixado;
swsh7;swsh7-102;102;Zorua;https://limitlesstcg.nyc3.cdn.digitaloceanspaces.com/tpci/EVS/EVS_102_R_PT.png;https://limitlesstcg.com/cards/pt/EVS/102;baixado;
swsh7;swsh7-103;103;Zoroark;https://limitlesstcg.nyc3.cdn.digitaloceanspaces.com/tpci/EVS/EVS_103_R_PT.png;https://limitlesstcg.com/cards/pt/EVS/103;baixado;
swsh7;swsh7-104;104;Nickit;https://limitlesstcg.nyc3.cdn.digitaloceanspaces.com/tpci/EVS/EVS_104_R_PT.png;https://limitlesstcg.com/cards/pt/EVS/104;baixado;
swsh7;swsh7-105;105;Thievul;https://limitlesstcg.nyc3.cdn.digitaloceanspaces.com/tpci/EVS/EVS_105_R_PT.png;https://limitlesstcg.com/cards/pt/EVS/105;baixado;
swsh7;swsh7-106;106;Altaria;https://limitlesstcg.nyc3.cdn.digitaloceanspaces.com/tpci/EVS/EVS_106_R_PT.png;https://limitlesstcg.com/cards/pt/EVS/106;baixado;
swsh7;swsh7-107;107;Bagon;https://limitlesstcg.nyc3.cdn.digitaloceanspaces.com/tpci/EVS/EVS_107_R_PT.png;https://limitlesstcg.com/cards/pt/EVS/107;baixado;
swsh7;swsh7-108;108;Shelgon;https://limitlesstcg.nyc3.cdn.digitaloceanspaces.com/tpci/EVS/EVS_108_R_PT.png;https://limitlesstcg.com/cards/pt/EVS/108;baixado;
swsh7;swsh7-109;109;Salamence;https://limitlesstcg.nyc3.cdn.digitaloceanspaces.com/tpci/EVS/EVS_109_R_PT.png;https://limitlesstcg.com/cards/pt/EVS/109;baixado;
swsh7;swsh7-110;110;Rayquaza V;https://limitlesstcg.nyc3.cdn.digitaloceanspaces.com/tpci/EVS/EVS_110_R_PT.png;https://limitlesstcg.com/cards/pt/EVS/110;baixado;
swsh7;swsh7-111;111;Rayquaza VMAX;https://limitlesstcg.nyc3.cdn.digitaloceanspaces.com/tpci/EVS/EVS_111_R_PT.png;https://limitlesstcg.com/cards/pt/EVS/111;baixado;
swsh7;swsh7-112;112;Dialga;https://limitlesstcg.nyc3.cdn.digitaloceanspaces.com/tpci/EVS/EVS_112_R_PT.png;https://limitlesstcg.com/cards/pt/EVS/112;baixado;
swsh7;swsh7-113;113;Deino;https://limitlesstcg.nyc3.cdn.digitaloceanspaces.com/tpci/EVS/EVS_113_R_PT.png;https://limitlesstcg.com/cards/pt/EVS/113;baixado;
swsh7;swsh7-114;114;Zweilous;https://limitlesstcg.nyc3.cdn.digitaloceanspaces.com/tpci/EVS/EVS_114_R_PT.png;https://limitlesstcg.com/cards/pt/EVS/114;baixado;
swsh7;swsh7-115;115;Hydreigon;https://limitlesstcg.nyc3.cdn.digitaloceanspaces.com/tpci/EVS/EVS_115_R_PT.png;https://limitlesstcg.com/cards/pt/EVS/115;baixado;
swsh7;swsh7-116;116;Kyurem;https://limitlesstcg.nyc3.cdn.digitaloceanspaces.com/tpci/EVS/EVS_116_R_PT.png;https://limitlesstcg.com/cards/pt/EVS/116;baixado;
swsh7;swsh7-117;117;Noivern V;https://limitlesstcg.nyc3.cdn.digitaloceanspaces.com/tpci/EVS/EVS_117_R_PT.png;https://limitlesstcg.com/cards/pt/EVS/117;baixado;
swsh7;swsh7-118;118;Zygarde;https://limitlesstcg.nyc3.cdn.digitaloceanspaces.com/tpci/EVS/EVS_118_R_PT.png;https://limitlesstcg.com/cards/pt/EVS/118;baixado;
swsh7;swsh7-119;119;Drampa;https://limitlesstcg.nyc3.cdn.digitaloceanspaces.com/tpci/EVS/EVS_119_R_PT.png;https://limitlesstcg.com/cards/pt/EVS/119;baixado;
swsh7;swsh7-120;120;Flapple;https://limitlesstcg.nyc3.cdn.digitaloceanspaces.com/tpci/EVS/EVS_120_R_PT.png;https://limitlesstcg.com/cards/pt/EVS/120;baixado;
swsh7;swsh7-121;121;Appletun;https://limitlesstcg.nyc3.cdn.digitaloceanspaces.com/tpci/EVS/EVS_121_R_PT.png;https://limitlesstcg.com/cards/pt/EVS/121;baixado;
swsh7;swsh7-122;122;Duraludon V;https://limitlesstcg.nyc3.cdn.digitaloceanspaces.com/tpci/EVS/EVS_122_R_PT.png;https://limitlesstcg.com/cards/pt/EVS/122;baixado;
swsh7;swsh7-123;123;Duraludon VMAX;https://limitlesstcg.nyc3.cdn.digitaloceanspaces.com/tpci/EVS/EVS_123_R_PT.png;https://limitlesstcg.com/cards/pt/EVS/123;baixado;
swsh7;swsh7-124;124;Regidrago;https://limitlesstcg.nyc3.cdn.digitaloceanspaces.com/tpci/EVS/EVS_124_R_PT.png;https://limitlesstcg.com/cards/pt/EVS/124;baixado;
swsh7;swsh7-125;125;Eevee;https://limitlesstcg.nyc3.cdn.digitaloceanspaces.com/tpci/EVS/EVS_125_R_PT.png;https://limitlesstcg.com/cards/pt/EVS/125;baixado;
swsh7;swsh7-126;126;Teddiursa;https://limitlesstcg.nyc3.cdn.digitaloceanspaces.com/tpci/EVS/EVS_126_R_PT.png;https://limitlesstcg.com/cards/pt/EVS/126;baixado;
swsh7;swsh7-127;127;Ursaring;https://limitlesstcg.nyc3.cdn.digitaloceanspaces.com/tpci/EVS/EVS_127_R_PT.png;https://limitlesstcg.com/cards/pt/EVS/127;baixado;
swsh7;swsh7-128;128;Smeargle;https://limitlesstcg.nyc3.cdn.digitaloceanspaces.com/tpci/EVS/EVS_128_R_PT.png;https://limitlesstcg.com/cards/pt/EVS/128;baixado;
swsh7;swsh7-129;129;Slakoth;https://limitlesstcg.nyc3.cdn.digitaloceanspaces.com/tpci/EVS/EVS_129_R_PT.png;https://limitlesstcg.com/cards/pt/EVS/129;baixado;
swsh7;swsh7-130;130;Vigoroth;https://limitlesstcg.nyc3.cdn.digitaloceanspaces.com/tpci/EVS/EVS_130_R_PT.png;https://limitlesstcg.com/cards/pt/EVS/130;baixado;
swsh7;swsh7-131;131;Slaking;https://limitlesstcg.nyc3.cdn.digitaloceanspaces.com/tpci/EVS/EVS_131_R_PT.png;https://limitlesstcg.com/cards/pt/EVS/131;baixado;
swsh7;swsh7-132;132;Swablu;https://limitlesstcg.nyc3.cdn.digitaloceanspaces.com/tpci/EVS/EVS_132_R_PT.png;https://limitlesstcg.com/cards/pt/EVS/132;baixado;
swsh7;swsh7-133;133;Lillipup;https://limitlesstcg.nyc3.cdn.digitaloceanspaces.com/tpci/EVS/EVS_133_R_PT.png;https://limitlesstcg.com/cards/pt/EVS/133;baixado;
swsh7;swsh7-134;134;Herdier;https://limitlesstcg.nyc3.cdn.digitaloceanspaces.com/tpci/EVS/EVS_134_R_PT.png;https://limitlesstcg.com/cards/pt/EVS/134;baixado;
swsh7;swsh7-135;135;Stoutland;https://limitlesstcg.nyc3.cdn.digitaloceanspaces.com/tpci/EVS/EVS_135_R_PT.png;https://limitlesstcg.com/cards/pt/EVS/135;baixado;
swsh7;swsh7-136;136;Rufflet;https://limitlesstcg.nyc3.cdn.digitaloceanspaces.com/tpci/EVS/EVS_136_R_PT.png;https://limitlesstcg.com/cards/pt/EVS/136;baixado;
swsh7;swsh7-137;137;Braviary;https://limitlesstcg.nyc3.cdn.digitaloceanspaces.com/tpci/EVS/EVS_137_R_PT.png;https://limitlesstcg.com/cards/pt/EVS/137;baixado;
swsh7;swsh7-138;138;Fletchling;https://limitlesstcg.nyc3.cdn.digitaloceanspaces.com/tpci/EVS/EVS_138_R_PT.png;https://limitlesstcg.com/cards/pt/EVS/138;baixado;
swsh7;swsh7-139;139;Fletchinder;https://limitlesstcg.nyc3.cdn.digitaloceanspaces.com/tpci/EVS/EVS_139_R_PT.png;https://limitlesstcg.com/cards/pt/EVS/139;baixado;
swsh7;swsh7-140;140;Talonflame;https://limitlesstcg.nyc3.cdn.digitaloceanspaces.com/tpci/EVS/EVS_140_R_PT.png;https://limitlesstcg.com/cards/pt/EVS/140;baixado;
swsh7;swsh7-141;141;Senhorita Aroma;https://limitlesstcg.nyc3.cdn.digitaloceanspaces.com/tpci/EVS/EVS_141_R_PT.png;https://limitlesstcg.com/cards/pt/EVS/141;baixado;
swsh7;swsh7-142;142;Bebida Estimulante;https://limitlesstcg.nyc3.cdn.digitaloceanspaces.com/tpci/EVS/EVS_142_R_PT.png;https://limitlesstcg.com/cards/pt/EVS/142;baixado;
swsh7;swsh7-143;143;Imitadora;https://limitlesstcg.nyc3.cdn.digitaloceanspaces.com/tpci/EVS/EVS_143_R_PT.png;https://limitlesstcg.com/cards/pt/EVS/143;baixado;
swsh7;swsh7-144;144;Caverna de Cristal;https://limitlesstcg.nyc3.cdn.digitaloceanspaces.com/tpci/EVS/EVS_144_R_PT.png;https://limitlesstcg.com/cards/pt/EVS/144;baixado;
swsh7;swsh7-145;145;Luvas de Escavação;https://limitlesstcg.nyc3.cdn.digitaloceanspaces.com/tpci/EVS/EVS_145_R_PT.png;https://limitlesstcg.com/cards/pt/EVS/145;baixado;
swsh7;swsh7-146;146;Bola Onírica;https://limitlesstcg.nyc3.cdn.digitaloceanspaces.com/tpci/EVS/EVS_146_R_PT.png;https://limitlesstcg.com/cards/pt/EVS/146;baixado;
swsh7;swsh7-147;147;Insígnia Elemental;https://limitlesstcg.nyc3.cdn.digitaloceanspaces.com/tpci/EVS/EVS_147_R_PT.png;https://limitlesstcg.com/cards/pt/EVS/147;baixado;
swsh7;swsh7-148;148;Proteção Facial Completa;https://limitlesstcg.nyc3.cdn.digitaloceanspaces.com/tpci/EVS/EVS_148_R_PT.png;https://limitlesstcg.com/cards/pt/EVS/148;baixado;
swsh7;swsh7-149;149;Godinho;https://limitlesstcg.nyc3.cdn.digitaloceanspaces.com/tpci/EVS/EVS_149_R_PT.png;https://limitlesstcg.com/cards/pt/EVS/149;baixado;
swsh7;swsh7-150;150;Picolé da Sorte;https://limitlesstcg.nyc3.cdn.digitaloceanspaces.com/tpci/EVS/EVS_150_R_PT.png;https://limitlesstcg.com/cards/pt/EVS/150;baixado;
swsh7;swsh7-151;151;Insígnia de Lua e Sol;https://limitlesstcg.nyc3.cdn.digitaloceanspaces.com/tpci/EVS/EVS_151_R_PT.png;https://limitlesstcg.com/cards/pt/EVS/151;baixado;
swsh7;swsh7-152;152;Roy;https://limitlesstcg.nyc3.cdn.digitaloceanspaces.com/tpci/EVS/EVS_152_R_PT.png;https://limitlesstcg.com/cards/pt/EVS/152;baixado;
swsh7;swsh7-153;153;Pergaminho do Dragão Alado Golpe Fluido;https://limitlesstcg.nyc3.cdn.digitaloceanspaces.com/tpci/EVS/EVS_153_R_PT.png;https://limitlesstcg.com/cards/pt/EVS/153;baixado;
swsh7;swsh7-154;154;Carrinho de Resgate;https://limitlesstcg.nyc3.cdn.digitaloceanspaces.com/tpci/EVS/EVS_154_R_PT.png;https://limitlesstcg.com/cards/pt/EVS/154;baixado;
swsh7;swsh7-155;155;Insígnia de Fita;https://limitlesstcg.nyc3.cdn.digitaloceanspaces.com/tpci/EVS/EVS_155_R_PT.png;https://limitlesstcg.com/cards/pt/EVS/155;baixado;
swsh7;swsh7-156;156;Luvas de Borracha;https://limitlesstcg.nyc3.cdn.digitaloceanspaces.com/tpci/EVS/EVS_156_R_PT.png;https://limitlesstcg.com/cards/pt/EVS/156;baixado;
swsh7;swsh7-157;157;Shopping Center;https://limitlesstcg.nyc3.cdn.digitaloceanspaces.com/tpci/EVS/EVS_157_R_PT.png;https://limitlesstcg.com/cards/pt/EVS/157;baixado;
swsh7;swsh7-158;158;Pergaminho do Dragão Feroz Golpe Decisivo;https://limitlesstcg.nyc3.cdn.digitaloceanspaces.com/tpci/EVS/EVS_158_R_PT.png;https://limitlesstcg.com/cards/pt/EVS/158;baixado;
swsh7;swsh7-159;159;Insígnia de Folha Nevada;https://limitlesstcg.nyc3.cdn.digitaloceanspaces.com/tpci/EVS/EVS_159_R_PT.png;https://limitlesstcg.com/cards/pt/EVS/159;baixado;
swsh7;swsh7-160;160;Máscara Espectral;https://limitlesstcg.nyc3.cdn.digitaloceanspaces.com/tpci/EVS/EVS_160_R_PT.png;https://limitlesstcg.com/cards/pt/EVS/160;baixado;
swsh7;swsh7-161;161;Montanhas Tempestuosas;https://limitlesstcg.nyc3.cdn.digitaloceanspaces.com/tpci/EVS/EVS_161_R_PT.png;https://limitlesstcg.com/cards/pt/EVS/161;baixado;
swsh7;swsh7-162;162;Copos de Substituição;https://limitlesstcg.nyc3.cdn.digitaloceanspaces.com/tpci/EVS/EVS_162_R_PT.png;https://limitlesstcg.com/cards/pt/EVS/162;baixado;
swsh7;swsh7-163;163;Pegador de Brinquedo;https://limitlesstcg.nyc3.cdn.digitaloceanspaces.com/tpci/EVS/EVS_163_R_PT.png;https://limitlesstcg.com/cards/pt/EVS/163;baixado;
swsh7;swsh7-164;164;Resolução da Zínia;https://limitlesstcg.nyc3.cdn.digitaloceanspaces.com/tpci/EVS/EVS_164_R_PT.png;https://limitlesstcg.com/cards/pt/EVS/164;baixado;
swsh7;swsh7-165;165;Energia do Tesouro;https://limitlesstcg.nyc3.cdn.digitaloceanspaces.com/tpci/EVS/EVS_165_R_PT.png;https://limitlesstcg.com/cards/pt/EVS/165;baixado;
swsh7;swsh7-166;166;Leafeon V;https://limitlesstcg.nyc3.cdn.digitaloceanspaces.com/tpci/EVS/EVS_166_R_PT.png;https://limitlesstcg.com/cards/pt/EVS/166;baixado;
swsh7;swsh7-167;167;Leafeon V;https://limitlesstcg.nyc3.cdn.digitaloceanspaces.com/tpci/EVS/EVS_167_R_PT.png;https://limitlesstcg.com/cards/pt/EVS/167;baixado;
swsh7;swsh7-168;168;Trevenant V;https://limitlesstcg.nyc3.cdn.digitaloceanspaces.com/tpci/EVS/EVS_168_R_PT.png;https://limitlesstcg.com/cards/pt/EVS/168;baixado;
swsh7;swsh7-169;169;Flareon V;https://limitlesstcg.nyc3.cdn.digitaloceanspaces.com/tpci/EVS/EVS_169_R_PT.png;https://limitlesstcg.com/cards/pt/EVS/169;baixado;
swsh7;swsh7-170;170;Volcarona V;https://limitlesstcg.nyc3.cdn.digitaloceanspaces.com/tpci/EVS/EVS_170_R_PT.png;https://limitlesstcg.com/cards/pt/EVS/170;baixado;
swsh7;swsh7-171;171;Gyarados V;https://limitlesstcg.nyc3.cdn.digitaloceanspaces.com/tpci/EVS/EVS_171_R_PT.png;https://limitlesstcg.com/cards/pt/EVS/171;baixado;
swsh7;swsh7-172;172;Vaporeon V;https://limitlesstcg.nyc3.cdn.digitaloceanspaces.com/tpci/EVS/EVS_172_R_PT.png;https://limitlesstcg.com/cards/pt/EVS/172;baixado;
swsh7;swsh7-173;173;Suicune V;https://limitlesstcg.nyc3.cdn.digitaloceanspaces.com/tpci/EVS/EVS_173_R_PT.png;https://limitlesstcg.com/cards/pt/EVS/173;baixado;
swsh7;swsh7-174;174;Glaceon V;https://limitlesstcg.nyc3.cdn.digitaloceanspaces.com/tpci/EVS/EVS_174_R_PT.png;https://limitlesstcg.com/cards/pt/EVS/174;baixado;
swsh7;swsh7-175;175;Glaceon V;https://limitlesstcg.nyc3.cdn.digitaloceanspaces.com/tpci/EVS/EVS_175_R_PT.png;https://limitlesstcg.com/cards/pt/EVS/175;baixado;
swsh7;swsh7-176;176;Arctovish V;https://limitlesstcg.nyc3.cdn.digitaloceanspaces.com/tpci/EVS/EVS_176_R_PT.png;https://limitlesstcg.com/cards/pt/EVS/176;baixado;
swsh7;swsh7-177;177;Jolteon V;https://limitlesstcg.nyc3.cdn.digitaloceanspaces.com/tpci/EVS/EVS_177_R_PT.png;https://limitlesstcg.com/cards/pt/EVS/177;baixado;
swsh7;swsh7-178;178;Dracozolt V;https://limitlesstcg.nyc3.cdn.digitaloceanspaces.com/tpci/EVS/EVS_178_R_PT.png;https://limitlesstcg.com/cards/pt/EVS/178;baixado;
swsh7;swsh7-179;179;Espeon V;https://limitlesstcg.nyc3.cdn.digitaloceanspaces.com/tpci/EVS/EVS_179_R_PT.png;https://limitlesstcg.com/cards/pt/EVS/179;baixado;
swsh7;swsh7-180;180;Espeon V;https://limitlesstcg.nyc3.cdn.digitaloceanspaces.com/tpci/EVS/EVS_180_R_PT.png;https://limitlesstcg.com/cards/pt/EVS/180;baixado;
swsh7;swsh7-181;181;Golurk V;https://limitlesstcg.nyc3.cdn.digitaloceanspaces.com/tpci/EVS/EVS_181_R_PT.png;https://limitlesstcg.com/cards/pt/EVS/181;baixado;
swsh7;swsh7-182;182;Golurk V;https://limitlesstcg.nyc3.cdn.digitaloceanspaces.com/tpci/EVS/EVS_182_R_PT.png;https://limitlesstcg.com/cards/pt/EVS/182;baixado;
swsh7;swsh7-183;183;Sylveon V;https://limitlesstcg.nyc3.cdn.digitaloceanspaces.com/tpci/EVS/EVS_183_R_PT.png;https://limitlesstcg.com/cards/pt/EVS/183;baixado;
swsh7;swsh7-184;184;Sylveon V;https://limitlesstcg.nyc3.cdn.digitaloceanspaces.com/tpci/EVS/EVS_184_R_PT.png;https://limitlesstcg.com/cards/pt/EVS/184;baixado;
swsh7;swsh7-185;185;Medicham V;https://limitlesstcg.nyc3.cdn.digitaloceanspaces.com/tpci/EVS/EVS_185_R_PT.png;https://limitlesstcg.com/cards/pt/EVS/185;baixado;
swsh7;swsh7-186;186;Medicham V;https://limitlesstcg.nyc3.cdn.digitaloceanspaces.com/tpci/EVS/EVS_186_R_PT.png;https://limitlesstcg.com/cards/pt/EVS/186;baixado;
swsh7;swsh7-187;187;Lycanroc V;https://limitlesstcg.nyc3.cdn.digitaloceanspaces.com/tpci/EVS/EVS_187_R_PT.png;https://limitlesstcg.com/cards/pt/EVS/187;baixado;
swsh7;swsh7-188;188;Umbreon V;https://limitlesstcg.nyc3.cdn.digitaloceanspaces.com/tpci/EVS/EVS_188_R_PT.png;https://limitlesstcg.com/cards/pt/EVS/188;baixado;
swsh7;swsh7-189;189;Umbreon V;https://limitlesstcg.nyc3.cdn.digitaloceanspaces.com/tpci/EVS/EVS_189_R_PT.png;https://limitlesstcg.com/cards/pt/EVS/189;baixado;
swsh7;swsh7-190;190;Garbodor V;https://limitlesstcg.nyc3.cdn.digitaloceanspaces.com/tpci/EVS/EVS_190_R_PT.png;https://limitlesstcg.com/cards/pt/EVS/190;baixado;
swsh7;swsh7-191;191;Dragonite V;https://limitlesstcg.nyc3.cdn.digitaloceanspaces.com/tpci/EVS/EVS_191_R_PT.png;https://limitlesstcg.com/cards/pt/EVS/191;baixado;
swsh7;swsh7-192;192;Dragonite V;https://limitlesstcg.nyc3.cdn.digitaloceanspaces.com/tpci/EVS/EVS_192_R_PT.png;https://limitlesstcg.com/cards/pt/EVS/192;baixado;
swsh7;swsh7-193;193;Rayquaza V;https://limitlesstcg.nyc3.cdn.digitaloceanspaces.com/tpci/EVS/EVS_193_R_PT.png;https://limitlesstcg.com/cards/pt/EVS/193;baixado;
swsh7;swsh7-194;194;Rayquaza V;https://limitlesstcg.nyc3.cdn.digitaloceanspaces.com/tpci/EVS/EVS_194_R_PT.png;https://limitlesstcg.com/cards/pt/EVS/194;baixado;
swsh7;swsh7-195;195;Noivern V;https://limitlesstcg.nyc3.cdn.digitaloceanspaces.com/tpci/EVS/EVS_195_R_PT.png;https://limitlesstcg.com/cards/pt/EVS/195;baixado;
swsh7;swsh7-196;196;Noivern V;https://limitlesstcg.nyc3.cdn.digitaloceanspaces.com/tpci/EVS/EVS_196_R_PT.png;https://limitlesstcg.com/cards/pt/EVS/196;baixado;
swsh7;swsh7-197;197;Duraludon V;https://limitlesstcg.nyc3.cdn.digitaloceanspaces.com/tpci/EVS/EVS_197_R_PT.png;https://limitlesstcg.com/cards/pt/EVS/197;baixado;
swsh7;swsh7-198;198;Duraludon V;https://limitlesstcg.nyc3.cdn.digitaloceanspaces.com/tpci/EVS/EVS_198_R_PT.png;https://limitlesstcg.com/cards/pt/EVS/198;baixado;
swsh7;swsh7-199;199;Senhorita Aroma;https://limitlesstcg.nyc3.cdn.digitaloceanspaces.com/tpci/EVS/EVS_199_R_PT.png;https://limitlesstcg.com/cards/pt/EVS/199;baixado;
swsh7;swsh7-200;200;Imitadora;https://limitlesstcg.nyc3.cdn.digitaloceanspaces.com/tpci/EVS/EVS_200_R_PT.png;https://limitlesstcg.com/cards/pt/EVS/200;baixado;
swsh7;swsh7-201;201;Godinho;https://limitlesstcg.nyc3.cdn.digitaloceanspaces.com/tpci/EVS/EVS_201_R_PT.png;https://limitlesstcg.com/cards/pt/EVS/201;baixado;
swsh7;swsh7-202;202;Roy;https://limitlesstcg.nyc3.cdn.digitaloceanspaces.com/tpci/EVS/EVS_202_R_PT.png;https://limitlesstcg.com/cards/pt/EVS/202;baixado;
swsh7;swsh7-203;203;Resolução da Zínia;https://limitlesstcg.nyc3.cdn.digitaloceanspaces.com/tpci/EVS/EVS_203_R_PT.png;https://limitlesstcg.com/cards/pt/EVS/203;baixado;
swsh7;swsh7-204;204;Leafeon VMAX;https://limitlesstcg.nyc3.cdn.digitaloceanspaces.com/tpci/EVS/EVS_204_R_PT.png;https://limitlesstcg.com/cards/pt/EVS/204;baixado;
swsh7;swsh7-205;205;Leafeon VMAX;https://limitlesstcg.nyc3.cdn.digitaloceanspaces.com/tpci/EVS/EVS_205_R_PT.png;https://limitlesstcg.com/cards/pt/EVS/205;baixado;
swsh7;swsh7-206;206;Trevenant VMAX;https://limitlesstcg.nyc3.cdn.digitaloceanspaces.com/tpci/EVS/EVS_206_R_PT.png;https://limitlesstcg.com/cards/pt/EVS/206;baixado;
swsh7;swsh7-207;207;Gyarados VMAX;https://limitlesstcg.nyc3.cdn.digitaloceanspaces.com/tpci/EVS/EVS_207_R_PT.png;https://limitlesstcg.com/cards/pt/EVS/207;baixado;
swsh7;swsh7-208;208;Glaceon VMAX;https://limitlesstcg.nyc3.cdn.digitaloceanspaces.com/tpci/EVS/EVS_208_R_PT.png;https://limitlesstcg.com/cards/pt/EVS/208;baixado;
swsh7;swsh7-209;209;Glaceon VMAX;https://limitlesstcg.nyc3.cdn.digitaloceanspaces.com/tpci/EVS/EVS_209_R_PT.png;https://limitlesstcg.com/cards/pt/EVS/209;baixado;
swsh7;swsh7-210;210;Dracozolt VMAX;https://limitlesstcg.nyc3.cdn.digitaloceanspaces.com/tpci/EVS/EVS_210_R_PT.png;https://limitlesstcg.com/cards/pt/EVS/210;baixado;
swsh7;swsh7-211;211;Sylveon VMAX;https://limitlesstcg.nyc3.cdn.digitaloceanspaces.com/tpci/EVS/EVS_211_R_PT.png;https://limitlesstcg.com/cards/pt/EVS/211;baixado;
swsh7;swsh7-212;212;Sylveon VMAX;https://limitlesstcg.nyc3.cdn.digitaloceanspaces.com/tpci/EVS/EVS_212_R_PT.png;https://limitlesstcg.com/cards/pt/EVS/212;baixado;
swsh7;swsh7-213;213;Lycanroc VMAX;https://limitlesstcg.nyc3.cdn.digitaloceanspaces.com/tpci/EVS/EVS_213_R_PT.png;https://limitlesstcg.com/cards/pt/EVS/213;baixado;
swsh7;swsh7-214;214;Umbreon VMAX;https://limitlesstcg.nyc3.cdn.digitaloceanspaces.com/tpci/EVS/EVS_214_R_PT.png;https://limitlesstcg.com/cards/pt/EVS/214;baixado;
swsh7;swsh7-215;215;Umbreon VMAX;https://limitlesstcg.nyc3.cdn.digitaloceanspaces.com/tpci/EVS/EVS_215_R_PT.png;https://limitlesstcg.com/cards/pt/EVS/215;baixado;
swsh7;swsh7-216;216;Garbodor VMAX;https://limitlesstcg.nyc3.cdn.digitaloceanspaces.com/tpci/EVS/EVS_216_R_PT.png;https://limitlesstcg.com/cards/pt/EVS/216;baixado;
swsh7;swsh7-217;217;Rayquaza VMAX;https://limitlesstcg.nyc3.cdn.digitaloceanspaces.com/tpci/EVS/EVS_217_R_PT.png;https://limitlesstcg.com/cards/pt/EVS/217;baixado;
swsh7;swsh7-218;218;Rayquaza VMAX;https://limitlesstcg.nyc3.cdn.digitaloceanspaces.com/tpci/EVS/EVS_218_R_PT.png;https://limitlesstcg.com/cards/pt/EVS/218;baixado;
swsh7;swsh7-219;219;Duraludon VMAX;https://limitlesstcg.nyc3.cdn.digitaloceanspaces.com/tpci/EVS/EVS_219_R_PT.png;https://limitlesstcg.com/cards/pt/EVS/219;baixado;
swsh7;swsh7-220;220;Duraludon VMAX;https://limitlesstcg.nyc3.cdn.digitaloceanspaces.com/tpci/EVS/EVS_220_R_PT.png;https://limitlesstcg.com/cards/pt/EVS/220;baixado;
swsh7;swsh7-221;221;Senhorita Aroma;https://limitlesstcg.nyc3.cdn.digitaloceanspaces.com/tpci/EVS/EVS_221_R_PT.png;https://limitlesstcg.com/cards/pt/EVS/221;baixado;
swsh7;swsh7-222;222;Imitadora;https://limitlesstcg.nyc3.cdn.digitaloceanspaces.com/tpci/EVS/EVS_222_R_PT.png;https://limitlesstcg.com/cards/pt/EVS/222;baixado;
swsh7;swsh7-223;223;Godinho;https://limitlesstcg.nyc3.cdn.digitaloceanspaces.com/tpci/EVS/EVS_223_R_PT.png;https://limitlesstcg.com/cards/pt/EVS/223;baixado;
swsh7;swsh7-224;224;Roy;https://limitlesstcg.nyc3.cdn.digitaloceanspaces.com/tpci/EVS/EVS_224_R_PT.png;https://limitlesstcg.com/cards/pt/EVS/224;baixado;
swsh7;swsh7-225;225;Resolução da Zínia;https://limitlesstcg.nyc3.cdn.digitaloceanspaces.com/tpci/EVS/EVS_225_R_PT.png;https://limitlesstcg.com/cards/pt/EVS/225;baixado;
swsh7;swsh7-226;226;Froslass;https://limitlesstcg.nyc3.cdn.digitaloceanspaces.com/tpci/EVS/EVS_226_R_PT.png;https://limitlesstcg.com/cards/pt/EVS/226;baixado;
swsh7;swsh7-227;227;Inteleon;https://limitlesstcg.nyc3.cdn.digitaloceanspaces.com/tpci/EVS/EVS_227_R_PT.png;https://limitlesstcg.com/cards/pt/EVS/227;baixado;
swsh7;swsh7-228;228;Cresselia;https://limitlesstcg.nyc3.cdn.digitaloceanspaces.com/tpci/EVS/EVS_228_R_PT.png;https://limitlesstcg.com/cards/pt/EVS/228;baixado;
swsh7;swsh7-229;229;Bebida Estimulante;https://limitlesstcg.nyc3.cdn.digitaloceanspaces.com/tpci/EVS/EVS_229_R_PT.png;https://limitlesstcg.com/cards/pt/EVS/229;baixado;
swsh7;swsh7-230;230;Caverna de Cristal;https://limitlesstcg.nyc3.cdn.digitaloceanspaces.com/tpci/EVS/EVS_230_R_PT.png;https://limitlesstcg.com/cards/pt/EVS/230;baixado;
swsh7;swsh7-231;231;Proteção Facial Completa;https://limitlesstcg.nyc3.cdn.digitaloceanspaces.com/tpci/EVS/EVS_231_R_PT.png;https://limitlesstcg.com/cards/pt/EVS/231;baixado;
swsh7;swsh7-232;232;Montanhas Tempestuosas;https://limitlesstcg.nyc3.cdn.digitaloceanspaces.com/tpci/EVS/EVS_232_R_PT.png;https://limitlesstcg.com/cards/pt/EVS/232;baixado;
swsh7;swsh7-233;233;Pegador de Brinquedo;https://limitlesstcg.nyc3.cdn.digitaloceanspaces.com/tpci/EVS/EVS_233_R_PT.png;https://limitlesstcg.com/cards/pt/EVS/233;baixado;
swsh7;swsh7-234;234;Estádio de Turffield;https://limitlesstcg.nyc3.cdn.digitaloceanspaces.com/tpci/EVS/EVS_234_R_PT.png;https://limitlesstcg.com/cards/pt/EVS/234;baixado;
swsh7;swsh7-235;235;Energia de Raios;https://limitlesstcg.nyc3.cdn.digitaloceanspaces.com/tpci/EVS/EVS_235_R_PT.png;https://limitlesstcg.com/cards/pt/EVS/235;baixado;
swsh7;swsh7-236;236;Energia Noturna;https://limitlesstcg.nyc3.cdn.digitaloceanspaces.com/tpci/EVS/EVS_236_R_PT.png;https://limitlesstcg.com/cards/pt/EVS/236;baixado;
swsh7;swsh7-237;237;Energia de Metal;https://limitlesstcg.nyc3.cdn.digitaloceanspaces.com/tpci/EVS/EVS_237_R_PT.png;https://limitlesstcg.com/cards/pt/EVS/237;erro;403 Client Error: Forbidden for url: https://limitlesstcg.nyc3.cdn.digitaloceanspaces.com/tpci/EVS/EVS_237_R_PT_LG.png
cel25;cel25-1;1;Ho-Oh;https://limitlesstcg.nyc3.cdn.digitaloceanspaces.com/tpci/CEL/CEL_001_R_PT.png;https://limitlesstcg.com/cards/pt/CEL/1;baixado;
cel25;cel25-2;2;Reshiram;https://limitlesstcg.nyc3.cdn.digitaloceanspaces.com/tpci/CEL/CEL_002_R_PT.png;https://limitlesstcg.com/cards/pt/CEL/2;baixado;
cel25;cel25-3;3;Kyogre;https://limitlesstcg.nyc3.cdn.digitaloceanspaces.com/tpci/CEL/CEL_003_R_PT.png;https://limitlesstcg.com/cards/pt/CEL/3;baixado;
cel25;cel25-4;4;Palkia;https://limitlesstcg.nyc3.cdn.digitaloceanspaces.com/tpci/CEL/CEL_004_R_PT.png;https://limitlesstcg.com/cards/pt/CEL/4;baixado;
cel25;cel25-5;5;Pikachu;https://limitlesstcg.nyc3.cdn.digitaloceanspaces.com/tpci/CEL/CEL_005_R_PT.png;https://limitlesstcg.com/cards/pt/CEL/5;baixado;
cel25;cel25-6;6;Pikachu Voador V;https://limitlesstcg.nyc3.cdn.digitaloceanspaces.com/tpci/CEL/CEL_006_R_PT.png;https://limitlesstcg.com/cards/pt/CEL/6;baixado;
cel25;cel25-7;7;Pikachu Voador VMAX;https://limitlesstcg.nyc3.cdn.digitaloceanspaces.com/tpci/CEL/CEL_007_R_PT.png;https://limitlesstcg.com/cards/pt/CEL/7;baixado;
cel25;cel25-8;8;Pikachu Surfista V;https://limitlesstcg.nyc3.cdn.digitaloceanspaces.com/tpci/CEL/CEL_008_R_PT.png;https://limitlesstcg.com/cards/pt/CEL/8;baixado;
cel25;cel25-9;9;Pikachu Surfista VMAX;https://limitlesstcg.nyc3.cdn.digitaloceanspaces.com/tpci/CEL/CEL_009_R_PT.png;https://limitlesstcg.com/cards/pt/CEL/9;baixado;
cel25;cel25-10;10;Zekrom;https://limitlesstcg.nyc3.cdn.digitaloceanspaces.com/tpci/CEL/CEL_010_R_PT.png;https://limitlesstcg.com/cards/pt/CEL/10;baixado;
cel25;cel25-11;11;Mew;https://limitlesstcg.nyc3.cdn.digitaloceanspaces.com/tpci/CEL/CEL_011_R_PT.png;https://limitlesstcg.com/cards/pt/CEL/11;baixado;
cel25;cel25-12;12;Xerneas;https://limitlesstcg.nyc3.cdn.digitaloceanspaces.com/tpci/CEL/CEL_012_R_PT.png;https://limitlesstcg.com/cards/pt/CEL/12;baixado;
cel25;cel25-13;13;Cosmog;https://limitlesstcg.nyc3.cdn.digitaloceanspaces.com/tpci/CEL/CEL_013_R_PT.png;https://limitlesstcg.com/cards/pt/CEL/13;baixado;
cel25;cel25-14;14;Cosmoem;https://limitlesstcg.nyc3.cdn.digitaloceanspaces.com/tpci/CEL/CEL_014_R_PT.png;https://limitlesstcg.com/cards/pt/CEL/14;baixado;
cel25;cel25-15;15;Lunala;https://limitlesstcg.nyc3.cdn.digitaloceanspaces.com/tpci/CEL/CEL_015_R_PT.png;https://limitlesstcg.com/cards/pt/CEL/15;baixado;
cel25;cel25-16;16;Zacian V;https://limitlesstcg.nyc3.cdn.digitaloceanspaces.com/tpci/CEL/CEL_016_R_PT.png;https://limitlesstcg.com/cards/pt/CEL/16;baixado;
cel25;cel25-17;17;Groudon;https://limitlesstcg.nyc3.cdn.digitaloceanspaces.com/tpci/CEL/CEL_017_R_PT.png;https://limitlesstcg.com/cards/pt/CEL/17;baixado;
cel25;cel25-18;18;Zamazenta V;https://limitlesstcg.nyc3.cdn.digitaloceanspaces.com/tpci/CEL/CEL_018_R_PT.png;https://limitlesstcg.com/cards/pt/CEL/18;baixado;
cel25;cel25-19;19;Yveltal;https://limitlesstcg.nyc3.cdn.digitaloceanspaces.com/tpci/CEL/CEL_019_R_PT.png;https://limitlesstcg.com/cards/pt/CEL/19;baixado;
cel25;cel25-20;20;Dialga;https://limitlesstcg.nyc3.cdn.digitaloceanspaces.com/tpci/CEL/CEL_020_R_PT.png;https://limitlesstcg.com/cards/pt/CEL/20;baixado;
cel25;cel25-21;21;Solgaleo;https://limitlesstcg.nyc3.cdn.digitaloceanspaces.com/tpci/CEL/CEL_021_R_PT.png;https://limitlesstcg.com/cards/pt/CEL/21;baixado;
cel25;cel25-22;22;Lugia;https://limitlesstcg.nyc3.cdn.digitaloceanspaces.com/tpci/CEL/CEL_022_R_PT.png;https://limitlesstcg.com/cards/pt/CEL/22;baixado;
cel25;cel25-23;23;Pesquisa de Professores;https://limitlesstcg.nyc3.cdn.digitaloceanspaces.com/tpci/CEL/CEL_023_R_PT.png;https://limitlesstcg.com/cards/pt/CEL/23;baixado;
cel25;cel25-24;24;Pesquisa de Professores;https://limitlesstcg.nyc3.cdn.digitaloceanspaces.com/tpci/CEL/CEL_024_R_PT.png;https://limitlesstcg.com/cards/pt/CEL/24;baixado;
cel25;cel25-25;25;Mew;https://limitlesstcg.nyc3.cdn.digitaloceanspaces.com/tpci/CEL/CEL_025_R_PT.png;https://limitlesstcg.com/cards/pt/CEL/25;ja_existia;
cel25cc;cel25cc-CC001;CC001;Blastoise;https://limitlesstcg.nyc3.cdn.digitaloceanspaces.com/tpci/CEL/CEL_CC1_R_PT.png;https://limitlesstcg.com/cards/pt/CEL/CC1;baixado;
cel25cc;cel25cc-CC002;CC002;Charizard;https://limitlesstcg.nyc3.cdn.digitaloceanspaces.com/tpci/CEL/CEL_CC2_R_PT.png;https://limitlesstcg.com/cards/pt/CEL/CC2;baixado;
cel25cc;cel25cc-CC003;CC003;Venusaur;https://limitlesstcg.nyc3.cdn.digitaloceanspaces.com/tpci/CEL/CEL_CC3_R_PT.png;https://limitlesstcg.com/cards/pt/CEL/CC3;baixado;
cel25cc;cel25cc-CC004;CC004;Imposter Professor Oak;https://limitlesstcg.nyc3.cdn.digitaloceanspaces.com/tpci/CEL/CEL_CC4_R_PT.png;https://limitlesstcg.com/cards/pt/CEL/CC4;baixado;
cel25cc;cel25cc-CC005;CC005;Dark Gyarados;https://limitlesstcg.nyc3.cdn.digitaloceanspaces.com/tpci/CEL/CEL_CC5_R_PT.png;https://limitlesstcg.com/cards/pt/CEL/CC5;baixado;
cel25cc;cel25cc-CC006;CC006;Here Comes Team Rocket!;https://limitlesstcg.nyc3.cdn.digitaloceanspaces.com/tpci/CEL/CEL_CC6_R_PT.png;https://limitlesstcg.com/cards/pt/CEL/CC6;baixado;
cel25cc;cel25cc-CC007;CC007;Rocket's Zapdos;https://limitlesstcg.nyc3.cdn.digitaloceanspaces.com/tpci/CEL/CEL_CC7_R_PT.png;https://limitlesstcg.com/cards/pt/CEL/CC7;baixado;
cel25cc;cel25cc-CC008;CC008;_____'s Pikachu;https://limitlesstcg.nyc3.cdn.digitaloceanspaces.com/tpci/CEL/CEL_CC8_R_PT.png;https://limitlesstcg.com/cards/pt/CEL/CC8;baixado;
cel25cc;cel25cc-CC009;CC009;Cleffa;https://limitlesstcg.nyc3.cdn.digitaloceanspaces.com/tpci/CEL/CEL_CC9_R_PT.png;https://limitlesstcg.com/cards/pt/CEL/CC9;baixado;
cel25cc;cel25cc-CC010;CC010;Shining Magikarp;https://limitlesstcg.nyc3.cdn.digitaloceanspaces.com/tpci/CEL/CEL_CC10_R_PT.png;https://limitlesstcg.com/cards/pt/CEL/CC10;baixado;
cel25cc;cel25cc-CC011;CC011;Team Magma's Groudon;https://limitlesstcg.nyc3.cdn.digitaloceanspaces.com/tpci/CEL/CEL_CC11_R_PT.png;https://limitlesstcg.com/cards/pt/CEL/CC11;baixado;
cel25cc;cel25cc-CC012;CC012;Rocket's Admin.;https://limitlesstcg.nyc3.cdn.digitaloceanspaces.com/tpci/CEL/CEL_CC12_R_PT.png;https://limitlesstcg.com/cards/pt/CEL/CC12;baixado;
cel25cc;cel25cc-CC013;CC013;Mew ex;https://limitlesstcg.nyc3.cdn.digitaloceanspaces.com/tpci/CEL/CEL_CC13_R_PT.png;https://limitlesstcg.com/cards/pt/CEL/CC13;baixado;
cel25cc;cel25cc-CC014;CC014;Gardevoir ex;https://limitlesstcg.nyc3.cdn.digitaloceanspaces.com/tpci/CEL/CEL_CC14_R_PT.png;https://limitlesstcg.com/cards/pt/CEL/CC14;baixado;
cel25cc;cel25cc-CC015;CC015;Umbreon ☆;https://limitlesstcg.nyc3.cdn.digitaloceanspaces.com/tpci/CEL/CEL_CC15_R_PT.png;https://limitlesstcg.com/cards/pt/CEL/CC15;baixado;
cel25cc;cel25cc-CC016;CC016;Claydol;https://limitlesstcg.nyc3.cdn.digitaloceanspaces.com/tpci/CEL/CEL_CC16_R_PT.png;https://limitlesstcg.com/cards/pt/CEL/CC16;baixado;
cel25cc;cel25cc-CC017;CC017;Luxray GL LV.X;https://limitlesstcg.nyc3.cdn.digitaloceanspaces.com/tpci/CEL/CEL_CC17_R_PT.png;https://limitlesstcg.com/cards/pt/CEL/CC17;baixado;
cel25cc;cel25cc-CC018;CC018;Garchomp C LV.X;https://limitlesstcg.nyc3.cdn.digitaloceanspaces.com/tpci/CEL/CEL_CC18_R_PT.png;https://limitlesstcg.com/cards/pt/CEL/CC18;baixado;
cel25cc;cel25cc-CC019;CC019;Donphan;https://limitlesstcg.nyc3.cdn.digitaloceanspaces.com/tpci/CEL/CEL_CC19_R_PT.png;https://limitlesstcg.com/cards/pt/CEL/CC19;baixado;
cel25cc;cel25cc-CC020;CC020;Reshiram;https://limitlesstcg.nyc3.cdn.digitaloceanspaces.com/tpci/CEL/CEL_CC20_R_PT.png;https://limitlesstcg.com/cards/pt/CEL/CC20;baixado;
cel25cc;cel25cc-CC021;CC021;Zekrom;https://limitlesstcg.nyc3.cdn.digitaloceanspaces.com/tpci/CEL/CEL_CC21_R_PT.png;https://limitlesstcg.com/cards/pt/CEL/CC21;baixado;
cel25cc;cel25cc-CC022;CC022;Mewtwo EX;https://limitlesstcg.nyc3.cdn.digitaloceanspaces.com/tpci/CEL/CEL_CC22_R_PT.png;https://limitlesstcg.com/cards/pt/CEL/CC22;baixado;
cel25cc;cel25cc-CC023;CC023;Xerneas EX;https://limitlesstcg.nyc3.cdn.digitaloceanspaces.com/tpci/CEL/CEL_CC23_R_PT.png;https://limitlesstcg.com/cards/pt/CEL/CC23;baixado;
cel25cc;cel25cc-CC024;CC024;M Rayquaza EX;https://limitlesstcg.nyc3.cdn.digitaloceanspaces.com/tpci/CEL/CEL_CC24_R_PT.png;https://limitlesstcg.com/cards/pt/CEL/CC24;baixado;
cel25cc;cel25cc-CC025;CC025;Tapu Lele GX;https://limitlesstcg.nyc3.cdn.digitaloceanspaces.com/tpci/CEL/CEL_CC25_R_PT.png;https://limitlesstcg.com/cards/pt/CEL/CC25;baixado;
swsh8;swsh8-1;1;Caterpie;https://limitlesstcg.nyc3.cdn.digitaloceanspaces.com/tpci/FST/FST_001_R_PT.png;https://limitlesstcg.com/cards/pt/FST/1;baixado;
swsh8;swsh8-2;2;Metapod;https://limitlesstcg.nyc3.cdn.digitaloceanspaces.com/tpci/FST/FST_002_R_PT.png;https://limitlesstcg.com/cards/pt/FST/2;baixado;
swsh8;swsh8-3;3;Butterfree;https://limitlesstcg.nyc3.cdn.digitaloceanspaces.com/tpci/FST/FST_003_R_PT.png;https://limitlesstcg.com/cards/pt/FST/3;baixado;
swsh8;swsh8-4;4;Shroomish;https://limitlesstcg.nyc3.cdn.digitaloceanspaces.com/tpci/FST/FST_004_R_PT.png;https://limitlesstcg.com/cards/pt/FST/4;baixado;
swsh8;swsh8-5;5;Breloom;https://limitlesstcg.nyc3.cdn.digitaloceanspaces.com/tpci/FST/FST_005_R_PT.png;https://limitlesstcg.com/cards/pt/FST/5;baixado;
swsh8;swsh8-6;6;Breloom V;https://limitlesstcg.nyc3.cdn.digitaloceanspaces.com/tpci/FST/FST_006_R_PT.png;https://limitlesstcg.com/cards/pt/FST/6;baixado;
swsh8;swsh8-7;7;Pansage;https://limitlesstcg.nyc3.cdn.digitaloceanspaces.com/tpci/FST/FST_007_R_PT.png;https://limitlesstcg.com/cards/pt/FST/7;baixado;
swsh8;swsh8-8;8;Simisage;https://limitlesstcg.nyc3.cdn.digitaloceanspaces.com/tpci/FST/FST_008_R_PT.png;https://limitlesstcg.com/cards/pt/FST/8;baixado;
swsh8;swsh8-9;9;Sewaddle;https://limitlesstcg.nyc3.cdn.digitaloceanspaces.com/tpci/FST/FST_009_R_PT.png;https://limitlesstcg.com/cards/pt/FST/9;baixado;
swsh8;swsh8-10;10;Swadloon;https://limitlesstcg.nyc3.cdn.digitaloceanspaces.com/tpci/FST/FST_010_R_PT.png;https://limitlesstcg.com/cards/pt/FST/10;baixado;
swsh8;swsh8-11;11;Leavanny;https://limitlesstcg.nyc3.cdn.digitaloceanspaces.com/tpci/FST/FST_011_R_PT.png;https://limitlesstcg.com/cards/pt/FST/11;baixado;
swsh8;swsh8-12;12;Maractus;https://limitlesstcg.nyc3.cdn.digitaloceanspaces.com/tpci/FST/FST_012_R_PT.png;https://limitlesstcg.com/cards/pt/FST/12;baixado;
swsh8;swsh8-13;13;Shelmet;https://limitlesstcg.nyc3.cdn.digitaloceanspaces.com/tpci/FST/FST_013_R_PT.png;https://limitlesstcg.com/cards/pt/FST/13;baixado;
swsh8;swsh8-14;14;Accelgor;https://limitlesstcg.nyc3.cdn.digitaloceanspaces.com/tpci/FST/FST_014_R_PT.png;https://limitlesstcg.com/cards/pt/FST/14;baixado;
swsh8;swsh8-15;15;Virizion;https://limitlesstcg.nyc3.cdn.digitaloceanspaces.com/tpci/FST/FST_015_R_PT.png;https://limitlesstcg.com/cards/pt/FST/15;baixado;
swsh8;swsh8-16;16;Phantump;https://limitlesstcg.nyc3.cdn.digitaloceanspaces.com/tpci/FST/FST_016_R_PT.png;https://limitlesstcg.com/cards/pt/FST/16;baixado;
swsh8;swsh8-17;17;Trevenant;https://limitlesstcg.nyc3.cdn.digitaloceanspaces.com/tpci/FST/FST_017_R_PT.png;https://limitlesstcg.com/cards/pt/FST/17;baixado;
swsh8;swsh8-18;18;Grubbin;https://limitlesstcg.nyc3.cdn.digitaloceanspaces.com/tpci/FST/FST_018_R_PT.png;https://limitlesstcg.com/cards/pt/FST/18;baixado;
swsh8;swsh8-19;19;Dewpider;https://limitlesstcg.nyc3.cdn.digitaloceanspaces.com/tpci/FST/FST_019_R_PT.png;https://limitlesstcg.com/cards/pt/FST/19;baixado;
swsh8;swsh8-20;20;Araquanid;https://limitlesstcg.nyc3.cdn.digitaloceanspaces.com/tpci/FST/FST_020_R_PT.png;https://limitlesstcg.com/cards/pt/FST/20;baixado;
swsh8;swsh8-21;21;Tsareena V;https://limitlesstcg.nyc3.cdn.digitaloceanspaces.com/tpci/FST/FST_021_R_PT.png;https://limitlesstcg.com/cards/pt/FST/21;baixado;
swsh8;swsh8-22;22;Rillaboom V;https://limitlesstcg.nyc3.cdn.digitaloceanspaces.com/tpci/FST/FST_022_R_PT.png;https://limitlesstcg.com/cards/pt/FST/22;baixado;
swsh8;swsh8-23;23;Rillaboom VMAX;https://limitlesstcg.nyc3.cdn.digitaloceanspaces.com/tpci/FST/FST_023_R_PT.png;https://limitlesstcg.com/cards/pt/FST/23;baixado;
swsh8;swsh8-24;24;Gossifleur;https://limitlesstcg.nyc3.cdn.digitaloceanspaces.com/tpci/FST/FST_024_R_PT.png;https://limitlesstcg.com/cards/pt/FST/24;baixado;
swsh8;swsh8-25;25;Eldegoss;https://limitlesstcg.nyc3.cdn.digitaloceanspaces.com/tpci/FST/FST_025_R_PT.png;https://limitlesstcg.com/cards/pt/FST/25;baixado;
swsh8;swsh8-26;26;Appletun V;https://limitlesstcg.nyc3.cdn.digitaloceanspaces.com/tpci/FST/FST_026_R_PT.png;https://limitlesstcg.com/cards/pt/FST/26;baixado;
swsh8;swsh8-27;27;Zarude;https://limitlesstcg.nyc3.cdn.digitaloceanspaces.com/tpci/FST/FST_027_R_PT.png;https://limitlesstcg.com/cards/pt/FST/27;baixado;
swsh8;swsh8-28;28;Vulpix;https://limitlesstcg.nyc3.cdn.digitaloceanspaces.com/tpci/FST/FST_028_R_PT.png;https://limitlesstcg.com/cards/pt/FST/28;baixado;
swsh8;swsh8-29;29;Vulpix;https://limitlesstcg.nyc3.cdn.digitaloceanspaces.com/tpci/FST/FST_029_R_PT.png;https://limitlesstcg.com/cards/pt/FST/29;baixado;
swsh8;swsh8-30;30;Ninetales;https://limitlesstcg.nyc3.cdn.digitaloceanspaces.com/tpci/FST/FST_030_R_PT.png;https://limitlesstcg.com/cards/pt/FST/30;baixado;
swsh8;swsh8-31;31;Ninetales;https://limitlesstcg.nyc3.cdn.digitaloceanspaces.com/tpci/FST/FST_031_R_PT.png;https://limitlesstcg.com/cards/pt/FST/31;baixado;
swsh8;swsh8-32;32;Growlithe;https://limitlesstcg.nyc3.cdn.digitaloceanspaces.com/tpci/FST/FST_032_R_PT.png;https://limitlesstcg.com/cards/pt/FST/32;baixado;
swsh8;swsh8-33;33;Arcanine;https://limitlesstcg.nyc3.cdn.digitaloceanspaces.com/tpci/FST/FST_033_R_PT.png;https://limitlesstcg.com/cards/pt/FST/33;baixado;
swsh8;swsh8-34;34;Slugma;https://limitlesstcg.nyc3.cdn.digitaloceanspaces.com/tpci/FST/FST_034_R_PT.png;https://limitlesstcg.com/cards/pt/FST/34;baixado;
swsh8;swsh8-35;35;Magcargo;https://limitlesstcg.nyc3.cdn.digitaloceanspaces.com/tpci/FST/FST_035_R_PT.png;https://limitlesstcg.com/cards/pt/FST/35;baixado;
swsh8;swsh8-36;36;Victini;https://limitlesstcg.nyc3.cdn.digitaloceanspaces.com/tpci/FST/FST_036_R_PT.png;https://limitlesstcg.com/cards/pt/FST/36;baixado;
swsh8;swsh8-37;37;Pansear;https://limitlesstcg.nyc3.cdn.digitaloceanspaces.com/tpci/FST/FST_037_R_PT.png;https://limitlesstcg.com/cards/pt/FST/37;baixado;
swsh8;swsh8-38;38;Simisear;https://limitlesstcg.nyc3.cdn.digitaloceanspaces.com/tpci/FST/FST_038_R_PT.png;https://limitlesstcg.com/cards/pt/FST/38;baixado;
swsh8;swsh8-39;39;Chandelure V;https://limitlesstcg.nyc3.cdn.digitaloceanspaces.com/tpci/FST/FST_039_R_PT.png;https://limitlesstcg.com/cards/pt/FST/39;baixado;
swsh8;swsh8-40;40;Chandelure VMAX;https://limitlesstcg.nyc3.cdn.digitaloceanspaces.com/tpci/FST/FST_040_R_PT.png;https://limitlesstcg.com/cards/pt/FST/40;baixado;
swsh8;swsh8-41;41;Heatmor;https://limitlesstcg.nyc3.cdn.digitaloceanspaces.com/tpci/FST/FST_041_R_PT.png;https://limitlesstcg.com/cards/pt/FST/41;baixado;
swsh8;swsh8-42;42;Oricorio;https://limitlesstcg.nyc3.cdn.digitaloceanspaces.com/tpci/FST/FST_042_R_PT.png;https://limitlesstcg.com/cards/pt/FST/42;baixado;
swsh8;swsh8-43;43;Cinderace V;https://limitlesstcg.nyc3.cdn.digitaloceanspaces.com/tpci/FST/FST_043_R_PT.png;https://limitlesstcg.com/cards/pt/FST/43;baixado;
swsh8;swsh8-44;44;Cinderace V;https://limitlesstcg.nyc3.cdn.digitaloceanspaces.com/tpci/FST/FST_044_R_PT.png;https://limitlesstcg.com/cards/pt/FST/44;baixado;
swsh8;swsh8-45;45;Cinderace VMAX;https://limitlesstcg.nyc3.cdn.digitaloceanspaces.com/tpci/FST/FST_045_R_PT.png;https://limitlesstcg.com/cards/pt/FST/45;baixado;
swsh8;swsh8-46;46;Sizzlipede;https://limitlesstcg.nyc3.cdn.digitaloceanspaces.com/tpci/FST/FST_046_R_PT.png;https://limitlesstcg.com/cards/pt/FST/46;baixado;
swsh8;swsh8-47;47;Sizzlipede;https://limitlesstcg.nyc3.cdn.digitaloceanspaces.com/tpci/FST/FST_047_R_PT.png;https://limitlesstcg.com/cards/pt/FST/47;baixado;
swsh8;swsh8-48;48;Centiskorch;https://limitlesstcg.nyc3.cdn.digitaloceanspaces.com/tpci/FST/FST_048_R_PT.png;https://limitlesstcg.com/cards/pt/FST/48;baixado;
swsh8;swsh8-49;49;Centiskorch;https://limitlesstcg.nyc3.cdn.digitaloceanspaces.com/tpci/FST/FST_049_R_PT.png;https://limitlesstcg.com/cards/pt/FST/49;baixado;
swsh8;swsh8-50;50;Shellder;https://limitlesstcg.nyc3.cdn.digitaloceanspaces.com/tpci/FST/FST_050_R_PT.png;https://limitlesstcg.com/cards/pt/FST/50;baixado;
swsh8;swsh8-51;51;Cloyster;https://limitlesstcg.nyc3.cdn.digitaloceanspaces.com/tpci/FST/FST_051_R_PT.png;https://limitlesstcg.com/cards/pt/FST/51;baixado;
swsh8;swsh8-52;52;Staryu;https://limitlesstcg.nyc3.cdn.digitaloceanspaces.com/tpci/FST/FST_052_R_PT.png;https://limitlesstcg.com/cards/pt/FST/52;baixado;
swsh8;swsh8-53;53;Starmie;https://limitlesstcg.nyc3.cdn.digitaloceanspaces.com/tpci/FST/FST_053_R_PT.png;https://limitlesstcg.com/cards/pt/FST/53;baixado;
swsh8;swsh8-54;54;Lapras;https://limitlesstcg.nyc3.cdn.digitaloceanspaces.com/tpci/FST/FST_054_R_PT.png;https://limitlesstcg.com/cards/pt/FST/54;baixado;
swsh8;swsh8-55;55;Totodile;https://limitlesstcg.nyc3.cdn.digitaloceanspaces.com/tpci/FST/FST_055_R_PT.png;https://limitlesstcg.com/cards/pt/FST/55;baixado;
swsh8;swsh8-56;56;Croconaw;https://limitlesstcg.nyc3.cdn.digitaloceanspaces.com/tpci/FST/FST_056_R_PT.png;https://limitlesstcg.com/cards/pt/FST/56;baixado;
swsh8;swsh8-57;57;Feraligatr;https://limitlesstcg.nyc3.cdn.digitaloceanspaces.com/tpci/FST/FST_057_R_PT.png;https://limitlesstcg.com/cards/pt/FST/57;baixado;
swsh8;swsh8-58;58;Marill;https://limitlesstcg.nyc3.cdn.digitaloceanspaces.com/tpci/FST/FST_058_R_PT.png;https://limitlesstcg.com/cards/pt/FST/58;baixado;
swsh8;swsh8-59;59;Azumarill;https://limitlesstcg.nyc3.cdn.digitaloceanspaces.com/tpci/FST/FST_059_R_PT.png;https://limitlesstcg.com/cards/pt/FST/59;baixado;
swsh8;swsh8-60;60;Qwilfish;https://limitlesstcg.nyc3.cdn.digitaloceanspaces.com/tpci/FST/FST_060_R_PT.png;https://limitlesstcg.com/cards/pt/FST/60;baixado;
swsh8;swsh8-61;61;Mantine;https://limitlesstcg.nyc3.cdn.digitaloceanspaces.com/tpci/FST/FST_061_R_PT.png;https://limitlesstcg.com/cards/pt/FST/61;baixado;
swsh8;swsh8-62;62;Mudkip;https://limitlesstcg.nyc3.cdn.digitaloceanspaces.com/tpci/FST/FST_062_R_PT.png;https://limitlesstcg.com/cards/pt/FST/62;baixado;
swsh8;swsh8-63;63;Marshtomp;https://limitlesstcg.nyc3.cdn.digitaloceanspaces.com/tpci/FST/FST_063_R_PT.png;https://limitlesstcg.com/cards/pt/FST/63;baixado;
swsh8;swsh8-64;64;Swampert;https://limitlesstcg.nyc3.cdn.digitaloceanspaces.com/tpci/FST/FST_064_R_PT.png;https://limitlesstcg.com/cards/pt/FST/64;baixado;
swsh8;swsh8-65;65;Clamperl;https://limitlesstcg.nyc3.cdn.digitaloceanspaces.com/tpci/FST/FST_065_R_PT.png;https://limitlesstcg.com/cards/pt/FST/65;baixado;
swsh8;swsh8-66;66;Huntail;https://limitlesstcg.nyc3.cdn.digitaloceanspaces.com/tpci/FST/FST_066_R_PT.png;https://limitlesstcg.com/cards/pt/FST/66;baixado;
swsh8;swsh8-67;67;Gorebyss;https://limitlesstcg.nyc3.cdn.digitaloceanspaces.com/tpci/FST/FST_067_R_PT.png;https://limitlesstcg.com/cards/pt/FST/67;baixado;
swsh8;swsh8-68;68;Panpour;https://limitlesstcg.nyc3.cdn.digitaloceanspaces.com/tpci/FST/FST_068_R_PT.png;https://limitlesstcg.com/cards/pt/FST/68;baixado;
swsh8;swsh8-69;69;Simipour;https://limitlesstcg.nyc3.cdn.digitaloceanspaces.com/tpci/FST/FST_069_R_PT.png;https://limitlesstcg.com/cards/pt/FST/69;baixado;
swsh8;swsh8-70;70;Basculin;https://limitlesstcg.nyc3.cdn.digitaloceanspaces.com/tpci/FST/FST_070_R_PT.png;https://limitlesstcg.com/cards/pt/FST/70;baixado;
swsh8;swsh8-71;71;Darumaka de Galar;https://limitlesstcg.nyc3.cdn.digitaloceanspaces.com/tpci/FST/FST_071_R_PT.png;https://limitlesstcg.com/cards/pt/FST/71;baixado;
swsh8;swsh8-72;72;Darmanitan de Galar;https://limitlesstcg.nyc3.cdn.digitaloceanspaces.com/tpci/FST/FST_072_R_PT.png;https://limitlesstcg.com/cards/pt/FST/72;baixado;
swsh8;swsh8-73;73;Greninja V;https://limitlesstcg.nyc3.cdn.digitaloceanspaces.com/tpci/FST/FST_073_R_PT.png;https://limitlesstcg.com/cards/pt/FST/73;baixado;
swsh8;swsh8-74;74;Clauncher;https://limitlesstcg.nyc3.cdn.digitaloceanspaces.com/tpci/FST/FST_074_R_PT.png;https://limitlesstcg.com/cards/pt/FST/74;baixado;
swsh8;swsh8-75;75;Clawitzer;https://limitlesstcg.nyc3.cdn.digitaloceanspaces.com/tpci/FST/FST_075_R_PT.png;https://limitlesstcg.com/cards/pt/FST/75;baixado;
swsh8;swsh8-76;76;Crabominable V;https://limitlesstcg.nyc3.cdn.digitaloceanspaces.com/tpci/FST/FST_076_R_PT.png;https://limitlesstcg.com/cards/pt/FST/76;baixado;
swsh8;swsh8-77;77;Pyukumuku;https://limitlesstcg.nyc3.cdn.digitaloceanspaces.com/tpci/FST/FST_077_R_PT.png;https://limitlesstcg.com/cards/pt/FST/77;baixado;
swsh8;swsh8-78;78;Inteleon V;https://limitlesstcg.nyc3.cdn.digitaloceanspaces.com/tpci/FST/FST_078_R_PT.png;https://limitlesstcg.com/cards/pt/FST/78;baixado;
swsh8;swsh8-79;79;Inteleon VMAX;https://limitlesstcg.nyc3.cdn.digitaloceanspaces.com/tpci/FST/FST_079_R_PT.png;https://limitlesstcg.com/cards/pt/FST/79;baixado;
swsh8;swsh8-80;80;Chewtle;https://limitlesstcg.nyc3.cdn.digitaloceanspaces.com/tpci/FST/FST_080_R_PT.png;https://limitlesstcg.com/cards/pt/FST/80;baixado;
swsh8;swsh8-81;81;Drednaw;https://limitlesstcg.nyc3.cdn.digitaloceanspaces.com/tpci/FST/FST_081_R_PT.png;https://limitlesstcg.com/cards/pt/FST/81;baixado;
swsh8;swsh8-82;82;Arrokuda;https://limitlesstcg.nyc3.cdn.digitaloceanspaces.com/tpci/FST/FST_082_R_PT.png;https://limitlesstcg.com/cards/pt/FST/82;baixado;
swsh8;swsh8-83;83;Barraskewda;https://limitlesstcg.nyc3.cdn.digitaloceanspaces.com/tpci/FST/FST_083_R_PT.png;https://limitlesstcg.com/cards/pt/FST/83;baixado;
swsh8;swsh8-84;84;Snom;https://limitlesstcg.nyc3.cdn.digitaloceanspaces.com/tpci/FST/FST_084_R_PT.png;https://limitlesstcg.com/cards/pt/FST/84;baixado;
swsh8;swsh8-85;85;Frosmoth;https://limitlesstcg.nyc3.cdn.digitaloceanspaces.com/tpci/FST/FST_085_R_PT.png;https://limitlesstcg.com/cards/pt/FST/85;baixado;
swsh8;swsh8-86;86;Pikachu V;https://limitlesstcg.nyc3.cdn.digitaloceanspaces.com/tpci/FST/FST_086_R_PT.png;https://limitlesstcg.com/cards/pt/FST/86;baixado;
swsh8;swsh8-87;87;Voltorb;https://limitlesstcg.nyc3.cdn.digitaloceanspaces.com/tpci/FST/FST_087_R_PT.png;https://limitlesstcg.com/cards/pt/FST/87;baixado;
swsh8;swsh8-88;88;Electrode;https://limitlesstcg.nyc3.cdn.digitaloceanspaces.com/tpci/FST/FST_088_R_PT.png;https://limitlesstcg.com/cards/pt/FST/88;baixado;
swsh8;swsh8-89;89;Plusle;https://limitlesstcg.nyc3.cdn.digitaloceanspaces.com/tpci/FST/FST_089_R_PT.png;https://limitlesstcg.com/cards/pt/FST/89;baixado;
swsh8;swsh8-90;90;Minun;https://limitlesstcg.nyc3.cdn.digitaloceanspaces.com/tpci/FST/FST_090_R_PT.png;https://limitlesstcg.com/cards/pt/FST/90;baixado;
swsh8;swsh8-91;91;Shinx;https://limitlesstcg.nyc3.cdn.digitaloceanspaces.com/tpci/FST/FST_091_R_PT.png;https://limitlesstcg.com/cards/pt/FST/91;baixado;
swsh8;swsh8-92;92;Luxio;https://limitlesstcg.nyc3.cdn.digitaloceanspaces.com/tpci/FST/FST_092_R_PT.png;https://limitlesstcg.com/cards/pt/FST/92;baixado;
swsh8;swsh8-93;93;Luxray;https://limitlesstcg.nyc3.cdn.digitaloceanspaces.com/tpci/FST/FST_093_R_PT.png;https://limitlesstcg.com/cards/pt/FST/93;baixado;
swsh8;swsh8-94;94;Rotom;https://limitlesstcg.nyc3.cdn.digitaloceanspaces.com/tpci/FST/FST_094_R_PT.png;https://limitlesstcg.com/cards/pt/FST/94;baixado;
swsh8;swsh8-95;95;Tynamo;https://limitlesstcg.nyc3.cdn.digitaloceanspaces.com/tpci/FST/FST_095_R_PT.png;https://limitlesstcg.com/cards/pt/FST/95;baixado;
swsh8;swsh8-96;96;Eelektrik;https://limitlesstcg.nyc3.cdn.digitaloceanspaces.com/tpci/FST/FST_096_R_PT.png;https://limitlesstcg.com/cards/pt/FST/96;baixado;
swsh8;swsh8-97;97;Eelektross;https://limitlesstcg.nyc3.cdn.digitaloceanspaces.com/tpci/FST/FST_097_R_PT.png;https://limitlesstcg.com/cards/pt/FST/97;baixado;
swsh8;swsh8-98;98;Helioptile;https://limitlesstcg.nyc3.cdn.digitaloceanspaces.com/tpci/FST/FST_098_R_PT.png;https://limitlesstcg.com/cards/pt/FST/98;baixado;
swsh8;swsh8-99;99;Heliolisk;https://limitlesstcg.nyc3.cdn.digitaloceanspaces.com/tpci/FST/FST_099_R_PT.png;https://limitlesstcg.com/cards/pt/FST/99;baixado;
swsh8;swsh8-100;100;Charjabug;https://limitlesstcg.nyc3.cdn.digitaloceanspaces.com/tpci/FST/FST_100_R_PT.png;https://limitlesstcg.com/cards/pt/FST/100;baixado;
swsh8;swsh8-101;101;Vikavolt;https://limitlesstcg.nyc3.cdn.digitaloceanspaces.com/tpci/FST/FST_101_R_PT.png;https://limitlesstcg.com/cards/pt/FST/101;baixado;
swsh8;swsh8-102;102;Zeraora;https://limitlesstcg.nyc3.cdn.digitaloceanspaces.com/tpci/FST/FST_102_R_PT.png;https://limitlesstcg.com/cards/pt/FST/102;baixado;
swsh8;swsh8-103;103;Boltund V;https://limitlesstcg.nyc3.cdn.digitaloceanspaces.com/tpci/FST/FST_103_R_PT.png;https://limitlesstcg.com/cards/pt/FST/103;baixado;
swsh8;swsh8-104;104;Boltund VMAX;https://limitlesstcg.nyc3.cdn.digitaloceanspaces.com/tpci/FST/FST_104_R_PT.png;https://limitlesstcg.com/cards/pt/FST/104;baixado;
swsh8;swsh8-105;105;Toxel;https://limitlesstcg.nyc3.cdn.digitaloceanspaces.com/tpci/FST/FST_105_R_PT.png;https://limitlesstcg.com/cards/pt/FST/105;baixado;
swsh8;swsh8-106;106;Toxel;https://limitlesstcg.nyc3.cdn.digitaloceanspaces.com/tpci/FST/FST_106_R_PT.png;https://limitlesstcg.com/cards/pt/FST/106;baixado;
swsh8;swsh8-107;107;Toxtricity;https://limitlesstcg.nyc3.cdn.digitaloceanspaces.com/tpci/FST/FST_107_R_PT.png;https://limitlesstcg.com/cards/pt/FST/107;baixado;
swsh8;swsh8-108;108;Toxtricity;https://limitlesstcg.nyc3.cdn.digitaloceanspaces.com/tpci/FST/FST_108_R_PT.png;https://limitlesstcg.com/cards/pt/FST/108;baixado;
swsh8;swsh8-109;109;Morpeko;https://limitlesstcg.nyc3.cdn.digitaloceanspaces.com/tpci/FST/FST_109_R_PT.png;https://limitlesstcg.com/cards/pt/FST/109;baixado;
swsh8;swsh8-110;110;Jigglypuff;https://limitlesstcg.nyc3.cdn.digitaloceanspaces.com/tpci/FST/FST_110_R_PT.png;https://limitlesstcg.com/cards/pt/FST/110;baixado;
swsh8;swsh8-111;111;Wigglytuff;https://limitlesstcg.nyc3.cdn.digitaloceanspaces.com/tpci/FST/FST_111_R_PT.png;https://limitlesstcg.com/cards/pt/FST/111;baixado;
swsh8;swsh8-112;112;Jynx;https://limitlesstcg.nyc3.cdn.digitaloceanspaces.com/tpci/FST/FST_112_R_PT.png;https://limitlesstcg.com/cards/pt/FST/112;baixado;
swsh8;swsh8-113;113;Mew V;https://limitlesstcg.nyc3.cdn.digitaloceanspaces.com/tpci/FST/FST_113_R_PT.png;https://limitlesstcg.com/cards/pt/FST/113;baixado;
swsh8;swsh8-114;114;Mew VMAX;https://limitlesstcg.nyc3.cdn.digitaloceanspaces.com/tpci/FST/FST_114_R_PT.png;https://limitlesstcg.com/cards/pt/FST/114;baixado;
swsh8;swsh8-115;115;Snubbull;https://limitlesstcg.nyc3.cdn.digitaloceanspaces.com/tpci/FST/FST_115_R_PT.png;https://limitlesstcg.com/cards/pt/FST/115;baixado;
swsh8;swsh8-116;116;Granbull;https://limitlesstcg.nyc3.cdn.digitaloceanspaces.com/tpci/FST/FST_116_R_PT.png;https://limitlesstcg.com/cards/pt/FST/116;baixado;
swsh8;swsh8-117;117;Corsola de Galar;https://limitlesstcg.nyc3.cdn.digitaloceanspaces.com/tpci/FST/FST_117_R_PT.png;https://limitlesstcg.com/cards/pt/FST/117;baixado;
swsh8;swsh8-118;118;Cursola de Galar;https://limitlesstcg.nyc3.cdn.digitaloceanspaces.com/tpci/FST/FST_118_R_PT.png;https://limitlesstcg.com/cards/pt/FST/118;baixado;
swsh8;swsh8-119;119;Mawile;https://limitlesstcg.nyc3.cdn.digitaloceanspaces.com/tpci/FST/FST_119_R_PT.png;https://limitlesstcg.com/cards/pt/FST/119;baixado;
swsh8;swsh8-120;120;Deoxys;https://limitlesstcg.nyc3.cdn.digitaloceanspaces.com/tpci/FST/FST_120_R_PT.png;https://limitlesstcg.com/cards/pt/FST/120;baixado;
swsh8;swsh8-121;121;Munna;https://limitlesstcg.nyc3.cdn.digitaloceanspaces.com/tpci/FST/FST_121_R_PT.png;https://limitlesstcg.com/cards/pt/FST/121;baixado;
swsh8;swsh8-122;122;Musharna;https://limitlesstcg.nyc3.cdn.digitaloceanspaces.com/tpci/FST/FST_122_R_PT.png;https://limitlesstcg.com/cards/pt/FST/122;baixado;
swsh8;swsh8-123;123;Sigilyph;https://limitlesstcg.nyc3.cdn.digitaloceanspaces.com/tpci/FST/FST_123_R_PT.png;https://limitlesstcg.com/cards/pt/FST/123;baixado;
swsh8;swsh8-124;124;Meloetta;https://limitlesstcg.nyc3.cdn.digitaloceanspaces.com/tpci/FST/FST_124_R_PT.png;https://limitlesstcg.com/cards/pt/FST/124;baixado;
swsh8;swsh8-125;125;Sandygast;https://limitlesstcg.nyc3.cdn.digitaloceanspaces.com/tpci/FST/FST_125_R_PT.png;https://limitlesstcg.com/cards/pt/FST/125;baixado;
swsh8;swsh8-126;126;Palossand;https://limitlesstcg.nyc3.cdn.digitaloceanspaces.com/tpci/FST/FST_126_R_PT.png;https://limitlesstcg.com/cards/pt/FST/126;baixado;
swsh8;swsh8-127;127;Indeedee;https://limitlesstcg.nyc3.cdn.digitaloceanspaces.com/tpci/FST/FST_127_R_PT.png;https://limitlesstcg.com/cards/pt/FST/127;baixado;
swsh8;swsh8-128;128;Dreepy;https://limitlesstcg.nyc3.cdn.digitaloceanspaces.com/tpci/FST/FST_128_R_PT.png;https://limitlesstcg.com/cards/pt/FST/128;baixado;
swsh8;swsh8-129;129;Drakloak;https://limitlesstcg.nyc3.cdn.digitaloceanspaces.com/tpci/FST/FST_129_R_PT.png;https://limitlesstcg.com/cards/pt/FST/129;baixado;
swsh8;swsh8-130;130;Dragapult;https://limitlesstcg.nyc3.cdn.digitaloceanspaces.com/tpci/FST/FST_130_R_PT.png;https://limitlesstcg.com/cards/pt/FST/130;baixado;
swsh8;swsh8-131;131;Sandshrew;https://limitlesstcg.nyc3.cdn.digitaloceanspaces.com/tpci/FST/FST_131_R_PT.png;https://limitlesstcg.com/cards/pt/FST/131;baixado;
swsh8;swsh8-132;132;Sandslash;https://limitlesstcg.nyc3.cdn.digitaloceanspaces.com/tpci/FST/FST_132_R_PT.png;https://limitlesstcg.com/cards/pt/FST/132;baixado;
swsh8;swsh8-133;133;Mankey;https://limitlesstcg.nyc3.cdn.digitaloceanspaces.com/tpci/FST/FST_133_R_PT.png;https://limitlesstcg.com/cards/pt/FST/133;baixado;
swsh8;swsh8-134;134;Primeape;https://limitlesstcg.nyc3.cdn.digitaloceanspaces.com/tpci/FST/FST_134_R_PT.png;https://limitlesstcg.com/cards/pt/FST/134;baixado;
swsh8;swsh8-135;135;Geodude;https://limitlesstcg.nyc3.cdn.digitaloceanspaces.com/tpci/FST/FST_135_R_PT.png;https://limitlesstcg.com/cards/pt/FST/135;baixado;
swsh8;swsh8-136;136;Graveler;https://limitlesstcg.nyc3.cdn.digitaloceanspaces.com/tpci/FST/FST_136_R_PT.png;https://limitlesstcg.com/cards/pt/FST/136;baixado;
swsh8;swsh8-137;137;Golem;https://limitlesstcg.nyc3.cdn.digitaloceanspaces.com/tpci/FST/FST_137_R_PT.png;https://limitlesstcg.com/cards/pt/FST/137;baixado;
swsh8;swsh8-138;138;Onix;https://limitlesstcg.nyc3.cdn.digitaloceanspaces.com/tpci/FST/FST_138_R_PT.png;https://limitlesstcg.com/cards/pt/FST/138;baixado;
swsh8;swsh8-139;139;Steelix;https://limitlesstcg.nyc3.cdn.digitaloceanspaces.com/tpci/FST/FST_139_R_PT.png;https://limitlesstcg.com/cards/pt/FST/139;baixado;
swsh8;swsh8-140;140;Gligar;https://limitlesstcg.nyc3.cdn.digitaloceanspaces.com/tpci/FST/FST_140_R_PT.png;https://limitlesstcg.com/cards/pt/FST/140;baixado;
swsh8;swsh8-141;141;Gliscor;https://limitlesstcg.nyc3.cdn.digitaloceanspaces.com/tpci/FST/FST_141_R_PT.png;https://limitlesstcg.com/cards/pt/FST/141;baixado;
swsh8;swsh8-142;142;Makuhita;https://limitlesstcg.nyc3.cdn.digitaloceanspaces.com/tpci/FST/FST_142_R_PT.png;https://limitlesstcg.com/cards/pt/FST/142;baixado;
swsh8;swsh8-143;143;Hariyama;https://limitlesstcg.nyc3.cdn.digitaloceanspaces.com/tpci/FST/FST_143_R_PT.png;https://limitlesstcg.com/cards/pt/FST/143;baixado;
swsh8;swsh8-144;144;Baltoy;https://limitlesstcg.nyc3.cdn.digitaloceanspaces.com/tpci/FST/FST_144_R_PT.png;https://limitlesstcg.com/cards/pt/FST/144;baixado;
swsh8;swsh8-145;145;Claydol;https://limitlesstcg.nyc3.cdn.digitaloceanspaces.com/tpci/FST/FST_145_R_PT.png;https://limitlesstcg.com/cards/pt/FST/145;baixado;
swsh8;swsh8-146;146;Lucario V;https://limitlesstcg.nyc3.cdn.digitaloceanspaces.com/tpci/FST/FST_146_R_PT.png;https://limitlesstcg.com/cards/pt/FST/146;baixado;
swsh8;swsh8-147;147;Drilbur;https://limitlesstcg.nyc3.cdn.digitaloceanspaces.com/tpci/FST/FST_147_R_PT.png;https://limitlesstcg.com/cards/pt/FST/147;baixado;
swsh8;swsh8-148;148;Landorus;https://limitlesstcg.nyc3.cdn.digitaloceanspaces.com/tpci/FST/FST_148_R_PT.png;https://limitlesstcg.com/cards/pt/FST/148;baixado;
swsh8;swsh8-149;149;Pancham;https://limitlesstcg.nyc3.cdn.digitaloceanspaces.com/tpci/FST/FST_149_R_PT.png;https://limitlesstcg.com/cards/pt/FST/149;baixado;
swsh8;swsh8-150;150;Stufful;https://limitlesstcg.nyc3.cdn.digitaloceanspaces.com/tpci/FST/FST_150_R_PT.png;https://limitlesstcg.com/cards/pt/FST/150;baixado;
swsh8;swsh8-151;151;Bewear;https://limitlesstcg.nyc3.cdn.digitaloceanspaces.com/tpci/FST/FST_151_R_PT.png;https://limitlesstcg.com/cards/pt/FST/151;baixado;
swsh8;swsh8-152;152;Clobbopus;https://limitlesstcg.nyc3.cdn.digitaloceanspaces.com/tpci/FST/FST_152_R_PT.png;https://limitlesstcg.com/cards/pt/FST/152;baixado;
swsh8;swsh8-153;153;Grapploct;https://limitlesstcg.nyc3.cdn.digitaloceanspaces.com/tpci/FST/FST_153_R_PT.png;https://limitlesstcg.com/cards/pt/FST/153;baixado;
swsh8;swsh8-154;154;Falinks;https://limitlesstcg.nyc3.cdn.digitaloceanspaces.com/tpci/FST/FST_154_R_PT.png;https://limitlesstcg.com/cards/pt/FST/154;baixado;
swsh8;swsh8-155;155;Falinks;https://limitlesstcg.nyc3.cdn.digitaloceanspaces.com/tpci/FST/FST_155_R_PT.png;https://limitlesstcg.com/cards/pt/FST/155;baixado;
swsh8;swsh8-156;156;Gengar V;https://limitlesstcg.nyc3.cdn.digitaloceanspaces.com/tpci/FST/FST_156_R_PT.png;https://limitlesstcg.com/cards/pt/FST/156;baixado;
swsh8;swsh8-157;157;Gengar VMAX;https://limitlesstcg.nyc3.cdn.digitaloceanspaces.com/tpci/FST/FST_157_R_PT.png;https://limitlesstcg.com/cards/pt/FST/157;baixado;
swsh8;swsh8-158;158;Tyranitar V;https://limitlesstcg.nyc3.cdn.digitaloceanspaces.com/tpci/FST/FST_158_R_PT.png;https://limitlesstcg.com/cards/pt/FST/158;baixado;
swsh8;swsh8-159;159;Zigzagoon de Galar;https://limitlesstcg.nyc3.cdn.digitaloceanspaces.com/tpci/FST/FST_159_R_PT.png;https://limitlesstcg.com/cards/pt/FST/159;baixado;
swsh8;swsh8-160;160;Linoone de Galar;https://limitlesstcg.nyc3.cdn.digitaloceanspaces.com/tpci/FST/FST_160_R_PT.png;https://limitlesstcg.com/cards/pt/FST/160;baixado;
swsh8;swsh8-161;161;Obstagoon de Galar;https://limitlesstcg.nyc3.cdn.digitaloceanspaces.com/tpci/FST/FST_161_R_PT.png;https://limitlesstcg.com/cards/pt/FST/161;baixado;
swsh8;swsh8-162;162;Carvanha;https://limitlesstcg.nyc3.cdn.digitaloceanspaces.com/tpci/FST/FST_162_R_PT.png;https://limitlesstcg.com/cards/pt/FST/162;baixado;
swsh8;swsh8-163;163;Sharpedo;https://limitlesstcg.nyc3.cdn.digitaloceanspaces.com/tpci/FST/FST_163_R_PT.png;https://limitlesstcg.com/cards/pt/FST/163;baixado;
swsh8;swsh8-164;164;Absol;https://limitlesstcg.nyc3.cdn.digitaloceanspaces.com/tpci/FST/FST_164_R_PT.png;https://limitlesstcg.com/cards/pt/FST/164;baixado;
swsh8;swsh8-165;165;Croagunk;https://limitlesstcg.nyc3.cdn.digitaloceanspaces.com/tpci/FST/FST_165_R_PT.png;https://limitlesstcg.com/cards/pt/FST/165;baixado;
swsh8;swsh8-166;166;Toxicroak;https://limitlesstcg.nyc3.cdn.digitaloceanspaces.com/tpci/FST/FST_166_R_PT.png;https://limitlesstcg.com/cards/pt/FST/166;baixado;
swsh8;swsh8-167;167;Darkrai;https://limitlesstcg.nyc3.cdn.digitaloceanspaces.com/tpci/FST/FST_167_R_PT.png;https://limitlesstcg.com/cards/pt/FST/167;baixado;
swsh8;swsh8-168;168;Trubbish;https://limitlesstcg.nyc3.cdn.digitaloceanspaces.com/tpci/FST/FST_168_R_PT.png;https://limitlesstcg.com/cards/pt/FST/168;baixado;
swsh8;swsh8-169;169;Garbodor;https://limitlesstcg.nyc3.cdn.digitaloceanspaces.com/tpci/FST/FST_169_R_PT.png;https://limitlesstcg.com/cards/pt/FST/169;baixado;
swsh8;swsh8-170;170;Zorua;https://limitlesstcg.nyc3.cdn.digitaloceanspaces.com/tpci/FST/FST_170_R_PT.png;https://limitlesstcg.com/cards/pt/FST/170;baixado;
swsh8;swsh8-171;171;Zoroark;https://limitlesstcg.nyc3.cdn.digitaloceanspaces.com/tpci/FST/FST_171_R_PT.png;https://limitlesstcg.com/cards/pt/FST/171;baixado;
swsh8;swsh8-172;172;Vullaby;https://limitlesstcg.nyc3.cdn.digitaloceanspaces.com/tpci/FST/FST_172_R_PT.png;https://limitlesstcg.com/cards/pt/FST/172;baixado;
swsh8;swsh8-173;173;Mandibuzz;https://limitlesstcg.nyc3.cdn.digitaloceanspaces.com/tpci/FST/FST_173_R_PT.png;https://limitlesstcg.com/cards/pt/FST/173;baixado;
swsh8;swsh8-174;174;Pangoro;https://limitlesstcg.nyc3.cdn.digitaloceanspaces.com/tpci/FST/FST_174_R_PT.png;https://limitlesstcg.com/cards/pt/FST/174;baixado;
swsh8;swsh8-175;175;Yveltal;https://limitlesstcg.nyc3.cdn.digitaloceanspaces.com/tpci/FST/FST_175_R_PT.png;https://limitlesstcg.com/cards/pt/FST/175;baixado;
swsh8;swsh8-176;176;Impidimp;https://limitlesstcg.nyc3.cdn.digitaloceanspaces.com/tpci/FST/FST_176_R_PT.png;https://limitlesstcg.com/cards/pt/FST/176;baixado;
swsh8;swsh8-177;177;Morgrem;https://limitlesstcg.nyc3.cdn.digitaloceanspaces.com/tpci/FST/FST_177_R_PT.png;https://limitlesstcg.com/cards/pt/FST/177;baixado;
swsh8;swsh8-178;178;Grimmsnarl;https://limitlesstcg.nyc3.cdn.digitaloceanspaces.com/tpci/FST/FST_178_R_PT.png;https://limitlesstcg.com/cards/pt/FST/178;baixado;
swsh8;swsh8-179;179;Morpeko;https://limitlesstcg.nyc3.cdn.digitaloceanspaces.com/tpci/FST/FST_179_R_PT.png;https://limitlesstcg.com/cards/pt/FST/179;baixado;
swsh8;swsh8-180;180;Meowth de Galar;https://limitlesstcg.nyc3.cdn.digitaloceanspaces.com/tpci/FST/FST_180_R_PT.png;https://limitlesstcg.com/cards/pt/FST/180;baixado;
swsh8;swsh8-181;181;Perrserker de Galar;https://limitlesstcg.nyc3.cdn.digitaloceanspaces.com/tpci/FST/FST_181_R_PT.png;https://limitlesstcg.com/cards/pt/FST/181;baixado;
swsh8;swsh8-182;182;Skarmory;https://limitlesstcg.nyc3.cdn.digitaloceanspaces.com/tpci/FST/FST_182_R_PT.png;https://limitlesstcg.com/cards/pt/FST/182;baixado;
swsh8;swsh8-183;183;Excadrill;https://limitlesstcg.nyc3.cdn.digitaloceanspaces.com/tpci/FST/FST_183_R_PT.png;https://limitlesstcg.com/cards/pt/FST/183;baixado;
swsh8;swsh8-184;184;Durant;https://limitlesstcg.nyc3.cdn.digitaloceanspaces.com/tpci/FST/FST_184_R_PT.png;https://limitlesstcg.com/cards/pt/FST/184;baixado;
swsh8;swsh8-185;185;Genesect V;https://limitlesstcg.nyc3.cdn.digitaloceanspaces.com/tpci/FST/FST_185_R_PT.png;https://limitlesstcg.com/cards/pt/FST/185;baixado;
swsh8;swsh8-186;186;Klefki;https://limitlesstcg.nyc3.cdn.digitaloceanspaces.com/tpci/FST/FST_186_R_PT.png;https://limitlesstcg.com/cards/pt/FST/186;baixado;
swsh8;swsh8-187;187;Togedemaru;https://limitlesstcg.nyc3.cdn.digitaloceanspaces.com/tpci/FST/FST_187_R_PT.png;https://limitlesstcg.com/cards/pt/FST/187;baixado;
swsh8;swsh8-188;188;Meltan;https://limitlesstcg.nyc3.cdn.digitaloceanspaces.com/tpci/FST/FST_188_R_PT.png;https://limitlesstcg.com/cards/pt/FST/188;baixado;
swsh8;swsh8-189;189;Melmetal;https://limitlesstcg.nyc3.cdn.digitaloceanspaces.com/tpci/FST/FST_189_R_PT.png;https://limitlesstcg.com/cards/pt/FST/189;baixado;
swsh8;swsh8-190;190;Corviknight;https://limitlesstcg.nyc3.cdn.digitaloceanspaces.com/tpci/FST/FST_190_R_PT.png;https://limitlesstcg.com/cards/pt/FST/190;baixado;
swsh8;swsh8-191;191;Cufant;https://limitlesstcg.nyc3.cdn.digitaloceanspaces.com/tpci/FST/FST_191_R_PT.png;https://limitlesstcg.com/cards/pt/FST/191;baixado;
swsh8;swsh8-192;192;Copperajah;https://limitlesstcg.nyc3.cdn.digitaloceanspaces.com/tpci/FST/FST_192_R_PT.png;https://limitlesstcg.com/cards/pt/FST/192;baixado;
swsh8;swsh8-193;193;Latias;https://limitlesstcg.nyc3.cdn.digitaloceanspaces.com/tpci/FST/FST_193_R_PT.png;https://limitlesstcg.com/cards/pt/FST/193;baixado;
swsh8;swsh8-194;194;Latios;https://limitlesstcg.nyc3.cdn.digitaloceanspaces.com/tpci/FST/FST_194_R_PT.png;https://limitlesstcg.com/cards/pt/FST/194;baixado;
swsh8;swsh8-195;195;Goomy;https://limitlesstcg.nyc3.cdn.digitaloceanspaces.com/tpci/FST/FST_195_R_PT.png;https://limitlesstcg.com/cards/pt/FST/195;baixado;
swsh8;swsh8-196;196;Sliggoo;https://limitlesstcg.nyc3.cdn.digitaloceanspaces.com/tpci/FST/FST_196_R_PT.png;https://limitlesstcg.com/cards/pt/FST/196;baixado;
swsh8;swsh8-197;197;Goodra;https://limitlesstcg.nyc3.cdn.digitaloceanspaces.com/tpci/FST/FST_197_R_PT.png;https://limitlesstcg.com/cards/pt/FST/197;baixado;
swsh8;swsh8-198;198;Turtonator;https://limitlesstcg.nyc3.cdn.digitaloceanspaces.com/tpci/FST/FST_198_R_PT.png;https://limitlesstcg.com/cards/pt/FST/198;baixado;
swsh8;swsh8-199;199;Meowth;https://limitlesstcg.nyc3.cdn.digitaloceanspaces.com/tpci/FST/FST_199_R_PT.png;https://limitlesstcg.com/cards/pt/FST/199;baixado;
swsh8;swsh8-200;200;Persian;https://limitlesstcg.nyc3.cdn.digitaloceanspaces.com/tpci/FST/FST_200_R_PT.png;https://limitlesstcg.com/cards/pt/FST/200;baixado;
swsh8;swsh8-201;201;Dodrio V;https://limitlesstcg.nyc3.cdn.digitaloceanspaces.com/tpci/FST/FST_201_R_PT.png;https://limitlesstcg.com/cards/pt/FST/201;baixado;
swsh8;swsh8-202;202;Chansey;https://limitlesstcg.nyc3.cdn.digitaloceanspaces.com/tpci/FST/FST_202_R_PT.png;https://limitlesstcg.com/cards/pt/FST/202;baixado;
swsh8;swsh8-203;203;Blissey;https://limitlesstcg.nyc3.cdn.digitaloceanspaces.com/tpci/FST/FST_203_R_PT.png;https://limitlesstcg.com/cards/pt/FST/203;baixado;
swsh8;swsh8-204;204;Kangaskhan;https://limitlesstcg.nyc3.cdn.digitaloceanspaces.com/tpci/FST/FST_204_R_PT.png;https://limitlesstcg.com/cards/pt/FST/204;baixado;
swsh8;swsh8-205;205;Eevee;https://limitlesstcg.nyc3.cdn.digitaloceanspaces.com/tpci/FST/FST_205_R_PT.png;https://limitlesstcg.com/cards/pt/FST/205;baixado;
swsh8;swsh8-206;206;Snorlax;https://limitlesstcg.nyc3.cdn.digitaloceanspaces.com/tpci/FST/FST_206_R_PT.png;https://limitlesstcg.com/cards/pt/FST/206;baixado;
swsh8;swsh8-207;207;Dunsparce;https://limitlesstcg.nyc3.cdn.digitaloceanspaces.com/tpci/FST/FST_207_R_PT.png;https://limitlesstcg.com/cards/pt/FST/207;baixado;
swsh8;swsh8-208;208;Stantler;https://limitlesstcg.nyc3.cdn.digitaloceanspaces.com/tpci/FST/FST_208_R_PT.png;https://limitlesstcg.com/cards/pt/FST/208;baixado;
swsh8;swsh8-209;209;Smeargle;https://limitlesstcg.nyc3.cdn.digitaloceanspaces.com/tpci/FST/FST_209_R_PT.png;https://limitlesstcg.com/cards/pt/FST/209;baixado;
swsh8;swsh8-210;210;Skitty;https://limitlesstcg.nyc3.cdn.digitaloceanspaces.com/tpci/FST/FST_210_R_PT.png;https://limitlesstcg.com/cards/pt/FST/210;baixado;
swsh8;swsh8-211;211;Delcatty;https://limitlesstcg.nyc3.cdn.digitaloceanspaces.com/tpci/FST/FST_211_R_PT.png;https://limitlesstcg.com/cards/pt/FST/211;baixado;
swsh8;swsh8-212;212;Buneary;https://limitlesstcg.nyc3.cdn.digitaloceanspaces.com/tpci/FST/FST_212_R_PT.png;https://limitlesstcg.com/cards/pt/FST/212;baixado;
swsh8;swsh8-213;213;Lopunny;https://limitlesstcg.nyc3.cdn.digitaloceanspaces.com/tpci/FST/FST_213_R_PT.png;https://limitlesstcg.com/cards/pt/FST/213;baixado;
swsh8;swsh8-214;214;Bunnelby;https://limitlesstcg.nyc3.cdn.digitaloceanspaces.com/tpci/FST/FST_214_R_PT.png;https://limitlesstcg.com/cards/pt/FST/214;baixado;
swsh8;swsh8-215;215;Diggersby;https://limitlesstcg.nyc3.cdn.digitaloceanspaces.com/tpci/FST/FST_215_R_PT.png;https://limitlesstcg.com/cards/pt/FST/215;baixado;
swsh8;swsh8-216;216;Hawlucha;https://limitlesstcg.nyc3.cdn.digitaloceanspaces.com/tpci/FST/FST_216_R_PT.png;https://limitlesstcg.com/cards/pt/FST/216;baixado;
swsh8;swsh8-217;217;Greedent V;https://limitlesstcg.nyc3.cdn.digitaloceanspaces.com/tpci/FST/FST_217_R_PT.png;https://limitlesstcg.com/cards/pt/FST/217;baixado;
swsh8;swsh8-218;218;Greedent VMAX;https://limitlesstcg.nyc3.cdn.digitaloceanspaces.com/tpci/FST/FST_218_R_PT.png;https://limitlesstcg.com/cards/pt/FST/218;baixado;
swsh8;swsh8-219;219;Rookidee;https://limitlesstcg.nyc3.cdn.digitaloceanspaces.com/tpci/FST/FST_219_R_PT.png;https://limitlesstcg.com/cards/pt/FST/219;baixado;
swsh8;swsh8-220;220;Corvisquire;https://limitlesstcg.nyc3.cdn.digitaloceanspaces.com/tpci/FST/FST_220_R_PT.png;https://limitlesstcg.com/cards/pt/FST/220;baixado;
swsh8;swsh8-221;221;Wooloo;https://limitlesstcg.nyc3.cdn.digitaloceanspaces.com/tpci/FST/FST_221_R_PT.png;https://limitlesstcg.com/cards/pt/FST/221;baixado;
swsh8;swsh8-222;222;Wooloo;https://limitlesstcg.nyc3.cdn.digitaloceanspaces.com/tpci/FST/FST_222_R_PT.png;https://limitlesstcg.com/cards/pt/FST/222;baixado;
swsh8;swsh8-223;223;Dubwool;https://limitlesstcg.nyc3.cdn.digitaloceanspaces.com/tpci/FST/FST_223_R_PT.png;https://limitlesstcg.com/cards/pt/FST/223;baixado;
swsh8;swsh8-224;224;Descoberta da Aventureira;https://limitlesstcg.nyc3.cdn.digitaloceanspaces.com/tpci/FST/FST_224_R_PT.png;https://limitlesstcg.com/cards/pt/FST/224;baixado;
swsh8;swsh8-225;225;Passe de Batalha VIP;https://limitlesstcg.nyc3.cdn.digitaloceanspaces.com/tpci/FST/FST_225_R_PT.png;https://limitlesstcg.com/cards/pt/FST/225;baixado;
swsh8;swsh8-226;226;Caça-inseto;https://limitlesstcg.nyc3.cdn.digitaloceanspaces.com/tpci/FST/FST_226_R_PT.png;https://limitlesstcg.com/cards/pt/FST/226;baixado;
swsh8;swsh8-227;227;Chili, Cilan e Cress;https://limitlesstcg.nyc3.cdn.digitaloceanspaces.com/tpci/FST/FST_227_R_PT.png;https://limitlesstcg.com/cards/pt/FST/227;baixado;
swsh8;swsh8-228;228;Chef;https://limitlesstcg.nyc3.cdn.digitaloceanspaces.com/tpci/FST/FST_228_R_PT.png;https://limitlesstcg.com/cards/pt/FST/228;baixado;
swsh8;swsh8-229;229;Cramorizador;https://limitlesstcg.nyc3.cdn.digitaloceanspaces.com/tpci/FST/FST_229_R_PT.png;https://limitlesstcg.com/cards/pt/FST/229;baixado;
swsh8;swsh8-230;230;Substituidor Cruzado;https://limitlesstcg.nyc3.cdn.digitaloceanspaces.com/tpci/FST/FST_230_R_PT.png;https://limitlesstcg.com/cards/pt/FST/230;baixado;
swsh8;swsh8-231;231;Receptor Cruzado;https://limitlesstcg.nyc3.cdn.digitaloceanspaces.com/tpci/FST/FST_231_R_PT.png;https://limitlesstcg.com/cards/pt/FST/231;baixado;
swsh8;swsh8-232;232;Dançarina;https://limitlesstcg.nyc3.cdn.digitaloceanspaces.com/tpci/FST/FST_232_R_PT.png;https://limitlesstcg.com/cards/pt/FST/232;baixado;
swsh8;swsh8-233;233;Brilho da Elesa;https://limitlesstcg.nyc3.cdn.digitaloceanspaces.com/tpci/FST/FST_233_R_PT.png;https://limitlesstcg.com/cards/pt/FST/233;baixado;
swsh8;swsh8-234;234;Sino de Despedida;https://limitlesstcg.nyc3.cdn.digitaloceanspaces.com/tpci/FST/FST_234_R_PT.png;https://limitlesstcg.com/cards/pt/FST/234;baixado;
swsh8;swsh8-235;235;Juiz;https://limitlesstcg.nyc3.cdn.digitaloceanspaces.com/tpci/FST/FST_235_R_PT.png;https://limitlesstcg.com/cards/pt/FST/235;baixado;
swsh8;swsh8-236;236;Pastilha Poderosa;https://limitlesstcg.nyc3.cdn.digitaloceanspaces.com/tpci/FST/FST_236_R_PT.png;https://limitlesstcg.com/cards/pt/FST/236;baixado;
swsh8;swsh8-237;237;Bola Rápida;https://limitlesstcg.nyc3.cdn.digitaloceanspaces.com/tpci/FST/FST_237_R_PT.png;https://limitlesstcg.com/cards/pt/FST/237;baixado;
swsh8;swsh8-238;238;Aluno;https://limitlesstcg.nyc3.cdn.digitaloceanspaces.com/tpci/FST/FST_238_R_PT.png;https://limitlesstcg.com/cards/pt/FST/238;baixado;
swsh8;swsh8-239;239;Aluna;https://limitlesstcg.nyc3.cdn.digitaloceanspaces.com/tpci/FST/FST_239_R_PT.png;https://limitlesstcg.com/cards/pt/FST/239;baixado;
swsh8;swsh8-240;240;Shauna;https://limitlesstcg.nyc3.cdn.digitaloceanspaces.com/tpci/FST/FST_240_R_PT.png;https://limitlesstcg.com/cards/pt/FST/240;baixado;
swsh8;swsh8-241;241;Sidney;https://limitlesstcg.nyc3.cdn.digitaloceanspaces.com/tpci/FST/FST_241_R_PT.png;https://limitlesstcg.com/cards/pt/FST/241;baixado;
swsh8;swsh8-242;242;Parque de Skate;https://limitlesstcg.nyc3.cdn.digitaloceanspaces.com/tpci/FST/FST_242_R_PT.png;https://limitlesstcg.com/cards/pt/FST/242;baixado;
swsh8;swsh8-243;243;Luvas Esponjosas;https://limitlesstcg.nyc3.cdn.digitaloceanspaces.com/tpci/FST/FST_243_R_PT.png;https://limitlesstcg.com/cards/pt/FST/243;baixado;
swsh8;swsh8-244;244;Energia Golpe Fusão;https://limitlesstcg.nyc3.cdn.digitaloceanspaces.com/tpci/FST/FST_244_R_PT.png;https://limitlesstcg.com/cards/pt/FST/244;baixado;
swsh8;swsh8-245;245;Celebi V;https://limitlesstcg.nyc3.cdn.digitaloceanspaces.com/tpci/FST/FST_245_R_PT.png;https://limitlesstcg.com/cards/pt/FST/245;baixado;
swsh8;swsh8-246;246;Tsareena V;https://limitlesstcg.nyc3.cdn.digitaloceanspaces.com/tpci/FST/FST_246_R_PT.png;https://limitlesstcg.com/cards/pt/FST/246;baixado;
swsh8;swsh8-247;247;Chandelure V;https://limitlesstcg.nyc3.cdn.digitaloceanspaces.com/tpci/FST/FST_247_R_PT.png;https://limitlesstcg.com/cards/pt/FST/247;baixado;
swsh8;swsh8-248;248;Crabominable V;https://limitlesstcg.nyc3.cdn.digitaloceanspaces.com/tpci/FST/FST_248_R_PT.png;https://limitlesstcg.com/cards/pt/FST/248;baixado;
swsh8;swsh8-249;249;Boltund V;https://limitlesstcg.nyc3.cdn.digitaloceanspaces.com/tpci/FST/FST_249_R_PT.png;https://limitlesstcg.com/cards/pt/FST/249;baixado;
swsh8;swsh8-250;250;Mew V;https://limitlesstcg.nyc3.cdn.digitaloceanspaces.com/tpci/FST/FST_250_R_PT.png;https://limitlesstcg.com/cards/pt/FST/250;baixado;
swsh8;swsh8-251;251;Mew V;https://limitlesstcg.nyc3.cdn.digitaloceanspaces.com/tpci/FST/FST_251_R_PT.png;https://limitlesstcg.com/cards/pt/FST/251;baixado;
swsh8;swsh8-252;252;Sandaconda V;https://limitlesstcg.nyc3.cdn.digitaloceanspaces.com/tpci/FST/FST_252_R_PT.png;https://limitlesstcg.com/cards/pt/FST/252;baixado;
swsh8;swsh8-253;253;Hoopa V;https://limitlesstcg.nyc3.cdn.digitaloceanspaces.com/tpci/FST/FST_253_R_PT.png;https://limitlesstcg.com/cards/pt/FST/253;baixado;
swsh8;swsh8-254;254;Genesect V;https://limitlesstcg.nyc3.cdn.digitaloceanspaces.com/tpci/FST/FST_254_R_PT.png;https://limitlesstcg.com/cards/pt/FST/254;baixado;
swsh8;swsh8-255;255;Genesect V;https://limitlesstcg.nyc3.cdn.digitaloceanspaces.com/tpci/FST/FST_255_R_PT.png;https://limitlesstcg.com/cards/pt/FST/255;baixado;
swsh8;swsh8-256;256;Greedent V;https://limitlesstcg.nyc3.cdn.digitaloceanspaces.com/tpci/FST/FST_256_R_PT.png;https://limitlesstcg.com/cards/pt/FST/256;baixado;
swsh8;swsh8-257;257;Greedent V;https://limitlesstcg.nyc3.cdn.digitaloceanspaces.com/tpci/FST/FST_257_R_PT.png;https://limitlesstcg.com/cards/pt/FST/257;baixado;
swsh8;swsh8-258;258;Chili, Cilan e Cress;https://limitlesstcg.nyc3.cdn.digitaloceanspaces.com/tpci/FST/FST_258_R_PT.png;https://limitlesstcg.com/cards/pt/FST/258;baixado;
swsh8;swsh8-259;259;Dançarina;https://limitlesstcg.nyc3.cdn.digitaloceanspaces.com/tpci/FST/FST_259_R_PT.png;https://limitlesstcg.com/cards/pt/FST/259;baixado;
swsh8;swsh8-260;260;Brilho da Elesa;https://limitlesstcg.nyc3.cdn.digitaloceanspaces.com/tpci/FST/FST_260_R_PT.png;https://limitlesstcg.com/cards/pt/FST/260;baixado;
swsh8;swsh8-261;261;Aluno;https://limitlesstcg.nyc3.cdn.digitaloceanspaces.com/tpci/FST/FST_261_R_PT.png;https://limitlesstcg.com/cards/pt/FST/261;baixado;
swsh8;swsh8-262;262;Aluna;https://limitlesstcg.nyc3.cdn.digitaloceanspaces.com/tpci/FST/FST_262_R_PT.png;https://limitlesstcg.com/cards/pt/FST/262;baixado;
swsh8;swsh8-263;263;Shauna;https://limitlesstcg.nyc3.cdn.digitaloceanspaces.com/tpci/FST/FST_263_R_PT.png;https://limitlesstcg.com/cards/pt/FST/263;baixado;
swsh8;swsh8-264;264;Sidney;https://limitlesstcg.nyc3.cdn.digitaloceanspaces.com/tpci/FST/FST_264_R_PT.png;https://limitlesstcg.com/cards/pt/FST/264;baixado;
swsh8;swsh8-265;265;Chandelure VMAX;https://limitlesstcg.nyc3.cdn.digitaloceanspaces.com/tpci/FST/FST_265_R_PT.png;https://limitlesstcg.com/cards/pt/FST/265;baixado;
swsh8;swsh8-266;266;Inteleon VMAX;https://limitlesstcg.nyc3.cdn.digitaloceanspaces.com/tpci/FST/FST_266_R_PT.png;https://limitlesstcg.com/cards/pt/FST/266;baixado;
swsh8;swsh8-267;267;Boltund VMAX;https://limitlesstcg.nyc3.cdn.digitaloceanspaces.com/tpci/FST/FST_267_R_PT.png;https://limitlesstcg.com/cards/pt/FST/267;baixado;
swsh8;swsh8-268;268;Mew VMAX;https://limitlesstcg.nyc3.cdn.digitaloceanspaces.com/tpci/FST/FST_268_R_PT.png;https://limitlesstcg.com/cards/pt/FST/268;baixado;
swsh8;swsh8-269;269;Mew VMAX;https://limitlesstcg.nyc3.cdn.digitaloceanspaces.com/tpci/FST/FST_269_R_PT.png;https://limitlesstcg.com/cards/pt/FST/269;baixado;
swsh8;swsh8-270;270;Espeon VMAX;https://limitlesstcg.nyc3.cdn.digitaloceanspaces.com/tpci/FST/FST_270_R_PT.png;https://limitlesstcg.com/cards/pt/FST/270;baixado;
swsh8;swsh8-271;271;Gengar VMAX;https://limitlesstcg.nyc3.cdn.digitaloceanspaces.com/tpci/FST/FST_271_R_PT.png;https://limitlesstcg.com/cards/pt/FST/271;baixado;
swsh8;swsh8-272;272;Greedent VMAX;https://limitlesstcg.nyc3.cdn.digitaloceanspaces.com/tpci/FST/FST_272_R_PT.png;https://limitlesstcg.com/cards/pt/FST/272;baixado;
swsh8;swsh8-273;273;Chili, Cilan e Cress;https://limitlesstcg.nyc3.cdn.digitaloceanspaces.com/tpci/FST/FST_273_R_PT.png;https://limitlesstcg.com/cards/pt/FST/273;baixado;
swsh8;swsh8-274;274;Dançarina;https://limitlesstcg.nyc3.cdn.digitaloceanspaces.com/tpci/FST/FST_274_R_PT.png;https://limitlesstcg.com/cards/pt/FST/274;baixado;
swsh8;swsh8-275;275;Brilho da Elesa;https://limitlesstcg.nyc3.cdn.digitaloceanspaces.com/tpci/FST/FST_275_R_PT.png;https://limitlesstcg.com/cards/pt/FST/275;baixado;
swsh8;swsh8-276;276;Aluno;https://limitlesstcg.nyc3.cdn.digitaloceanspaces.com/tpci/FST/FST_276_R_PT.png;https://limitlesstcg.com/cards/pt/FST/276;baixado;
swsh8;swsh8-277;277;Aluna;https://limitlesstcg.nyc3.cdn.digitaloceanspaces.com/tpci/FST/FST_277_R_PT.png;https://limitlesstcg.com/cards/pt/FST/277;baixado;
swsh8;swsh8-278;278;Shauna;https://limitlesstcg.nyc3.cdn.digitaloceanspaces.com/tpci/FST/FST_278_R_PT.png;https://limitlesstcg.com/cards/pt/FST/278;baixado;
swsh8;swsh8-279;279;Sidney;https://limitlesstcg.nyc3.cdn.digitaloceanspaces.com/tpci/FST/FST_279_R_PT.png;https://limitlesstcg.com/cards/pt/FST/279;baixado;
swsh8;swsh8-280;280;Flaaffy;https://limitlesstcg.nyc3.cdn.digitaloceanspaces.com/tpci/FST/FST_280_R_PT.png;https://limitlesstcg.com/cards/pt/FST/280;baixado;
swsh8;swsh8-281;281;Pastilha Poderosa;https://limitlesstcg.nyc3.cdn.digitaloceanspaces.com/tpci/FST/FST_281_R_PT.png;https://limitlesstcg.com/cards/pt/FST/281;baixado;
swsh8;swsh8-282;282;Quadra de Treino;https://limitlesstcg.nyc3.cdn.digitaloceanspaces.com/tpci/FST/FST_282_R_PT.png;https://limitlesstcg.com/cards/pt/FST/282;baixado;
swsh8;swsh8-283;283;Energia de Grama;https://limitlesstcg.nyc3.cdn.digitaloceanspaces.com/tpci/FST/FST_283_R_PT.png;https://limitlesstcg.com/cards/pt/FST/283;baixado;
swsh8;swsh8-284;284;Energia de Fogo;https://limitlesstcg.nyc3.cdn.digitaloceanspaces.com/tpci/FST/FST_284_R_PT.png;https://limitlesstcg.com/cards/pt/FST/284;baixado;
swsh9;swsh9-001;001;Exeggcute;https://limitlesstcg.nyc3.cdn.digitaloceanspaces.com/tpci/BRS/BRS_001_R_PT.png;https://limitlesstcg.com/cards/pt/BRS/1;baixado;
swsh9;swsh9-002;002;Exeggutor;https://limitlesstcg.nyc3.cdn.digitaloceanspaces.com/tpci/BRS/BRS_002_R_PT.png;https://limitlesstcg.com/cards/pt/BRS/2;baixado;
swsh9;swsh9-003;003;Shroomish;https://limitlesstcg.nyc3.cdn.digitaloceanspaces.com/tpci/BRS/BRS_003_R_PT.png;https://limitlesstcg.com/cards/pt/BRS/3;baixado;
swsh9;swsh9-004;004;Breloom;https://limitlesstcg.nyc3.cdn.digitaloceanspaces.com/tpci/BRS/BRS_004_R_PT.png;https://limitlesstcg.com/cards/pt/BRS/4;baixado;
swsh9;swsh9-005;005;Tropius;https://limitlesstcg.nyc3.cdn.digitaloceanspaces.com/tpci/BRS/BRS_005_R_PT.png;https://limitlesstcg.com/cards/pt/BRS/5;baixado;
swsh9;swsh9-006;006;Turtwig;https://limitlesstcg.nyc3.cdn.digitaloceanspaces.com/tpci/BRS/BRS_006_R_PT.png;https://limitlesstcg.com/cards/pt/BRS/6;baixado;
swsh9;swsh9-007;007;Grotle;https://limitlesstcg.nyc3.cdn.digitaloceanspaces.com/tpci/BRS/BRS_007_R_PT.png;https://limitlesstcg.com/cards/pt/BRS/7;baixado;
swsh9;swsh9-008;008;Torterra;https://limitlesstcg.nyc3.cdn.digitaloceanspaces.com/tpci/BRS/BRS_008_R_PT.png;https://limitlesstcg.com/cards/pt/BRS/8;baixado;
swsh9;swsh9-009;009;Burmy;https://limitlesstcg.nyc3.cdn.digitaloceanspaces.com/tpci/BRS/BRS_009_R_PT.png;https://limitlesstcg.com/cards/pt/BRS/9;baixado;
swsh9;swsh9-010;010;Wormadam;https://limitlesstcg.nyc3.cdn.digitaloceanspaces.com/tpci/BRS/BRS_010_R_PT.png;https://limitlesstcg.com/cards/pt/BRS/10;baixado;
swsh9;swsh9-011;011;Mothim;https://limitlesstcg.nyc3.cdn.digitaloceanspaces.com/tpci/BRS/BRS_011_R_PT.png;https://limitlesstcg.com/cards/pt/BRS/11;baixado;
swsh9;swsh9-012;012;Cherubi;https://limitlesstcg.nyc3.cdn.digitaloceanspaces.com/tpci/BRS/BRS_012_R_PT.png;https://limitlesstcg.com/cards/pt/BRS/12;baixado;
swsh9;swsh9-013;013;Shaymin V;https://limitlesstcg.nyc3.cdn.digitaloceanspaces.com/tpci/BRS/BRS_013_R_PT.png;https://limitlesstcg.com/cards/pt/BRS/13;baixado;
swsh9;swsh9-014;014;Shaymin V-ASTRO;https://limitlesstcg.nyc3.cdn.digitaloceanspaces.com/tpci/BRS/BRS_014_R_PT.png;https://limitlesstcg.com/cards/pt/BRS/14;baixado;
swsh9;swsh9-015;015;Karrablast;https://limitlesstcg.nyc3.cdn.digitaloceanspaces.com/tpci/BRS/BRS_015_R_PT.png;https://limitlesstcg.com/cards/pt/BRS/15;baixado;
swsh9;swsh9-016;016;Zarude V;https://limitlesstcg.nyc3.cdn.digitaloceanspaces.com/tpci/BRS/BRS_016_R_PT.png;https://limitlesstcg.com/cards/pt/BRS/16;baixado;
swsh9;swsh9-017;017;Charizard V;https://limitlesstcg.nyc3.cdn.digitaloceanspaces.com/tpci/BRS/BRS_017_R_PT.png;https://limitlesstcg.com/cards/pt/BRS/17;baixado;
swsh9;swsh9-018;018;Charizard V-ASTRO;https://limitlesstcg.nyc3.cdn.digitaloceanspaces.com/tpci/BRS/BRS_018_R_PT.png;https://limitlesstcg.com/cards/pt/BRS/18;baixado;
swsh9;swsh9-019;019;Magmar;https://limitlesstcg.nyc3.cdn.digitaloceanspaces.com/tpci/BRS/BRS_019_R_PT.png;https://limitlesstcg.com/cards/pt/BRS/19;baixado;
swsh9;swsh9-020;020;Magmortar;https://limitlesstcg.nyc3.cdn.digitaloceanspaces.com/tpci/BRS/BRS_020_R_PT.png;https://limitlesstcg.com/cards/pt/BRS/20;baixado;
swsh9;swsh9-021;021;Moltres;https://limitlesstcg.nyc3.cdn.digitaloceanspaces.com/tpci/BRS/BRS_021_R_PT.png;https://limitlesstcg.com/cards/pt/BRS/21;baixado;
swsh9;swsh9-022;022;Entei V;https://limitlesstcg.nyc3.cdn.digitaloceanspaces.com/tpci/BRS/BRS_022_R_PT.png;https://limitlesstcg.com/cards/pt/BRS/22;baixado;
swsh9;swsh9-023;023;Torkoal;https://limitlesstcg.nyc3.cdn.digitaloceanspaces.com/tpci/BRS/BRS_023_R_PT.png;https://limitlesstcg.com/cards/pt/BRS/23;baixado;
swsh9;swsh9-024;024;Chimchar;https://limitlesstcg.nyc3.cdn.digitaloceanspaces.com/tpci/BRS/BRS_024_R_PT.png;https://limitlesstcg.com/cards/pt/BRS/24;baixado;
swsh9;swsh9-025;025;Monferno;https://limitlesstcg.nyc3.cdn.digitaloceanspaces.com/tpci/BRS/BRS_025_R_PT.png;https://limitlesstcg.com/cards/pt/BRS/25;baixado;
swsh9;swsh9-026;026;Infernape;https://limitlesstcg.nyc3.cdn.digitaloceanspaces.com/tpci/BRS/BRS_026_R_PT.png;https://limitlesstcg.com/cards/pt/BRS/26;baixado;
swsh9;swsh9-027;027;Simisear V;https://limitlesstcg.nyc3.cdn.digitaloceanspaces.com/tpci/BRS/BRS_027_R_PT.png;https://limitlesstcg.com/cards/pt/BRS/27;baixado;
swsh9;swsh9-028;028;Kingler V;https://limitlesstcg.nyc3.cdn.digitaloceanspaces.com/tpci/BRS/BRS_028_R_PT.png;https://limitlesstcg.com/cards/pt/BRS/28;baixado;
swsh9;swsh9-029;029;Kingler VMAX;https://limitlesstcg.nyc3.cdn.digitaloceanspaces.com/tpci/BRS/BRS_029_R_PT.png;https://limitlesstcg.com/cards/pt/BRS/29;baixado;
swsh9;swsh9-030;030;Staryu;https://limitlesstcg.nyc3.cdn.digitaloceanspaces.com/tpci/BRS/BRS_030_R_PT.png;https://limitlesstcg.com/cards/pt/BRS/30;baixado;
swsh9;swsh9-031;031;Lapras;https://limitlesstcg.nyc3.cdn.digitaloceanspaces.com/tpci/BRS/BRS_031_R_PT.png;https://limitlesstcg.com/cards/pt/BRS/31;baixado;
swsh9;swsh9-032;032;Corphish;https://limitlesstcg.nyc3.cdn.digitaloceanspaces.com/tpci/BRS/BRS_032_R_PT.png;https://limitlesstcg.com/cards/pt/BRS/32;baixado;
swsh9;swsh9-033;033;Crawdaunt;https://limitlesstcg.nyc3.cdn.digitaloceanspaces.com/tpci/BRS/BRS_033_R_PT.png;https://limitlesstcg.com/cards/pt/BRS/33;baixado;
swsh9;swsh9-034;034;Snorunt;https://limitlesstcg.nyc3.cdn.digitaloceanspaces.com/tpci/BRS/BRS_034_R_PT.png;https://limitlesstcg.com/cards/pt/BRS/34;baixado;
swsh9;swsh9-035;035;Piplup;https://limitlesstcg.nyc3.cdn.digitaloceanspaces.com/tpci/BRS/BRS_035_R_PT.png;https://limitlesstcg.com/cards/pt/BRS/35;baixado;
swsh9;swsh9-036;036;Prinplup;https://limitlesstcg.nyc3.cdn.digitaloceanspaces.com/tpci/BRS/BRS_036_R_PT.png;https://limitlesstcg.com/cards/pt/BRS/36;baixado;
swsh9;swsh9-037;037;Empoleon;https://limitlesstcg.nyc3.cdn.digitaloceanspaces.com/tpci/BRS/BRS_037_R_PT.png;https://limitlesstcg.com/cards/pt/BRS/37;baixado;
swsh9;swsh9-038;038;Buizel;https://limitlesstcg.nyc3.cdn.digitaloceanspaces.com/tpci/BRS/BRS_038_R_PT.png;https://limitlesstcg.com/cards/pt/BRS/38;baixado;
swsh9;swsh9-039;039;Floatzel;https://limitlesstcg.nyc3.cdn.digitaloceanspaces.com/tpci/BRS/BRS_039_R_PT.png;https://limitlesstcg.com/cards/pt/BRS/39;baixado;
swsh9;swsh9-040;040;Lumineon V;https://limitlesstcg.nyc3.cdn.digitaloceanspaces.com/tpci/BRS/BRS_040_R_PT.png;https://limitlesstcg.com/cards/pt/BRS/40;baixado;
swsh9;swsh9-041;041;Manaphy;https://limitlesstcg.nyc3.cdn.digitaloceanspaces.com/tpci/BRS/BRS_041_R_PT.png;https://limitlesstcg.com/cards/pt/BRS/41;baixado;
swsh9;swsh9-042;042;Cubchoo;https://limitlesstcg.nyc3.cdn.digitaloceanspaces.com/tpci/BRS/BRS_042_R_PT.png;https://limitlesstcg.com/cards/pt/BRS/42;baixado;
swsh9;swsh9-043;043;Beartic;https://limitlesstcg.nyc3.cdn.digitaloceanspaces.com/tpci/BRS/BRS_043_R_PT.png;https://limitlesstcg.com/cards/pt/BRS/43;baixado;
swsh9;swsh9-044;044;Eiscue;https://limitlesstcg.nyc3.cdn.digitaloceanspaces.com/tpci/BRS/BRS_044_R_PT.png;https://limitlesstcg.com/cards/pt/BRS/44;baixado;
swsh9;swsh9-045;045;Raichu V;https://limitlesstcg.nyc3.cdn.digitaloceanspaces.com/tpci/BRS/BRS_045_R_PT.png;https://limitlesstcg.com/cards/pt/BRS/45;baixado;
swsh9;swsh9-046;046;Electabuzz;https://limitlesstcg.nyc3.cdn.digitaloceanspaces.com/tpci/BRS/BRS_046_R_PT.png;https://limitlesstcg.com/cards/pt/BRS/46;baixado;
swsh9;swsh9-047;047;Electivire;https://limitlesstcg.nyc3.cdn.digitaloceanspaces.com/tpci/BRS/BRS_047_R_PT.png;https://limitlesstcg.com/cards/pt/BRS/47;baixado;
swsh9;swsh9-048;048;Raikou V;https://limitlesstcg.nyc3.cdn.digitaloceanspaces.com/tpci/BRS/BRS_048_R_PT.png;https://limitlesstcg.com/cards/pt/BRS/48;baixado;
swsh9;swsh9-049;049;Shinx;https://limitlesstcg.nyc3.cdn.digitaloceanspaces.com/tpci/BRS/BRS_049_R_PT.png;https://limitlesstcg.com/cards/pt/BRS/49;baixado;
swsh9;swsh9-050;050;Luxio;https://limitlesstcg.nyc3.cdn.digitaloceanspaces.com/tpci/BRS/BRS_050_R_PT.png;https://limitlesstcg.com/cards/pt/BRS/50;baixado;
swsh9;swsh9-051;051;Luxray;https://limitlesstcg.nyc3.cdn.digitaloceanspaces.com/tpci/BRS/BRS_051_R_PT.png;https://limitlesstcg.com/cards/pt/BRS/51;baixado;
swsh9;swsh9-052;052;Pachirisu;https://limitlesstcg.nyc3.cdn.digitaloceanspaces.com/tpci/BRS/BRS_052_R_PT.png;https://limitlesstcg.com/cards/pt/BRS/52;baixado;
swsh9;swsh9-053;053;Clefairy;https://limitlesstcg.nyc3.cdn.digitaloceanspaces.com/tpci/BRS/BRS_053_R_PT.png;https://limitlesstcg.com/cards/pt/BRS/53;baixado;
swsh9;swsh9-054;054;Clefable;https://limitlesstcg.nyc3.cdn.digitaloceanspaces.com/tpci/BRS/BRS_054_R_PT.png;https://limitlesstcg.com/cards/pt/BRS/54;baixado;
swsh9;swsh9-055;055;Starmie;https://limitlesstcg.nyc3.cdn.digitaloceanspaces.com/tpci/BRS/BRS_055_R_PT.png;https://limitlesstcg.com/cards/pt/BRS/55;baixado;
swsh9;swsh9-056;056;Mewtwo;https://limitlesstcg.nyc3.cdn.digitaloceanspaces.com/tpci/BRS/BRS_056_R_PT.png;https://limitlesstcg.com/cards/pt/BRS/56;baixado;
swsh9;swsh9-057;057;Granbull V;https://limitlesstcg.nyc3.cdn.digitaloceanspaces.com/tpci/BRS/BRS_057_R_PT.png;https://limitlesstcg.com/cards/pt/BRS/57;baixado;
swsh9;swsh9-058;058;Baltoy;https://limitlesstcg.nyc3.cdn.digitaloceanspaces.com/tpci/BRS/BRS_058_R_PT.png;https://limitlesstcg.com/cards/pt/BRS/58;baixado;
swsh9;swsh9-059;059;Claydol;https://limitlesstcg.nyc3.cdn.digitaloceanspaces.com/tpci/BRS/BRS_059_R_PT.png;https://limitlesstcg.com/cards/pt/BRS/59;baixado;
swsh9;swsh9-060;060;Duskull;https://limitlesstcg.nyc3.cdn.digitaloceanspaces.com/tpci/BRS/BRS_060_R_PT.png;https://limitlesstcg.com/cards/pt/BRS/60;baixado;
swsh9;swsh9-061;061;Dusclops;https://limitlesstcg.nyc3.cdn.digitaloceanspaces.com/tpci/BRS/BRS_061_R_PT.png;https://limitlesstcg.com/cards/pt/BRS/61;baixado;
swsh9;swsh9-062;062;Dusknoir;https://limitlesstcg.nyc3.cdn.digitaloceanspaces.com/tpci/BRS/BRS_062_R_PT.png;https://limitlesstcg.com/cards/pt/BRS/62;baixado;
swsh9;swsh9-063;063;Chimecho;https://limitlesstcg.nyc3.cdn.digitaloceanspaces.com/tpci/BRS/BRS_063_R_PT.png;https://limitlesstcg.com/cards/pt/BRS/63;baixado;
swsh9;swsh9-064;064;Whimsicott V;https://limitlesstcg.nyc3.cdn.digitaloceanspaces.com/tpci/BRS/BRS_064_R_PT.png;https://limitlesstcg.com/cards/pt/BRS/64;baixado;
swsh9;swsh9-065;065;Whimsicott V-ASTRO;https://limitlesstcg.nyc3.cdn.digitaloceanspaces.com/tpci/BRS/BRS_065_R_PT.png;https://limitlesstcg.com/cards/pt/BRS/65;baixado;
swsh9;swsh9-066;066;Sigilyph;https://limitlesstcg.nyc3.cdn.digitaloceanspaces.com/tpci/BRS/BRS_066_R_PT.png;https://limitlesstcg.com/cards/pt/BRS/66;baixado;
swsh9;swsh9-067;067;Dedenne;https://limitlesstcg.nyc3.cdn.digitaloceanspaces.com/tpci/BRS/BRS_067_R_PT.png;https://limitlesstcg.com/cards/pt/BRS/67;baixado;
swsh9;swsh9-068;068;Mimikyu V;https://limitlesstcg.nyc3.cdn.digitaloceanspaces.com/tpci/BRS/BRS_068_R_PT.png;https://limitlesstcg.com/cards/pt/BRS/68;baixado;
swsh9;swsh9-069;069;Mimikyu VMAX;https://limitlesstcg.nyc3.cdn.digitaloceanspaces.com/tpci/BRS/BRS_069_R_PT.png;https://limitlesstcg.com/cards/pt/BRS/69;baixado;
swsh9;swsh9-070;070;Milcery;https://limitlesstcg.nyc3.cdn.digitaloceanspaces.com/tpci/BRS/BRS_070_R_PT.png;https://limitlesstcg.com/cards/pt/BRS/70;baixado;
swsh9;swsh9-071;071;Alcremie;https://limitlesstcg.nyc3.cdn.digitaloceanspaces.com/tpci/BRS/BRS_071_R_PT.png;https://limitlesstcg.com/cards/pt/BRS/71;baixado;
swsh9;swsh9-072;072;Hitmontop;https://limitlesstcg.nyc3.cdn.digitaloceanspaces.com/tpci/BRS/BRS_072_R_PT.png;https://limitlesstcg.com/cards/pt/BRS/72;baixado;
swsh9;swsh9-073;073;Nosepass;https://limitlesstcg.nyc3.cdn.digitaloceanspaces.com/tpci/BRS/BRS_073_R_PT.png;https://limitlesstcg.com/cards/pt/BRS/73;baixado;
swsh9;swsh9-074;074;Trapinch;https://limitlesstcg.nyc3.cdn.digitaloceanspaces.com/tpci/BRS/BRS_074_R_PT.png;https://limitlesstcg.com/cards/pt/BRS/74;baixado;
swsh9;swsh9-075;075;Vibrava;https://limitlesstcg.nyc3.cdn.digitaloceanspaces.com/tpci/BRS/BRS_075_R_PT.png;https://limitlesstcg.com/cards/pt/BRS/75;baixado;
swsh9;swsh9-076;076;Flygon;https://limitlesstcg.nyc3.cdn.digitaloceanspaces.com/tpci/BRS/BRS_076_R_PT.png;https://limitlesstcg.com/cards/pt/BRS/76;baixado;
swsh9;swsh9-077;077;Wormadam;https://limitlesstcg.nyc3.cdn.digitaloceanspaces.com/tpci/BRS/BRS_077_R_PT.png;https://limitlesstcg.com/cards/pt/BRS/77;baixado;
swsh9;swsh9-078;078;Riolu;https://limitlesstcg.nyc3.cdn.digitaloceanspaces.com/tpci/BRS/BRS_078_R_PT.png;https://limitlesstcg.com/cards/pt/BRS/78;baixado;
swsh9;swsh9-079;079;Lucario;https://limitlesstcg.nyc3.cdn.digitaloceanspaces.com/tpci/BRS/BRS_079_R_PT.png;https://limitlesstcg.com/cards/pt/BRS/79;baixado;
swsh9;swsh9-080;080;Throh;https://limitlesstcg.nyc3.cdn.digitaloceanspaces.com/tpci/BRS/BRS_080_R_PT.png;https://limitlesstcg.com/cards/pt/BRS/80;baixado;
swsh9;swsh9-081;081;Sawk;https://limitlesstcg.nyc3.cdn.digitaloceanspaces.com/tpci/BRS/BRS_081_R_PT.png;https://limitlesstcg.com/cards/pt/BRS/81;baixado;
swsh9;swsh9-082;082;Golett;https://limitlesstcg.nyc3.cdn.digitaloceanspaces.com/tpci/BRS/BRS_082_R_PT.png;https://limitlesstcg.com/cards/pt/BRS/82;baixado;
swsh9;swsh9-083;083;Golurk;https://limitlesstcg.nyc3.cdn.digitaloceanspaces.com/tpci/BRS/BRS_083_R_PT.png;https://limitlesstcg.com/cards/pt/BRS/83;baixado;
swsh9;swsh9-084;084;Grimer;https://limitlesstcg.nyc3.cdn.digitaloceanspaces.com/tpci/BRS/BRS_084_R_PT.png;https://limitlesstcg.com/cards/pt/BRS/84;baixado;
swsh9;swsh9-085;085;Muk;https://limitlesstcg.nyc3.cdn.digitaloceanspaces.com/tpci/BRS/BRS_085_R_PT.png;https://limitlesstcg.com/cards/pt/BRS/85;baixado;
swsh9;swsh9-086;086;Sneasel;https://limitlesstcg.nyc3.cdn.digitaloceanspaces.com/tpci/BRS/BRS_086_R_PT.png;https://limitlesstcg.com/cards/pt/BRS/86;baixado;
swsh9;swsh9-087;087;Weavile;https://limitlesstcg.nyc3.cdn.digitaloceanspaces.com/tpci/BRS/BRS_087_R_PT.png;https://limitlesstcg.com/cards/pt/BRS/87;baixado;
swsh9;swsh9-088;088;Honchkrow V;https://limitlesstcg.nyc3.cdn.digitaloceanspaces.com/tpci/BRS/BRS_088_R_PT.png;https://limitlesstcg.com/cards/pt/BRS/88;baixado;
swsh9;swsh9-089;089;Spiritomb;https://limitlesstcg.nyc3.cdn.digitaloceanspaces.com/tpci/BRS/BRS_089_R_PT.png;https://limitlesstcg.com/cards/pt/BRS/89;baixado;
swsh9;swsh9-090;090;Purrloin;https://limitlesstcg.nyc3.cdn.digitaloceanspaces.com/tpci/BRS/BRS_090_R_PT.png;https://limitlesstcg.com/cards/pt/BRS/90;baixado;
swsh9;swsh9-091;091;Liepard;https://limitlesstcg.nyc3.cdn.digitaloceanspaces.com/tpci/BRS/BRS_091_R_PT.png;https://limitlesstcg.com/cards/pt/BRS/91;baixado;
swsh9;swsh9-092;092;Impidimp;https://limitlesstcg.nyc3.cdn.digitaloceanspaces.com/tpci/BRS/BRS_092_R_PT.png;https://limitlesstcg.com/cards/pt/BRS/92;baixado;
swsh9;swsh9-093;093;Morgrem;https://limitlesstcg.nyc3.cdn.digitaloceanspaces.com/tpci/BRS/BRS_093_R_PT.png;https://limitlesstcg.com/cards/pt/BRS/93;baixado;
swsh9;swsh9-094;094;Grimmsnarl;https://limitlesstcg.nyc3.cdn.digitaloceanspaces.com/tpci/BRS/BRS_094_R_PT.png;https://limitlesstcg.com/cards/pt/BRS/94;baixado;
swsh9;swsh9-095;095;Morpeko V;https://limitlesstcg.nyc3.cdn.digitaloceanspaces.com/tpci/BRS/BRS_095_R_PT.png;https://limitlesstcg.com/cards/pt/BRS/95;baixado;
swsh9;swsh9-096;096;Aggron V;https://limitlesstcg.nyc3.cdn.digitaloceanspaces.com/tpci/BRS/BRS_096_R_PT.png;https://limitlesstcg.com/cards/pt/BRS/96;baixado;
swsh9;swsh9-097;097;Aggron VMAX;https://limitlesstcg.nyc3.cdn.digitaloceanspaces.com/tpci/BRS/BRS_097_R_PT.png;https://limitlesstcg.com/cards/pt/BRS/97;baixado;
swsh9;swsh9-098;098;Wormadam;https://limitlesstcg.nyc3.cdn.digitaloceanspaces.com/tpci/BRS/BRS_098_R_PT.png;https://limitlesstcg.com/cards/pt/BRS/98;baixado;
swsh9;swsh9-099;099;Probopass;https://limitlesstcg.nyc3.cdn.digitaloceanspaces.com/tpci/BRS/BRS_099_R_PT.png;https://limitlesstcg.com/cards/pt/BRS/99;baixado;
swsh9;swsh9-100;100;Heatran;https://limitlesstcg.nyc3.cdn.digitaloceanspaces.com/tpci/BRS/BRS_100_R_PT.png;https://limitlesstcg.com/cards/pt/BRS/100;baixado;
swsh9;swsh9-101;101;Escavalier;https://limitlesstcg.nyc3.cdn.digitaloceanspaces.com/tpci/BRS/BRS_101_R_PT.png;https://limitlesstcg.com/cards/pt/BRS/101;baixado;
swsh9;swsh9-102;102;Klink;https://limitlesstcg.nyc3.cdn.digitaloceanspaces.com/tpci/BRS/BRS_102_R_PT.png;https://limitlesstcg.com/cards/pt/BRS/102;baixado;
swsh9;swsh9-103;103;Klang;https://limitlesstcg.nyc3.cdn.digitaloceanspaces.com/tpci/BRS/BRS_103_R_PT.png;https://limitlesstcg.com/cards/pt/BRS/103;baixado;
swsh9;swsh9-104;104;Klinklang;https://limitlesstcg.nyc3.cdn.digitaloceanspaces.com/tpci/BRS/BRS_104_R_PT.png;https://limitlesstcg.com/cards/pt/BRS/104;baixado;
swsh9;swsh9-105;105;Zamazenta V;https://limitlesstcg.nyc3.cdn.digitaloceanspaces.com/tpci/BRS/BRS_105_R_PT.png;https://limitlesstcg.com/cards/pt/BRS/105;baixado;
swsh9;swsh9-106;106;Flygon V;https://limitlesstcg.nyc3.cdn.digitaloceanspaces.com/tpci/BRS/BRS_106_R_PT.png;https://limitlesstcg.com/cards/pt/BRS/106;baixado;
swsh9;swsh9-107;107;Gible;https://limitlesstcg.nyc3.cdn.digitaloceanspaces.com/tpci/BRS/BRS_107_R_PT.png;https://limitlesstcg.com/cards/pt/BRS/107;baixado;
swsh9;swsh9-108;108;Gabite;https://limitlesstcg.nyc3.cdn.digitaloceanspaces.com/tpci/BRS/BRS_108_R_PT.png;https://limitlesstcg.com/cards/pt/BRS/108;baixado;
swsh9;swsh9-109;109;Garchomp;https://limitlesstcg.nyc3.cdn.digitaloceanspaces.com/tpci/BRS/BRS_109_R_PT.png;https://limitlesstcg.com/cards/pt/BRS/109;baixado;
swsh9;swsh9-110;110;Axew;https://limitlesstcg.nyc3.cdn.digitaloceanspaces.com/tpci/BRS/BRS_110_R_PT.png;https://limitlesstcg.com/cards/pt/BRS/110;baixado;
swsh9;swsh9-111;111;Fraxure;https://limitlesstcg.nyc3.cdn.digitaloceanspaces.com/tpci/BRS/BRS_111_R_PT.png;https://limitlesstcg.com/cards/pt/BRS/111;baixado;
swsh9;swsh9-112;112;Haxorus;https://limitlesstcg.nyc3.cdn.digitaloceanspaces.com/tpci/BRS/BRS_112_R_PT.png;https://limitlesstcg.com/cards/pt/BRS/112;baixado;
swsh9;swsh9-113;113;Druddigon;https://limitlesstcg.nyc3.cdn.digitaloceanspaces.com/tpci/BRS/BRS_113_R_PT.png;https://limitlesstcg.com/cards/pt/BRS/113;baixado;
swsh9;swsh9-114;114;Dracovish V;https://limitlesstcg.nyc3.cdn.digitaloceanspaces.com/tpci/BRS/BRS_114_R_PT.png;https://limitlesstcg.com/cards/pt/BRS/114;baixado;
swsh9;swsh9-115;115;Farfetch'd;https://limitlesstcg.nyc3.cdn.digitaloceanspaces.com/tpci/BRS/BRS_115_R_PT.png;https://limitlesstcg.com/cards/pt/BRS/115;baixado;
swsh9;swsh9-116;116;Castform;https://limitlesstcg.nyc3.cdn.digitaloceanspaces.com/tpci/BRS/BRS_116_R_PT.png;https://limitlesstcg.com/cards/pt/BRS/116;baixado;
swsh9;swsh9-117;117;Starly;https://limitlesstcg.nyc3.cdn.digitaloceanspaces.com/tpci/BRS/BRS_117_R_PT.png;https://limitlesstcg.com/cards/pt/BRS/117;baixado;
swsh9;swsh9-118;118;Staravia;https://limitlesstcg.nyc3.cdn.digitaloceanspaces.com/tpci/BRS/BRS_118_R_PT.png;https://limitlesstcg.com/cards/pt/BRS/118;baixado;
swsh9;swsh9-119;119;Staraptor;https://limitlesstcg.nyc3.cdn.digitaloceanspaces.com/tpci/BRS/BRS_119_R_PT.png;https://limitlesstcg.com/cards/pt/BRS/119;baixado;
swsh9;swsh9-120;120;Bidoof;https://limitlesstcg.nyc3.cdn.digitaloceanspaces.com/tpci/BRS/BRS_120_R_PT.png;https://limitlesstcg.com/cards/pt/BRS/120;baixado;
swsh9;swsh9-121;121;Bibarel;https://limitlesstcg.nyc3.cdn.digitaloceanspaces.com/tpci/BRS/BRS_121_R_PT.png;https://limitlesstcg.com/cards/pt/BRS/121;baixado;
swsh9;swsh9-122;122;Arceus V;https://limitlesstcg.nyc3.cdn.digitaloceanspaces.com/tpci/BRS/BRS_122_R_PT.png;https://limitlesstcg.com/cards/pt/BRS/122;baixado;
swsh9;swsh9-123;123;Arceus V-ASTRO;https://limitlesstcg.nyc3.cdn.digitaloceanspaces.com/tpci/BRS/BRS_123_R_PT.png;https://limitlesstcg.com/cards/pt/BRS/123;baixado;
swsh9;swsh9-124;124;Minccino;https://limitlesstcg.nyc3.cdn.digitaloceanspaces.com/tpci/BRS/BRS_124_R_PT.png;https://limitlesstcg.com/cards/pt/BRS/124;baixado;
swsh9;swsh9-125;125;Cinccino;https://limitlesstcg.nyc3.cdn.digitaloceanspaces.com/tpci/BRS/BRS_125_R_PT.png;https://limitlesstcg.com/cards/pt/BRS/125;baixado;
swsh9;swsh9-126;126;Tornadus;https://limitlesstcg.nyc3.cdn.digitaloceanspaces.com/tpci/BRS/BRS_126_R_PT.png;https://limitlesstcg.com/cards/pt/BRS/126;baixado;
swsh9;swsh9-127;127;Hawlucha;https://limitlesstcg.nyc3.cdn.digitaloceanspaces.com/tpci/BRS/BRS_127_R_PT.png;https://limitlesstcg.com/cards/pt/BRS/127;baixado;
swsh9;swsh9-128;128;Drampa V;https://limitlesstcg.nyc3.cdn.digitaloceanspaces.com/tpci/BRS/BRS_128_R_PT.png;https://limitlesstcg.com/cards/pt/BRS/128;baixado;
swsh9;swsh9-129;129;Premonição da Acerola;https://limitlesstcg.nyc3.cdn.digitaloceanspaces.com/tpci/BRS/BRS_129_R_PT.png;https://limitlesstcg.com/cards/pt/BRS/129;baixado;
swsh9;swsh9-130;130;Barry;https://limitlesstcg.nyc3.cdn.digitaloceanspaces.com/tpci/BRS/BRS_130_R_PT.png;https://limitlesstcg.com/cards/pt/BRS/130;baixado;
swsh9;swsh9-131;131;Seguro Contra Erro;https://limitlesstcg.nyc3.cdn.digitaloceanspaces.com/tpci/BRS/BRS_131_R_PT.png;https://limitlesstcg.com/cards/pt/BRS/131;baixado;
swsh9;swsh9-132;132;Ordem da Chefia;https://limitlesstcg.nyc3.cdn.digitaloceanspaces.com/tpci/BRS/BRS_132_R_PT.png;https://limitlesstcg.com/cards/pt/BRS/132;baixado;
swsh9;swsh9-133;133;Mestre do Café;https://limitlesstcg.nyc3.cdn.digitaloceanspaces.com/tpci/BRS/BRS_133_R_PT.png;https://limitlesstcg.com/cards/pt/BRS/133;baixado;
swsh9;swsh9-134;134;Cuidado do Cheren;https://limitlesstcg.nyc3.cdn.digitaloceanspaces.com/tpci/BRS/BRS_134_R_PT.png;https://limitlesstcg.com/cards/pt/BRS/134;baixado;
swsh9;swsh9-135;135;Cinturão da Escolha;https://limitlesstcg.nyc3.cdn.digitaloceanspaces.com/tpci/BRS/BRS_135_R_PT.png;https://limitlesstcg.com/cards/pt/BRS/135;baixado;
swsh9;swsh9-136;136;Luvas de Purificação;https://limitlesstcg.nyc3.cdn.digitaloceanspaces.com/tpci/BRS/BRS_136_R_PT.png;https://limitlesstcg.com/cards/pt/BRS/136;baixado;
swsh9;swsh9-137;137;Estádio Desmoronado;https://limitlesstcg.nyc3.cdn.digitaloceanspaces.com/tpci/BRS/BRS_137_R_PT.png;https://limitlesstcg.com/cards/pt/BRS/137;baixado;
swsh9;swsh9-138;138;Ambição da Cíntia;https://limitlesstcg.nyc3.cdn.digitaloceanspaces.com/tpci/BRS/BRS_138_R_PT.png;https://limitlesstcg.com/cards/pt/BRS/138;baixado;
swsh9;swsh9-139;139;Conjunto de Água Fresca;https://limitlesstcg.nyc3.cdn.digitaloceanspaces.com/tpci/BRS/BRS_139_R_PT.png;https://limitlesstcg.com/cards/pt/BRS/139;baixado;
swsh9;swsh9-140;140;Amigos em Galar;https://limitlesstcg.nyc3.cdn.digitaloceanspaces.com/tpci/BRS/BRS_140_R_PT.png;https://limitlesstcg.com/cards/pt/BRS/140;baixado;
swsh9;swsh9-141;141;Glória;https://limitlesstcg.nyc3.cdn.digitaloceanspaces.com/tpci/BRS/BRS_141_R_PT.png;https://limitlesstcg.com/cards/pt/BRS/141;baixado;
swsh9;swsh9-142;142;Luvas de Caça;https://limitlesstcg.nyc3.cdn.digitaloceanspaces.com/tpci/BRS/BRS_142_R_PT.png;https://limitlesstcg.com/cards/pt/BRS/142;baixado;
swsh9;swsh9-143;143;Ateador de Fogo;https://limitlesstcg.nyc3.cdn.digitaloceanspaces.com/tpci/BRS/BRS_143_R_PT.png;https://limitlesstcg.com/cards/pt/BRS/143;baixado;
swsh9;swsh9-144;144;Reservatório de Magma;https://limitlesstcg.nyc3.cdn.digitaloceanspaces.com/tpci/BRS/BRS_144_R_PT.png;https://limitlesstcg.com/cards/pt/BRS/144;baixado;
swsh9;swsh9-145;145;Orgulho da Marine;https://limitlesstcg.nyc3.cdn.digitaloceanspaces.com/tpci/BRS/BRS_145_R_PT.png;https://limitlesstcg.com/cards/pt/BRS/145;baixado;
swsh9;swsh9-146;146;Capacete de Panela;https://limitlesstcg.nyc3.cdn.digitaloceanspaces.com/tpci/BRS/BRS_146_R_PT.png;https://limitlesstcg.com/cards/pt/BRS/146;baixado;
swsh9;swsh9-147;147;Pesquisa de Professores;https://limitlesstcg.nyc3.cdn.digitaloceanspaces.com/tpci/BRS/BRS_147_R_PT.png;https://limitlesstcg.com/cards/pt/BRS/147;baixado;
swsh9;swsh9-148;148;Backup da Roseanne;https://limitlesstcg.nyc3.cdn.digitaloceanspaces.com/tpci/BRS/BRS_148_R_PT.png;https://limitlesstcg.com/cards/pt/BRS/148;baixado;
swsh9;swsh9-149;149;Torcida da Equipe Yell;https://limitlesstcg.nyc3.cdn.digitaloceanspaces.com/tpci/BRS/BRS_149_R_PT.png;https://limitlesstcg.com/cards/pt/BRS/149;baixado;
swsh9;swsh9-150;150;Ultra Bola;https://limitlesstcg.nyc3.cdn.digitaloceanspaces.com/tpci/BRS/BRS_150_R_PT.png;https://limitlesstcg.com/cards/pt/BRS/150;baixado;
swsh9;swsh9-151;151;Energia Turbo Dupla;https://limitlesstcg.nyc3.cdn.digitaloceanspaces.com/tpci/BRS/BRS_151_R_PT.png;https://limitlesstcg.com/cards/pt/BRS/151;baixado;
swsh9;swsh9-152;152;Shaymin V;https://limitlesstcg.nyc3.cdn.digitaloceanspaces.com/tpci/BRS/BRS_152_R_PT.png;https://limitlesstcg.com/cards/pt/BRS/152;baixado;
swsh9;swsh9-153;153;Charizard V;https://limitlesstcg.nyc3.cdn.digitaloceanspaces.com/tpci/BRS/BRS_153_R_PT.png;https://limitlesstcg.com/cards/pt/BRS/153;baixado;
swsh9;swsh9-154;154;Charizard V;https://limitlesstcg.nyc3.cdn.digitaloceanspaces.com/tpci/BRS/BRS_154_R_PT.png;https://limitlesstcg.com/cards/pt/BRS/154;baixado;
swsh9;swsh9-155;155;Lumineon V;https://limitlesstcg.nyc3.cdn.digitaloceanspaces.com/tpci/BRS/BRS_155_R_PT.png;https://limitlesstcg.com/cards/pt/BRS/155;baixado;
swsh9;swsh9-156;156;Lumineon V;https://limitlesstcg.nyc3.cdn.digitaloceanspaces.com/tpci/BRS/BRS_156_R_PT.png;https://limitlesstcg.com/cards/pt/BRS/156;baixado;
swsh9;swsh9-157;157;Pikachu V;https://limitlesstcg.nyc3.cdn.digitaloceanspaces.com/tpci/BRS/BRS_157_R_PT.png;https://limitlesstcg.com/cards/pt/BRS/157;baixado;
swsh9;swsh9-158;158;Raichu V;https://limitlesstcg.nyc3.cdn.digitaloceanspaces.com/tpci/BRS/BRS_158_R_PT.png;https://limitlesstcg.com/cards/pt/BRS/158;baixado;
swsh9;swsh9-159;159;Granbull V;https://limitlesstcg.nyc3.cdn.digitaloceanspaces.com/tpci/BRS/BRS_159_R_PT.png;https://limitlesstcg.com/cards/pt/BRS/159;baixado;
swsh9;swsh9-160;160;Whimsicott V;https://limitlesstcg.nyc3.cdn.digitaloceanspaces.com/tpci/BRS/BRS_160_R_PT.png;https://limitlesstcg.com/cards/pt/BRS/160;baixado;
swsh9;swsh9-161;161;Honchkrow V;https://limitlesstcg.nyc3.cdn.digitaloceanspaces.com/tpci/BRS/BRS_161_R_PT.png;https://limitlesstcg.com/cards/pt/BRS/161;baixado;
swsh9;swsh9-162;162;Honchkrow V;https://limitlesstcg.nyc3.cdn.digitaloceanspaces.com/tpci/BRS/BRS_162_R_PT.png;https://limitlesstcg.com/cards/pt/BRS/162;baixado;
swsh9;swsh9-163;163;Zamazenta V;https://limitlesstcg.nyc3.cdn.digitaloceanspaces.com/tpci/BRS/BRS_163_R_PT.png;https://limitlesstcg.com/cards/pt/BRS/163;baixado;
swsh9;swsh9-164;164;Flygon V;https://limitlesstcg.nyc3.cdn.digitaloceanspaces.com/tpci/BRS/BRS_164_R_PT.png;https://limitlesstcg.com/cards/pt/BRS/164;baixado;
swsh9;swsh9-165;165;Arceus V;https://limitlesstcg.nyc3.cdn.digitaloceanspaces.com/tpci/BRS/BRS_165_R_PT.png;https://limitlesstcg.com/cards/pt/BRS/165;baixado;
swsh9;swsh9-166;166;Arceus V;https://limitlesstcg.nyc3.cdn.digitaloceanspaces.com/tpci/BRS/BRS_166_R_PT.png;https://limitlesstcg.com/cards/pt/BRS/166;baixado;
swsh9;swsh9-167;167;Barry;https://limitlesstcg.nyc3.cdn.digitaloceanspaces.com/tpci/BRS/BRS_167_R_PT.png;https://limitlesstcg.com/cards/pt/BRS/167;baixado;
swsh9;swsh9-168;168;Cuidado do Cheren;https://limitlesstcg.nyc3.cdn.digitaloceanspaces.com/tpci/BRS/BRS_168_R_PT.png;https://limitlesstcg.com/cards/pt/BRS/168;baixado;
swsh9;swsh9-169;169;Ambição da Cíntia;https://limitlesstcg.nyc3.cdn.digitaloceanspaces.com/tpci/BRS/BRS_169_R_PT.png;https://limitlesstcg.com/cards/pt/BRS/169;baixado;
swsh9;swsh9-170;170;Ateador de Fogo;https://limitlesstcg.nyc3.cdn.digitaloceanspaces.com/tpci/BRS/BRS_170_R_PT.png;https://limitlesstcg.com/cards/pt/BRS/170;baixado;
swsh9;swsh9-171;171;Orgulho da Marine;https://limitlesstcg.nyc3.cdn.digitaloceanspaces.com/tpci/BRS/BRS_171_R_PT.png;https://limitlesstcg.com/cards/pt/BRS/171;baixado;
swsh9;swsh9-172;172;Backup da Roseanne;https://limitlesstcg.nyc3.cdn.digitaloceanspaces.com/tpci/BRS/BRS_172_R_PT.png;https://limitlesstcg.com/cards/pt/BRS/172;baixado;
swsh9;swsh9-173;173;Shaymin V-ASTRO;https://limitlesstcg.nyc3.cdn.digitaloceanspaces.com/tpci/BRS/BRS_173_R_PT.png;https://limitlesstcg.com/cards/pt/BRS/173;baixado;
swsh9;swsh9-174;174;Charizard V-ASTRO;https://limitlesstcg.nyc3.cdn.digitaloceanspaces.com/tpci/BRS/BRS_174_R_PT.png;https://limitlesstcg.com/cards/pt/BRS/174;baixado;
swsh9;swsh9-175;175;Whimsicott V-ASTRO;https://limitlesstcg.nyc3.cdn.digitaloceanspaces.com/tpci/BRS/BRS_175_R_PT.png;https://limitlesstcg.com/cards/pt/BRS/175;baixado;
swsh9;swsh9-176;176;Arceus V-ASTRO;https://limitlesstcg.nyc3.cdn.digitaloceanspaces.com/tpci/BRS/BRS_176_R_PT.png;https://limitlesstcg.com/cards/pt/BRS/176;baixado;
swsh9;swsh9-177;177;Cuidado do Cheren;https://limitlesstcg.nyc3.cdn.digitaloceanspaces.com/tpci/BRS/BRS_177_R_PT.png;https://limitlesstcg.com/cards/pt/BRS/177;baixado;
swsh9;swsh9-178;178;Ambição da Cíntia;https://limitlesstcg.nyc3.cdn.digitaloceanspaces.com/tpci/BRS/BRS_178_R_PT.png;https://limitlesstcg.com/cards/pt/BRS/178;baixado;
swsh9;swsh9-179;179;Ateador de Fogo;https://limitlesstcg.nyc3.cdn.digitaloceanspaces.com/tpci/BRS/BRS_179_R_PT.png;https://limitlesstcg.com/cards/pt/BRS/179;baixado;
swsh9;swsh9-180;180;Backup da Roseanne;https://limitlesstcg.nyc3.cdn.digitaloceanspaces.com/tpci/BRS/BRS_180_R_PT.png;https://limitlesstcg.com/cards/pt/BRS/180;baixado;
swsh9;swsh9-181;181;Articuno de Galar V;https://limitlesstcg.nyc3.cdn.digitaloceanspaces.com/tpci/BRS/BRS_181_R_PT.png;https://limitlesstcg.com/cards/pt/BRS/181;baixado;
swsh9;swsh9-182;182;Zapdos de Galar V;https://limitlesstcg.nyc3.cdn.digitaloceanspaces.com/tpci/BRS/BRS_182_R_PT.png;https://limitlesstcg.com/cards/pt/BRS/182;baixado;
swsh9;swsh9-183;183;Moltres de Galar V;https://limitlesstcg.nyc3.cdn.digitaloceanspaces.com/tpci/BRS/BRS_183_R_PT.png;https://limitlesstcg.com/cards/pt/BRS/183;baixado;
swsh9;swsh9-184;184;Arceus V-ASTRO;https://limitlesstcg.nyc3.cdn.digitaloceanspaces.com/tpci/BRS/BRS_184_R_PT.png;https://limitlesstcg.com/cards/pt/BRS/184;baixado;
swsh9;swsh9-185;185;Reservatório de Magma;https://limitlesstcg.nyc3.cdn.digitaloceanspaces.com/tpci/BRS/BRS_185_R_PT.png;https://limitlesstcg.com/cards/pt/BRS/185;baixado;
swsh9;swsh9-186;186;Ultra Bola;https://limitlesstcg.nyc3.cdn.digitaloceanspaces.com/tpci/BRS/BRS_186_R_PT.png;https://limitlesstcg.com/cards/pt/BRS/186;baixado;
swsh9tg;swsh9tg-TG01;TG01;Flareon;https://limitlesstcg.nyc3.cdn.digitaloceanspaces.com/tpci/BRS/BRS_TG1_R_PT.png;https://limitlesstcg.com/cards/pt/BRS/TG1;baixado;
swsh9tg;swsh9tg-TG02;TG02;Vaporeon;https://limitlesstcg.nyc3.cdn.digitaloceanspaces.com/tpci/BRS/BRS_TG2_R_PT.png;https://limitlesstcg.com/cards/pt/BRS/TG2;baixado;
swsh9tg;swsh9tg-TG03;TG03;Octillery;https://limitlesstcg.nyc3.cdn.digitaloceanspaces.com/tpci/BRS/BRS_TG3_R_PT.png;https://limitlesstcg.com/cards/pt/BRS/TG3;baixado;
swsh9tg;swsh9tg-TG04;TG04;Jolteon;https://limitlesstcg.nyc3.cdn.digitaloceanspaces.com/tpci/BRS/BRS_TG4_R_PT.png;https://limitlesstcg.com/cards/pt/BRS/TG4;baixado;
swsh9tg;swsh9tg-TG05;TG05;Zekrom;https://limitlesstcg.nyc3.cdn.digitaloceanspaces.com/tpci/BRS/BRS_TG5_R_PT.png;https://limitlesstcg.com/cards/pt/BRS/TG5;baixado;
swsh9tg;swsh9tg-TG06;TG06;Dusknoir;https://limitlesstcg.nyc3.cdn.digitaloceanspaces.com/tpci/BRS/BRS_TG6_R_PT.png;https://limitlesstcg.com/cards/pt/BRS/TG6;baixado;
swsh9tg;swsh9tg-TG07;TG07;Dedenne;https://limitlesstcg.nyc3.cdn.digitaloceanspaces.com/tpci/BRS/BRS_TG7_R_PT.png;https://limitlesstcg.com/cards/pt/BRS/TG7;baixado;
swsh9tg;swsh9tg-TG08;TG08;Alcremie;https://limitlesstcg.nyc3.cdn.digitaloceanspaces.com/tpci/BRS/BRS_TG8_R_PT.png;https://limitlesstcg.com/cards/pt/BRS/TG8;baixado;
swsh9tg;swsh9tg-TG09;TG09;Ariados;https://limitlesstcg.nyc3.cdn.digitaloceanspaces.com/tpci/BRS/BRS_TG9_R_PT.png;https://limitlesstcg.com/cards/pt/BRS/TG9;baixado;
swsh9tg;swsh9tg-TG10;TG10;Houndoom;https://limitlesstcg.nyc3.cdn.digitaloceanspaces.com/tpci/BRS/BRS_TG10_R_PT.png;https://limitlesstcg.com/cards/pt/BRS/TG10;baixado;
swsh9tg;swsh9tg-TG11;TG11;Eevee;https://limitlesstcg.nyc3.cdn.digitaloceanspaces.com/tpci/BRS/BRS_TG11_R_PT.png;https://limitlesstcg.com/cards/pt/BRS/TG11;baixado;
swsh9tg;swsh9tg-TG12;TG12;Oranguru;https://limitlesstcg.nyc3.cdn.digitaloceanspaces.com/tpci/BRS/BRS_TG12_R_PT.png;https://limitlesstcg.com/cards/pt/BRS/TG12;baixado;
swsh9tg;swsh9tg-TG13;TG13;Boltund V;https://limitlesstcg.nyc3.cdn.digitaloceanspaces.com/tpci/BRS/BRS_TG13_R_PT.png;https://limitlesstcg.com/cards/pt/BRS/TG13;baixado;
swsh9tg;swsh9tg-TG14;TG14;Sylveon V;https://limitlesstcg.nyc3.cdn.digitaloceanspaces.com/tpci/BRS/BRS_TG14_R_PT.png;https://limitlesstcg.com/cards/pt/BRS/TG14;baixado;
swsh9tg;swsh9tg-TG15;TG15;Sylveon VMAX;https://limitlesstcg.nyc3.cdn.digitaloceanspaces.com/tpci/BRS/BRS_TG15_R_PT.png;https://limitlesstcg.com/cards/pt/BRS/TG15;baixado;
swsh9tg;swsh9tg-TG16;TG16;Mimikyu V;https://limitlesstcg.nyc3.cdn.digitaloceanspaces.com/tpci/BRS/BRS_TG16_R_PT.png;https://limitlesstcg.com/cards/pt/BRS/TG16;baixado;
swsh9tg;swsh9tg-TG17;TG17;Mimikyu VMAX;https://limitlesstcg.nyc3.cdn.digitaloceanspaces.com/tpci/BRS/BRS_TG17_R_PT.png;https://limitlesstcg.com/cards/pt/BRS/TG17;baixado;
swsh9tg;swsh9tg-TG18;TG18;Urshifu Golpe Decisivo V;https://limitlesstcg.nyc3.cdn.digitaloceanspaces.com/tpci/BRS/BRS_TG18_R_PT.png;https://limitlesstcg.com/cards/pt/BRS/TG18;baixado;
swsh9tg;swsh9tg-TG19;TG19;Urshifu Golpe Decisivo VMAX;https://limitlesstcg.nyc3.cdn.digitaloceanspaces.com/tpci/BRS/BRS_TG19_R_PT.png;https://limitlesstcg.com/cards/pt/BRS/TG19;baixado;
swsh9tg;swsh9tg-TG20;TG20;Urshifu Golpe Fluido V;https://limitlesstcg.nyc3.cdn.digitaloceanspaces.com/tpci/BRS/BRS_TG20_R_PT.png;https://limitlesstcg.com/cards/pt/BRS/TG20;baixado;
swsh9tg;swsh9tg-TG21;TG21;Urshifu Golpe Fluido VMAX;https://limitlesstcg.nyc3.cdn.digitaloceanspaces.com/tpci/BRS/BRS_TG21_R_PT.png;https://limitlesstcg.com/cards/pt/BRS/TG21;baixado;
swsh9tg;swsh9tg-TG22;TG22;Umbreon V;https://limitlesstcg.nyc3.cdn.digitaloceanspaces.com/tpci/BRS/BRS_TG22_R_PT.png;https://limitlesstcg.com/cards/pt/BRS/TG22;baixado;
swsh9tg;swsh9tg-TG23;TG23;Umbreon VMAX;https://limitlesstcg.nyc3.cdn.digitaloceanspaces.com/tpci/BRS/BRS_TG23_R_PT.png;https://limitlesstcg.com/cards/pt/BRS/TG23;baixado;
swsh9tg;swsh9tg-TG24;TG24;Premonição da Acerola;https://limitlesstcg.nyc3.cdn.digitaloceanspaces.com/tpci/BRS/BRS_TG24_R_PT.png;https://limitlesstcg.com/cards/pt/BRS/TG24;baixado;
swsh9tg;swsh9tg-TG25;TG25;Mestre do Café;https://limitlesstcg.nyc3.cdn.digitaloceanspaces.com/tpci/BRS/BRS_TG25_R_PT.png;https://limitlesstcg.com/cards/pt/BRS/TG25;baixado;
swsh9tg;swsh9tg-TG26;TG26;Glória;https://limitlesstcg.nyc3.cdn.digitaloceanspaces.com/tpci/BRS/BRS_TG26_R_PT.png;https://limitlesstcg.com/cards/pt/BRS/TG26;baixado;
swsh9tg;swsh9tg-TG27;TG27;Mostarda Estilo Golpe Fluido;https://limitlesstcg.nyc3.cdn.digitaloceanspaces.com/tpci/BRS/BRS_TG27_R_PT.png;https://limitlesstcg.com/cards/pt/BRS/TG27;baixado;
swsh9tg;swsh9tg-TG28;TG28;Mostarda Estilo Golpe Decisivo;https://limitlesstcg.nyc3.cdn.digitaloceanspaces.com/tpci/BRS/BRS_TG28_R_PT.png;https://limitlesstcg.com/cards/pt/BRS/TG28;baixado;
swsh9tg;swsh9tg-TG29;TG29;Urshifu Golpe Decisivo VMAX;https://limitlesstcg.nyc3.cdn.digitaloceanspaces.com/tpci/BRS/BRS_TG29_R_PT.png;https://limitlesstcg.com/cards/pt/BRS/TG29;baixado;
swsh9tg;swsh9tg-TG30;TG30;Urshifu Golpe Fluido VMAX;https://limitlesstcg.nyc3.cdn.digitaloceanspaces.com/tpci/BRS/BRS_TG30_R_PT.png;https://limitlesstcg.com/cards/pt/BRS/TG30;baixado;
swsh10tg;swsh10tg-TG01;TG01;Abomasnow;https://limitlesstcg.nyc3.cdn.digitaloceanspaces.com/tpci/ASR/ASR_TG1_R_PT.png;https://limitlesstcg.com/cards/pt/ASR/TG1;baixado;
swsh10tg;swsh10tg-TG02;TG02;Flapple;https://limitlesstcg.nyc3.cdn.digitaloceanspaces.com/tpci/ASR/ASR_TG2_R_PT.png;https://limitlesstcg.com/cards/pt/ASR/TG2;baixado;
swsh10tg;swsh10tg-TG03;TG03;Kingdra;https://limitlesstcg.nyc3.cdn.digitaloceanspaces.com/tpci/ASR/ASR_TG3_R_PT.png;https://limitlesstcg.com/cards/pt/ASR/TG3;baixado;
swsh10tg;swsh10tg-TG04;TG04;Frosmoth;https://limitlesstcg.nyc3.cdn.digitaloceanspaces.com/tpci/ASR/ASR_TG4_R_PT.png;https://limitlesstcg.com/cards/pt/ASR/TG4;baixado;
swsh10tg;swsh10tg-TG05;TG05;Gardevoir;https://limitlesstcg.nyc3.cdn.digitaloceanspaces.com/tpci/ASR/ASR_TG5_R_PT.png;https://limitlesstcg.com/cards/pt/ASR/TG5;baixado;
swsh10tg;swsh10tg-TG06;TG06;Wyrdeer;https://limitlesstcg.nyc3.cdn.digitaloceanspaces.com/tpci/ASR/ASR_TG6_R_PT.png;https://limitlesstcg.com/cards/pt/ASR/TG6;baixado;
swsh10tg;swsh10tg-TG07;TG07;Falinks;https://limitlesstcg.nyc3.cdn.digitaloceanspaces.com/tpci/ASR/ASR_TG7_R_PT.png;https://limitlesstcg.com/cards/pt/ASR/TG7;baixado;
swsh10tg;swsh10tg-TG08;TG08;Kleavor;https://limitlesstcg.nyc3.cdn.digitaloceanspaces.com/tpci/ASR/ASR_TG8_R_PT.png;https://limitlesstcg.com/cards/pt/ASR/TG8;baixado;
swsh10tg;swsh10tg-TG09;TG09;Mightyena;https://limitlesstcg.nyc3.cdn.digitaloceanspaces.com/tpci/ASR/ASR_TG9_R_PT.png;https://limitlesstcg.com/cards/pt/ASR/TG9;baixado;
swsh10tg;swsh10tg-TG10;TG10;Obstagoon de Galar;https://limitlesstcg.nyc3.cdn.digitaloceanspaces.com/tpci/ASR/ASR_TG10_R_PT.png;https://limitlesstcg.com/cards/pt/ASR/TG10;baixado;
swsh10tg;swsh10tg-TG11;TG11;Bronzong;https://limitlesstcg.nyc3.cdn.digitaloceanspaces.com/tpci/ASR/ASR_TG11_R_PT.png;https://limitlesstcg.com/cards/pt/ASR/TG11;baixado;
swsh10tg;swsh10tg-TG12;TG12;Hoothoot;https://limitlesstcg.nyc3.cdn.digitaloceanspaces.com/tpci/ASR/ASR_TG12_R_PT.png;https://limitlesstcg.com/cards/pt/ASR/TG12;baixado;
swsh10tg;swsh10tg-TG13;TG13;Starmie V;https://limitlesstcg.nyc3.cdn.digitaloceanspaces.com/tpci/ASR/ASR_TG13_R_PT.png;https://limitlesstcg.com/cards/pt/ASR/TG13;baixado;
swsh10tg;swsh10tg-TG14;TG14;Calyrex Cavaleiro Glacial V;https://limitlesstcg.nyc3.cdn.digitaloceanspaces.com/tpci/ASR/ASR_TG14_R_PT.png;https://limitlesstcg.com/cards/pt/ASR/TG14;baixado;
swsh10tg;swsh10tg-TG15;TG15;Calyrex Cavaleiro Glacial VMAX;https://limitlesstcg.nyc3.cdn.digitaloceanspaces.com/tpci/ASR/ASR_TG15_R_PT.png;https://limitlesstcg.com/cards/pt/ASR/TG15;baixado;
swsh10tg;swsh10tg-TG16;TG16;Articuno de Galar V;https://limitlesstcg.nyc3.cdn.digitaloceanspaces.com/tpci/ASR/ASR_TG16_R_PT.png;https://limitlesstcg.com/cards/pt/ASR/TG16;baixado;
swsh10tg;swsh10tg-TG17;TG17;Calyrex Cavaleiro Espectral V;https://limitlesstcg.nyc3.cdn.digitaloceanspaces.com/tpci/ASR/ASR_TG17_R_PT.png;https://limitlesstcg.com/cards/pt/ASR/TG17;baixado;
swsh10tg;swsh10tg-TG18;TG18;Calyrex Cavaleiro Espectral VMAX;https://limitlesstcg.nyc3.cdn.digitaloceanspaces.com/tpci/ASR/ASR_TG18_R_PT.png;https://limitlesstcg.com/cards/pt/ASR/TG18;baixado;
swsh10tg;swsh10tg-TG19;TG19;Zapdos de Galar V;https://limitlesstcg.nyc3.cdn.digitaloceanspaces.com/tpci/ASR/ASR_TG19_R_PT.png;https://limitlesstcg.com/cards/pt/ASR/TG19;baixado;
swsh10tg;swsh10tg-TG20;TG20;Moltres de Galar V;https://limitlesstcg.nyc3.cdn.digitaloceanspaces.com/tpci/ASR/ASR_TG20_R_PT.png;https://limitlesstcg.com/cards/pt/ASR/TG20;baixado;
swsh10tg;swsh10tg-TG21;TG21;Zacian V;https://limitlesstcg.nyc3.cdn.digitaloceanspaces.com/tpci/ASR/ASR_TG21_R_PT.png;https://limitlesstcg.com/cards/pt/ASR/TG21;baixado;
swsh10tg;swsh10tg-TG22;TG22;Zamazenta V;https://limitlesstcg.nyc3.cdn.digitaloceanspaces.com/tpci/ASR/ASR_TG22_R_PT.png;https://limitlesstcg.com/cards/pt/ASR/TG22;baixado;
swsh10tg;swsh10tg-TG23;TG23;Garchomp V;https://limitlesstcg.nyc3.cdn.digitaloceanspaces.com/tpci/ASR/ASR_TG23_R_PT.png;https://limitlesstcg.com/cards/pt/ASR/TG23;baixado;
swsh10tg;swsh10tg-TG24;TG24;Allister;https://limitlesstcg.nyc3.cdn.digitaloceanspaces.com/tpci/ASR/ASR_TG24_R_PT.png;https://limitlesstcg.com/cards/pt/ASR/TG24;baixado;
swsh10tg;swsh10tg-TG25;TG25;Bia;https://limitlesstcg.nyc3.cdn.digitaloceanspaces.com/tpci/ASR/ASR_TG25_R_PT.png;https://limitlesstcg.com/cards/pt/ASR/TG25;baixado;
swsh10tg;swsh10tg-TG26;TG26;Melony;https://limitlesstcg.nyc3.cdn.digitaloceanspaces.com/tpci/ASR/ASR_TG26_R_PT.png;https://limitlesstcg.com/cards/pt/ASR/TG26;baixado;
swsh10tg;swsh10tg-TG27;TG27;Milo;https://limitlesstcg.nyc3.cdn.digitaloceanspaces.com/tpci/ASR/ASR_TG27_R_PT.png;https://limitlesstcg.com/cards/pt/ASR/TG27;baixado;
swsh10tg;swsh10tg-TG28;TG28;Pietro;https://limitlesstcg.nyc3.cdn.digitaloceanspaces.com/tpci/ASR/ASR_TG28_R_PT.png;https://limitlesstcg.com/cards/pt/ASR/TG28;baixado;
swsh10tg;swsh10tg-TG29;TG29;Calyrex Cavaleiro Glacial VMAX;https://limitlesstcg.nyc3.cdn.digitaloceanspaces.com/tpci/ASR/ASR_TG29_R_PT.png;https://limitlesstcg.com/cards/pt/ASR/TG29;baixado;
swsh10tg;swsh10tg-TG30;TG30;Calyrex Cavaleiro Espectral VMAX;https://limitlesstcg.nyc3.cdn.digitaloceanspaces.com/tpci/ASR/ASR_TG30_R_PT.png;https://limitlesstcg.com/cards/pt/ASR/TG30;baixado;
swsh10;swsh10-001;001;Beedrill V;https://limitlesstcg.nyc3.cdn.digitaloceanspaces.com/tpci/ASR/ASR_001_R_PT.png;https://limitlesstcg.com/cards/pt/ASR/1;baixado;
swsh10;swsh10-002;002;Voltorb de Hisui;https://limitlesstcg.nyc3.cdn.digitaloceanspaces.com/tpci/ASR/ASR_002_R_PT.png;https://limitlesstcg.com/cards/pt/ASR/2;baixado;
swsh10;swsh10-003;003;Electrode de Hisui;https://limitlesstcg.nyc3.cdn.digitaloceanspaces.com/tpci/ASR/ASR_003_R_PT.png;https://limitlesstcg.com/cards/pt/ASR/3;baixado;
swsh10;swsh10-004;004;Scyther;https://limitlesstcg.nyc3.cdn.digitaloceanspaces.com/tpci/ASR/ASR_004_R_PT.png;https://limitlesstcg.com/cards/pt/ASR/4;baixado;
swsh10;swsh10-005;005;Scyther;https://limitlesstcg.nyc3.cdn.digitaloceanspaces.com/tpci/ASR/ASR_005_R_PT.png;https://limitlesstcg.com/cards/pt/ASR/5;baixado;
swsh10;swsh10-006;006;Yanma;https://limitlesstcg.nyc3.cdn.digitaloceanspaces.com/tpci/ASR/ASR_006_R_PT.png;https://limitlesstcg.com/cards/pt/ASR/6;baixado;
swsh10;swsh10-007;007;Yanmega;https://limitlesstcg.nyc3.cdn.digitaloceanspaces.com/tpci/ASR/ASR_007_R_PT.png;https://limitlesstcg.com/cards/pt/ASR/7;baixado;
swsh10;swsh10-008;008;Heracross;https://limitlesstcg.nyc3.cdn.digitaloceanspaces.com/tpci/ASR/ASR_008_R_PT.png;https://limitlesstcg.com/cards/pt/ASR/8;baixado;
swsh10;swsh10-009;009;Kricketot;https://limitlesstcg.nyc3.cdn.digitaloceanspaces.com/tpci/ASR/ASR_009_R_PT.png;https://limitlesstcg.com/cards/pt/ASR/9;baixado;
swsh10;swsh10-010;010;Kricketune;https://limitlesstcg.nyc3.cdn.digitaloceanspaces.com/tpci/ASR/ASR_010_R_PT.png;https://limitlesstcg.com/cards/pt/ASR/10;baixado;
swsh10;swsh10-011;011;Combee;https://limitlesstcg.nyc3.cdn.digitaloceanspaces.com/tpci/ASR/ASR_011_R_PT.png;https://limitlesstcg.com/cards/pt/ASR/11;baixado;
swsh10;swsh10-012;012;Vespiquen;https://limitlesstcg.nyc3.cdn.digitaloceanspaces.com/tpci/ASR/ASR_012_R_PT.png;https://limitlesstcg.com/cards/pt/ASR/12;baixado;
swsh10;swsh10-013;013;Leafeon;https://limitlesstcg.nyc3.cdn.digitaloceanspaces.com/tpci/ASR/ASR_013_R_PT.png;https://limitlesstcg.com/cards/pt/ASR/13;baixado;
swsh10;swsh10-014;014;Shaymin;https://limitlesstcg.nyc3.cdn.digitaloceanspaces.com/tpci/ASR/ASR_014_R_PT.png;https://limitlesstcg.com/cards/pt/ASR/14;baixado;
swsh10;swsh10-015;015;Petilil;https://limitlesstcg.nyc3.cdn.digitaloceanspaces.com/tpci/ASR/ASR_015_R_PT.png;https://limitlesstcg.com/cards/pt/ASR/15;baixado;
swsh10;swsh10-016;016;Lilligant de Hisui;https://limitlesstcg.nyc3.cdn.digitaloceanspaces.com/tpci/ASR/ASR_016_R_PT.png;https://limitlesstcg.com/cards/pt/ASR/16;baixado;
swsh10;swsh10-017;017;Lilligant de Hisui V;https://limitlesstcg.nyc3.cdn.digitaloceanspaces.com/tpci/ASR/ASR_017_R_PT.png;https://limitlesstcg.com/cards/pt/ASR/17;baixado;
swsh10;swsh10-018;018;Lilligant de Hisui V-ASTRO;https://limitlesstcg.nyc3.cdn.digitaloceanspaces.com/tpci/ASR/ASR_018_R_PT.png;https://limitlesstcg.com/cards/pt/ASR/18;baixado;
swsh10;swsh10-019;019;Rowlet;https://limitlesstcg.nyc3.cdn.digitaloceanspaces.com/tpci/ASR/ASR_019_R_PT.png;https://limitlesstcg.com/cards/pt/ASR/19;baixado;
swsh10;swsh10-020;020;Dartrix;https://limitlesstcg.nyc3.cdn.digitaloceanspaces.com/tpci/ASR/ASR_020_R_PT.png;https://limitlesstcg.com/cards/pt/ASR/20;baixado;
swsh10;swsh10-021;021;Ponyta;https://limitlesstcg.nyc3.cdn.digitaloceanspaces.com/tpci/ASR/ASR_021_R_PT.png;https://limitlesstcg.com/cards/pt/ASR/21;baixado;
swsh10;swsh10-022;022;Rapidash;https://limitlesstcg.nyc3.cdn.digitaloceanspaces.com/tpci/ASR/ASR_022_R_PT.png;https://limitlesstcg.com/cards/pt/ASR/22;baixado;
swsh10;swsh10-023;023;Cyndaquil;https://limitlesstcg.nyc3.cdn.digitaloceanspaces.com/tpci/ASR/ASR_023_R_PT.png;https://limitlesstcg.com/cards/pt/ASR/23;baixado;
swsh10;swsh10-024;024;Quilava;https://limitlesstcg.nyc3.cdn.digitaloceanspaces.com/tpci/ASR/ASR_024_R_PT.png;https://limitlesstcg.com/cards/pt/ASR/24;baixado;
swsh10;swsh10-025;025;Heatran V;https://limitlesstcg.nyc3.cdn.digitaloceanspaces.com/tpci/ASR/ASR_025_R_PT.png;https://limitlesstcg.com/cards/pt/ASR/25;baixado;
swsh10;swsh10-026;026;Heatran VMAX;https://limitlesstcg.nyc3.cdn.digitaloceanspaces.com/tpci/ASR/ASR_026_R_PT.png;https://limitlesstcg.com/cards/pt/ASR/26;baixado;
swsh10;swsh10-027;027;Heatran Radiante;https://limitlesstcg.nyc3.cdn.digitaloceanspaces.com/tpci/ASR/ASR_027_R_PT.png;https://limitlesstcg.com/cards/pt/ASR/27;baixado;
swsh10;swsh10-028;028;Psyduck;https://limitlesstcg.nyc3.cdn.digitaloceanspaces.com/tpci/ASR/ASR_028_R_PT.png;https://limitlesstcg.com/cards/pt/ASR/28;baixado;
swsh10;swsh10-029;029;Golduck;https://limitlesstcg.nyc3.cdn.digitaloceanspaces.com/tpci/ASR/ASR_029_R_PT.png;https://limitlesstcg.com/cards/pt/ASR/29;baixado;
swsh10;swsh10-030;030;Starmie V;https://limitlesstcg.nyc3.cdn.digitaloceanspaces.com/tpci/ASR/ASR_030_R_PT.png;https://limitlesstcg.com/cards/pt/ASR/30;baixado;
swsh10;swsh10-031;031;Swinub;https://limitlesstcg.nyc3.cdn.digitaloceanspaces.com/tpci/ASR/ASR_031_R_PT.png;https://limitlesstcg.com/cards/pt/ASR/31;baixado;
swsh10;swsh10-032;032;Piloswine;https://limitlesstcg.nyc3.cdn.digitaloceanspaces.com/tpci/ASR/ASR_032_R_PT.png;https://limitlesstcg.com/cards/pt/ASR/32;baixado;
swsh10;swsh10-033;033;Mamoswine;https://limitlesstcg.nyc3.cdn.digitaloceanspaces.com/tpci/ASR/ASR_033_R_PT.png;https://limitlesstcg.com/cards/pt/ASR/33;baixado;
swsh10;swsh10-034;034;Mantine;https://limitlesstcg.nyc3.cdn.digitaloceanspaces.com/tpci/ASR/ASR_034_R_PT.png;https://limitlesstcg.com/cards/pt/ASR/34;baixado;
swsh10;swsh10-035;035;Barboach;https://limitlesstcg.nyc3.cdn.digitaloceanspaces.com/tpci/ASR/ASR_035_R_PT.png;https://limitlesstcg.com/cards/pt/ASR/35;baixado;
swsh10;swsh10-036;036;Whiscash;https://limitlesstcg.nyc3.cdn.digitaloceanspaces.com/tpci/ASR/ASR_036_R_PT.png;https://limitlesstcg.com/cards/pt/ASR/36;baixado;
swsh10;swsh10-037;037;Regice;https://limitlesstcg.nyc3.cdn.digitaloceanspaces.com/tpci/ASR/ASR_037_R_PT.png;https://limitlesstcg.com/cards/pt/ASR/37;baixado;
swsh10;swsh10-038;038;Glaceon;https://limitlesstcg.nyc3.cdn.digitaloceanspaces.com/tpci/ASR/ASR_038_R_PT.png;https://limitlesstcg.com/cards/pt/ASR/38;baixado;
swsh10;swsh10-039;039;Palkia Forma Origem V;https://limitlesstcg.nyc3.cdn.digitaloceanspaces.com/tpci/ASR/ASR_039_R_PT.png;https://limitlesstcg.com/cards/pt/ASR/39;baixado;
swsh10;swsh10-040;040;Palkia Forma Origem V-ASTRO;https://limitlesstcg.nyc3.cdn.digitaloceanspaces.com/tpci/ASR/ASR_040_R_PT.png;https://limitlesstcg.com/cards/pt/ASR/40;baixado;
swsh10;swsh10-041;041;Oshawott;https://limitlesstcg.nyc3.cdn.digitaloceanspaces.com/tpci/ASR/ASR_041_R_PT.png;https://limitlesstcg.com/cards/pt/ASR/41;baixado;
swsh10;swsh10-042;042;Dewott;https://limitlesstcg.nyc3.cdn.digitaloceanspaces.com/tpci/ASR/ASR_042_R_PT.png;https://limitlesstcg.com/cards/pt/ASR/42;baixado;
swsh10;swsh10-043;043;Basculin de Hisui;https://limitlesstcg.nyc3.cdn.digitaloceanspaces.com/tpci/ASR/ASR_043_R_PT.png;https://limitlesstcg.com/cards/pt/ASR/43;baixado;
swsh10;swsh10-044;044;Basculegion de Hisui;https://limitlesstcg.nyc3.cdn.digitaloceanspaces.com/tpci/ASR/ASR_044_R_PT.png;https://limitlesstcg.com/cards/pt/ASR/44;baixado;
swsh10;swsh10-045;045;Keldeo;https://limitlesstcg.nyc3.cdn.digitaloceanspaces.com/tpci/ASR/ASR_045_R_PT.png;https://limitlesstcg.com/cards/pt/ASR/45;baixado;
swsh10;swsh10-046;046;Greninja Radiante;https://limitlesstcg.nyc3.cdn.digitaloceanspaces.com/tpci/ASR/ASR_046_R_PT.png;https://limitlesstcg.com/cards/pt/ASR/46;baixado;
swsh10;swsh10-047;047;Bergmite;https://limitlesstcg.nyc3.cdn.digitaloceanspaces.com/tpci/ASR/ASR_047_R_PT.png;https://limitlesstcg.com/cards/pt/ASR/47;baixado;
swsh10;swsh10-048;048;Avalugg de Hisui;https://limitlesstcg.nyc3.cdn.digitaloceanspaces.com/tpci/ASR/ASR_048_R_PT.png;https://limitlesstcg.com/cards/pt/ASR/48;baixado;
swsh10;swsh10-049;049;Mr. Rime de Galar V;https://limitlesstcg.nyc3.cdn.digitaloceanspaces.com/tpci/ASR/ASR_049_R_PT.png;https://limitlesstcg.com/cards/pt/ASR/49;baixado;
swsh10;swsh10-050;050;Luxray V;https://limitlesstcg.nyc3.cdn.digitaloceanspaces.com/tpci/ASR/ASR_050_R_PT.png;https://limitlesstcg.com/cards/pt/ASR/50;baixado;
swsh10;swsh10-051;051;Regieleki;https://limitlesstcg.nyc3.cdn.digitaloceanspaces.com/tpci/ASR/ASR_051_R_PT.png;https://limitlesstcg.com/cards/pt/ASR/51;baixado;
swsh10;swsh10-052;052;Typhlosion de Hisui;https://limitlesstcg.nyc3.cdn.digitaloceanspaces.com/tpci/ASR/ASR_052_R_PT.png;https://limitlesstcg.com/cards/pt/ASR/52;baixado;
swsh10;swsh10-053;053;Typhlosion de Hisui V;https://limitlesstcg.nyc3.cdn.digitaloceanspaces.com/tpci/ASR/ASR_053_R_PT.png;https://limitlesstcg.com/cards/pt/ASR/53;baixado;
swsh10;swsh10-054;054;Typhlosion de Hisui V-ASTRO;https://limitlesstcg.nyc3.cdn.digitaloceanspaces.com/tpci/ASR/ASR_054_R_PT.png;https://limitlesstcg.com/cards/pt/ASR/54;baixado;
swsh10;swsh10-055;055;Togepi;https://limitlesstcg.nyc3.cdn.digitaloceanspaces.com/tpci/ASR/ASR_055_R_PT.png;https://limitlesstcg.com/cards/pt/ASR/55;baixado;
swsh10;swsh10-056;056;Togetic;https://limitlesstcg.nyc3.cdn.digitaloceanspaces.com/tpci/ASR/ASR_056_R_PT.png;https://limitlesstcg.com/cards/pt/ASR/56;baixado;
swsh10;swsh10-057;057;Togekiss;https://limitlesstcg.nyc3.cdn.digitaloceanspaces.com/tpci/ASR/ASR_057_R_PT.png;https://limitlesstcg.com/cards/pt/ASR/57;baixado;
swsh10;swsh10-058;058;Misdreavus;https://limitlesstcg.nyc3.cdn.digitaloceanspaces.com/tpci/ASR/ASR_058_R_PT.png;https://limitlesstcg.com/cards/pt/ASR/58;baixado;
swsh10;swsh10-059;059;Mismagius;https://limitlesstcg.nyc3.cdn.digitaloceanspaces.com/tpci/ASR/ASR_059_R_PT.png;https://limitlesstcg.com/cards/pt/ASR/59;baixado;
swsh10;swsh10-060;060;Ralts;https://limitlesstcg.nyc3.cdn.digitaloceanspaces.com/tpci/ASR/ASR_060_R_PT.png;https://limitlesstcg.com/cards/pt/ASR/60;baixado;
swsh10;swsh10-061;061;Kirlia;https://limitlesstcg.nyc3.cdn.digitaloceanspaces.com/tpci/ASR/ASR_061_R_PT.png;https://limitlesstcg.com/cards/pt/ASR/61;baixado;
swsh10;swsh10-062;062;Gallade;https://limitlesstcg.nyc3.cdn.digitaloceanspaces.com/tpci/ASR/ASR_062_R_PT.png;https://limitlesstcg.com/cards/pt/ASR/62;baixado;
swsh10;swsh10-063;063;Drifloon;https://limitlesstcg.nyc3.cdn.digitaloceanspaces.com/tpci/ASR/ASR_063_R_PT.png;https://limitlesstcg.com/cards/pt/ASR/63;baixado;
swsh10;swsh10-064;064;Drifblim;https://limitlesstcg.nyc3.cdn.digitaloceanspaces.com/tpci/ASR/ASR_064_R_PT.png;https://limitlesstcg.com/cards/pt/ASR/64;baixado;
swsh10;swsh10-065;065;Uxie;https://limitlesstcg.nyc3.cdn.digitaloceanspaces.com/tpci/ASR/ASR_065_R_PT.png;https://limitlesstcg.com/cards/pt/ASR/65;baixado;
swsh10;swsh10-066;066;Mesprit;https://limitlesstcg.nyc3.cdn.digitaloceanspaces.com/tpci/ASR/ASR_066_R_PT.png;https://limitlesstcg.com/cards/pt/ASR/66;baixado;
swsh10;swsh10-067;067;Azelf;https://limitlesstcg.nyc3.cdn.digitaloceanspaces.com/tpci/ASR/ASR_067_R_PT.png;https://limitlesstcg.com/cards/pt/ASR/67;baixado;
swsh10;swsh10-068;068;Diancie;https://limitlesstcg.nyc3.cdn.digitaloceanspaces.com/tpci/ASR/ASR_068_R_PT.png;https://limitlesstcg.com/cards/pt/ASR/68;baixado;
swsh10;swsh10-069;069;Wyrdeer;https://limitlesstcg.nyc3.cdn.digitaloceanspaces.com/tpci/ASR/ASR_069_R_PT.png;https://limitlesstcg.com/cards/pt/ASR/69;baixado;
swsh10;swsh10-070;070;Growlithe de Hisui;https://limitlesstcg.nyc3.cdn.digitaloceanspaces.com/tpci/ASR/ASR_070_R_PT.png;https://limitlesstcg.com/cards/pt/ASR/70;baixado;
swsh10;swsh10-071;071;Arcanine de Hisui;https://limitlesstcg.nyc3.cdn.digitaloceanspaces.com/tpci/ASR/ASR_071_R_PT.png;https://limitlesstcg.com/cards/pt/ASR/71;baixado;
swsh10;swsh10-072;072;Machamp V;https://limitlesstcg.nyc3.cdn.digitaloceanspaces.com/tpci/ASR/ASR_072_R_PT.png;https://limitlesstcg.com/cards/pt/ASR/72;baixado;
swsh10;swsh10-073;073;Machamp VMAX;https://limitlesstcg.nyc3.cdn.digitaloceanspaces.com/tpci/ASR/ASR_073_R_PT.png;https://limitlesstcg.com/cards/pt/ASR/73;baixado;
swsh10;swsh10-074;074;Sudowoodo;https://limitlesstcg.nyc3.cdn.digitaloceanspaces.com/tpci/ASR/ASR_074_R_PT.png;https://limitlesstcg.com/cards/pt/ASR/74;baixado;
swsh10;swsh10-075;075;Regirock;https://limitlesstcg.nyc3.cdn.digitaloceanspaces.com/tpci/ASR/ASR_075_R_PT.png;https://limitlesstcg.com/cards/pt/ASR/75;baixado;
swsh10;swsh10-076;076;Cranidos;https://limitlesstcg.nyc3.cdn.digitaloceanspaces.com/tpci/ASR/ASR_076_R_PT.png;https://limitlesstcg.com/cards/pt/ASR/76;baixado;
swsh10;swsh10-077;077;Rampardos;https://limitlesstcg.nyc3.cdn.digitaloceanspaces.com/tpci/ASR/ASR_077_R_PT.png;https://limitlesstcg.com/cards/pt/ASR/77;baixado;
swsh10;swsh10-078;078;Lucario V;https://limitlesstcg.nyc3.cdn.digitaloceanspaces.com/tpci/ASR/ASR_078_R_PT.png;https://limitlesstcg.com/cards/pt/ASR/78;baixado;
swsh10;swsh10-079;079;Hippopotas;https://limitlesstcg.nyc3.cdn.digitaloceanspaces.com/tpci/ASR/ASR_079_R_PT.png;https://limitlesstcg.com/cards/pt/ASR/79;baixado;
swsh10;swsh10-080;080;Hippowdon;https://limitlesstcg.nyc3.cdn.digitaloceanspaces.com/tpci/ASR/ASR_080_R_PT.png;https://limitlesstcg.com/cards/pt/ASR/80;baixado;
swsh10;swsh10-081;081;Hawlucha Radiante;https://limitlesstcg.nyc3.cdn.digitaloceanspaces.com/tpci/ASR/ASR_081_R_PT.png;https://limitlesstcg.com/cards/pt/ASR/81;baixado;
swsh10;swsh10-082;082;Decidueye de Hisui;https://limitlesstcg.nyc3.cdn.digitaloceanspaces.com/tpci/ASR/ASR_082_R_PT.png;https://limitlesstcg.com/cards/pt/ASR/82;baixado;
swsh10;swsh10-083;083;Decidueye de Hisui V;https://limitlesstcg.nyc3.cdn.digitaloceanspaces.com/tpci/ASR/ASR_083_R_PT.png;https://limitlesstcg.com/cards/pt/ASR/83;baixado;
swsh10;swsh10-084;084;Decidueye de Hisui V-ASTRO;https://limitlesstcg.nyc3.cdn.digitaloceanspaces.com/tpci/ASR/ASR_084_R_PT.png;https://limitlesstcg.com/cards/pt/ASR/84;baixado;
swsh10;swsh10-085;085;Kleavor;https://limitlesstcg.nyc3.cdn.digitaloceanspaces.com/tpci/ASR/ASR_085_R_PT.png;https://limitlesstcg.com/cards/pt/ASR/85;baixado;
swsh10;swsh10-086;086;Kleavor;https://limitlesstcg.nyc3.cdn.digitaloceanspaces.com/tpci/ASR/ASR_086_R_PT.png;https://limitlesstcg.com/cards/pt/ASR/86;baixado;
swsh10;swsh10-087;087;Kleavor V;https://limitlesstcg.nyc3.cdn.digitaloceanspaces.com/tpci/ASR/ASR_087_R_PT.png;https://limitlesstcg.com/cards/pt/ASR/87;baixado;
swsh10;swsh10-088;088;Qwilfish de Hisui;https://limitlesstcg.nyc3.cdn.digitaloceanspaces.com/tpci/ASR/ASR_088_R_PT.png;https://limitlesstcg.com/cards/pt/ASR/88;baixado;
swsh10;swsh10-089;089;Qwilfish de Hisui;https://limitlesstcg.nyc3.cdn.digitaloceanspaces.com/tpci/ASR/ASR_089_R_PT.png;https://limitlesstcg.com/cards/pt/ASR/89;baixado;
swsh10;swsh10-090;090;Overqwil de Hisui;https://limitlesstcg.nyc3.cdn.digitaloceanspaces.com/tpci/ASR/ASR_090_R_PT.png;https://limitlesstcg.com/cards/pt/ASR/90;baixado;
swsh10;swsh10-091;091;Overqwil de Hisui;https://limitlesstcg.nyc3.cdn.digitaloceanspaces.com/tpci/ASR/ASR_091_R_PT.png;https://limitlesstcg.com/cards/pt/ASR/91;baixado;
swsh10;swsh10-092;092;Sneasel de Hisui;https://limitlesstcg.nyc3.cdn.digitaloceanspaces.com/tpci/ASR/ASR_092_R_PT.png;https://limitlesstcg.com/cards/pt/ASR/92;baixado;
swsh10;swsh10-093;093;Sneasler de Hisui;https://limitlesstcg.nyc3.cdn.digitaloceanspaces.com/tpci/ASR/ASR_093_R_PT.png;https://limitlesstcg.com/cards/pt/ASR/93;baixado;
swsh10;swsh10-094;094;Sneasler de Hisui V;https://limitlesstcg.nyc3.cdn.digitaloceanspaces.com/tpci/ASR/ASR_094_R_PT.png;https://limitlesstcg.com/cards/pt/ASR/94;baixado;
swsh10;swsh10-095;095;Poochyena;https://limitlesstcg.nyc3.cdn.digitaloceanspaces.com/tpci/ASR/ASR_095_R_PT.png;https://limitlesstcg.com/cards/pt/ASR/95;baixado;
swsh10;swsh10-096;096;Mightyena;https://limitlesstcg.nyc3.cdn.digitaloceanspaces.com/tpci/ASR/ASR_096_R_PT.png;https://limitlesstcg.com/cards/pt/ASR/96;baixado;
swsh10;swsh10-097;097;Absol;https://limitlesstcg.nyc3.cdn.digitaloceanspaces.com/tpci/ASR/ASR_097_R_PT.png;https://limitlesstcg.com/cards/pt/ASR/97;baixado;
swsh10;swsh10-098;098;Darkrai V;https://limitlesstcg.nyc3.cdn.digitaloceanspaces.com/tpci/ASR/ASR_098_R_PT.png;https://limitlesstcg.com/cards/pt/ASR/98;baixado;
swsh10;swsh10-099;099;Darkrai V-ASTRO;https://limitlesstcg.nyc3.cdn.digitaloceanspaces.com/tpci/ASR/ASR_099_R_PT.png;https://limitlesstcg.com/cards/pt/ASR/99;baixado;
swsh10;swsh10-100;100;Samurott de Hisui;https://limitlesstcg.nyc3.cdn.digitaloceanspaces.com/tpci/ASR/ASR_100_R_PT.png;https://limitlesstcg.com/cards/pt/ASR/100;baixado;
swsh10;swsh10-101;101;Samurott de Hisui V;https://limitlesstcg.nyc3.cdn.digitaloceanspaces.com/tpci/ASR/ASR_101_R_PT.png;https://limitlesstcg.com/cards/pt/ASR/101;baixado;
swsh10;swsh10-102;102;Samurott de Hisui V-ASTRO;https://limitlesstcg.nyc3.cdn.digitaloceanspaces.com/tpci/ASR/ASR_102_R_PT.png;https://limitlesstcg.com/cards/pt/ASR/102;baixado;
swsh10;swsh10-103;103;Nickit;https://limitlesstcg.nyc3.cdn.digitaloceanspaces.com/tpci/ASR/ASR_103_R_PT.png;https://limitlesstcg.com/cards/pt/ASR/103;baixado;
swsh10;swsh10-104;104;Thievul;https://limitlesstcg.nyc3.cdn.digitaloceanspaces.com/tpci/ASR/ASR_104_R_PT.png;https://limitlesstcg.com/cards/pt/ASR/104;baixado;
swsh10;swsh10-105;105;Magnemite;https://limitlesstcg.nyc3.cdn.digitaloceanspaces.com/tpci/ASR/ASR_105_R_PT.png;https://limitlesstcg.com/cards/pt/ASR/105;baixado;
swsh10;swsh10-106;106;Magneton;https://limitlesstcg.nyc3.cdn.digitaloceanspaces.com/tpci/ASR/ASR_106_R_PT.png;https://limitlesstcg.com/cards/pt/ASR/106;baixado;
swsh10;swsh10-107;107;Magnezone;https://limitlesstcg.nyc3.cdn.digitaloceanspaces.com/tpci/ASR/ASR_107_R_PT.png;https://limitlesstcg.com/cards/pt/ASR/107;baixado;
swsh10;swsh10-108;108;Registeel;https://limitlesstcg.nyc3.cdn.digitaloceanspaces.com/tpci/ASR/ASR_108_R_PT.png;https://limitlesstcg.com/cards/pt/ASR/108;baixado;
swsh10;swsh10-109;109;Shieldon;https://limitlesstcg.nyc3.cdn.digitaloceanspaces.com/tpci/ASR/ASR_109_R_PT.png;https://limitlesstcg.com/cards/pt/ASR/109;baixado;
swsh10;swsh10-110;110;Bastiodon;https://limitlesstcg.nyc3.cdn.digitaloceanspaces.com/tpci/ASR/ASR_110_R_PT.png;https://limitlesstcg.com/cards/pt/ASR/110;baixado;
swsh10;swsh10-111;111;Bronzor;https://limitlesstcg.nyc3.cdn.digitaloceanspaces.com/tpci/ASR/ASR_111_R_PT.png;https://limitlesstcg.com/cards/pt/ASR/111;baixado;
swsh10;swsh10-112;112;Bronzong;https://limitlesstcg.nyc3.cdn.digitaloceanspaces.com/tpci/ASR/ASR_112_R_PT.png;https://limitlesstcg.com/cards/pt/ASR/112;baixado;
swsh10;swsh10-113;113;Dialga Forma Origem V;https://limitlesstcg.nyc3.cdn.digitaloceanspaces.com/tpci/ASR/ASR_113_R_PT.png;https://limitlesstcg.com/cards/pt/ASR/113;baixado;
swsh10;swsh10-114;114;Dialga Forma Origem V-ASTRO;https://limitlesstcg.nyc3.cdn.digitaloceanspaces.com/tpci/ASR/ASR_114_R_PT.png;https://limitlesstcg.com/cards/pt/ASR/114;baixado;
swsh10;swsh10-115;115;Pawniard;https://limitlesstcg.nyc3.cdn.digitaloceanspaces.com/tpci/ASR/ASR_115_R_PT.png;https://limitlesstcg.com/cards/pt/ASR/115;baixado;
swsh10;swsh10-116;116;Bisharp;https://limitlesstcg.nyc3.cdn.digitaloceanspaces.com/tpci/ASR/ASR_116_R_PT.png;https://limitlesstcg.com/cards/pt/ASR/116;baixado;
swsh10;swsh10-117;117;Garchomp V;https://limitlesstcg.nyc3.cdn.digitaloceanspaces.com/tpci/ASR/ASR_117_R_PT.png;https://limitlesstcg.com/cards/pt/ASR/117;baixado;
swsh10;swsh10-118;118;Regidrago;https://limitlesstcg.nyc3.cdn.digitaloceanspaces.com/tpci/ASR/ASR_118_R_PT.png;https://limitlesstcg.com/cards/pt/ASR/118;baixado;
swsh10;swsh10-119;119;Eevee;https://limitlesstcg.nyc3.cdn.digitaloceanspaces.com/tpci/ASR/ASR_119_R_PT.png;https://limitlesstcg.com/cards/pt/ASR/119;baixado;
swsh10;swsh10-120;120;Hoothoot;https://limitlesstcg.nyc3.cdn.digitaloceanspaces.com/tpci/ASR/ASR_120_R_PT.png;https://limitlesstcg.com/cards/pt/ASR/120;baixado;
swsh10;swsh10-121;121;Noctowl;https://limitlesstcg.nyc3.cdn.digitaloceanspaces.com/tpci/ASR/ASR_121_R_PT.png;https://limitlesstcg.com/cards/pt/ASR/121;baixado;
swsh10;swsh10-122;122;Teddiursa;https://limitlesstcg.nyc3.cdn.digitaloceanspaces.com/tpci/ASR/ASR_122_R_PT.png;https://limitlesstcg.com/cards/pt/ASR/122;baixado;
swsh10;swsh10-123;123;Ursaring;https://limitlesstcg.nyc3.cdn.digitaloceanspaces.com/tpci/ASR/ASR_123_R_PT.png;https://limitlesstcg.com/cards/pt/ASR/123;baixado;
swsh10;swsh10-124;124;Ursaluna;https://limitlesstcg.nyc3.cdn.digitaloceanspaces.com/tpci/ASR/ASR_124_R_PT.png;https://limitlesstcg.com/cards/pt/ASR/124;baixado;
swsh10;swsh10-125;125;Stantler;https://limitlesstcg.nyc3.cdn.digitaloceanspaces.com/tpci/ASR/ASR_125_R_PT.png;https://limitlesstcg.com/cards/pt/ASR/125;baixado;
swsh10;swsh10-126;126;Miltank;https://limitlesstcg.nyc3.cdn.digitaloceanspaces.com/tpci/ASR/ASR_126_R_PT.png;https://limitlesstcg.com/cards/pt/ASR/126;baixado;
swsh10;swsh10-127;127;Glameow;https://limitlesstcg.nyc3.cdn.digitaloceanspaces.com/tpci/ASR/ASR_127_R_PT.png;https://limitlesstcg.com/cards/pt/ASR/127;baixado;
swsh10;swsh10-128;128;Purugly;https://limitlesstcg.nyc3.cdn.digitaloceanspaces.com/tpci/ASR/ASR_128_R_PT.png;https://limitlesstcg.com/cards/pt/ASR/128;baixado;
swsh10;swsh10-129;129;Chatot;https://limitlesstcg.nyc3.cdn.digitaloceanspaces.com/tpci/ASR/ASR_129_R_PT.png;https://limitlesstcg.com/cards/pt/ASR/129;baixado;
swsh10;swsh10-130;130;Regigigas;https://limitlesstcg.nyc3.cdn.digitaloceanspaces.com/tpci/ASR/ASR_130_R_PT.png;https://limitlesstcg.com/cards/pt/ASR/130;baixado;
swsh10;swsh10-131;131;Rufflet;https://limitlesstcg.nyc3.cdn.digitaloceanspaces.com/tpci/ASR/ASR_131_R_PT.png;https://limitlesstcg.com/cards/pt/ASR/131;baixado;
swsh10;swsh10-132;132;Braviary de Hisui;https://limitlesstcg.nyc3.cdn.digitaloceanspaces.com/tpci/ASR/ASR_132_R_PT.png;https://limitlesstcg.com/cards/pt/ASR/132;baixado;
swsh10;swsh10-133;133;Oranguru V;https://limitlesstcg.nyc3.cdn.digitaloceanspaces.com/tpci/ASR/ASR_133_R_PT.png;https://limitlesstcg.com/cards/pt/ASR/133;baixado;
swsh10;swsh10-134;134;Wyrdeer V;https://limitlesstcg.nyc3.cdn.digitaloceanspaces.com/tpci/ASR/ASR_134_R_PT.png;https://limitlesstcg.com/cards/pt/ASR/134;baixado;
swsh10;swsh10-135;135;Ádamo;https://limitlesstcg.nyc3.cdn.digitaloceanspaces.com/tpci/ASR/ASR_135_R_PT.png;https://limitlesstcg.com/cards/pt/ASR/135;baixado;
swsh10;swsh10-136;136;Colônia Anuladora;https://limitlesstcg.nyc3.cdn.digitaloceanspaces.com/tpci/ASR/ASR_136_R_PT.png;https://limitlesstcg.com/cards/pt/ASR/136;baixado;
swsh10;swsh10-137;137;Choi;https://limitlesstcg.nyc3.cdn.digitaloceanspaces.com/tpci/ASR/ASR_137_R_PT.png;https://limitlesstcg.com/cards/pt/ASR/137;baixado;
swsh10;swsh10-138;138;Cilene;https://limitlesstcg.nyc3.cdn.digitaloceanspaces.com/tpci/ASR/ASR_138_R_PT.png;https://limitlesstcg.com/cards/pt/ASR/138;baixado;
swsh10;swsh10-139;139;Fragmento Sombrio;https://limitlesstcg.nyc3.cdn.digitaloceanspaces.com/tpci/ASR/ASR_139_R_PT.png;https://limitlesstcg.com/cards/pt/ASR/139;baixado;
swsh10;swsh10-140;140;Loto Energia;https://limitlesstcg.nyc3.cdn.digitaloceanspaces.com/tpci/ASR/ASR_140_R_PT.png;https://limitlesstcg.com/cards/pt/ASR/140;baixado;
swsh10;swsh10-141;141;Bola de Penas;https://limitlesstcg.nyc3.cdn.digitaloceanspaces.com/tpci/ASR/ASR_141_R_PT.png;https://limitlesstcg.com/cards/pt/ASR/141;baixado;
swsh10;swsh10-142;142;Brejo Gapejaw;https://limitlesstcg.nyc3.cdn.digitaloceanspaces.com/tpci/ASR/ASR_142_R_PT.png;https://limitlesstcg.com/cards/pt/ASR/142;baixado;
swsh10;swsh10-143;143;Vigor da Gardênia;https://limitlesstcg.nyc3.cdn.digitaloceanspaces.com/tpci/ASR/ASR_143_R_PT.png;https://limitlesstcg.com/cards/pt/ASR/143;baixado;
swsh10;swsh10-144;144;Grant;https://limitlesstcg.nyc3.cdn.digitaloceanspaces.com/tpci/ASR/ASR_144_R_PT.png;https://limitlesstcg.com/cards/pt/ASR/144;baixado;
swsh10;swsh10-145;145;Picareta Corajosa;https://limitlesstcg.nyc3.cdn.digitaloceanspaces.com/tpci/ASR/ASR_145_R_PT.png;https://limitlesstcg.com/cards/pt/ASR/145;baixado;
swsh10;swsh10-146;146;Bola Pesada de Hisui;https://limitlesstcg.nyc3.cdn.digitaloceanspaces.com/tpci/ASR/ASR_146_R_PT.png;https://limitlesstcg.com/cards/pt/ASR/146;baixado;
swsh10;swsh10-147;147;Irida;https://limitlesstcg.nyc3.cdn.digitaloceanspaces.com/tpci/ASR/ASR_147_R_PT.png;https://limitlesstcg.com/cards/pt/ASR/147;baixado;
swsh10;swsh10-148;148;Vilarejo de Jubilife;https://limitlesstcg.nyc3.cdn.digitaloceanspaces.com/tpci/ASR/ASR_148_R_PT.png;https://limitlesstcg.com/cards/pt/ASR/148;baixado;
swsh10;swsh10-149;149;Sorbus;https://limitlesstcg.nyc3.cdn.digitaloceanspaces.com/tpci/ASR/ASR_149_R_PT.png;https://limitlesstcg.com/cards/pt/ASR/149;baixado;
swsh10;swsh10-150;150;Roxanne;https://limitlesstcg.nyc3.cdn.digitaloceanspaces.com/tpci/ASR/ASR_150_R_PT.png;https://limitlesstcg.com/cards/pt/ASR/150;baixado;
swsh10;swsh10-151;151;Curry Temperado e Apimentado;https://limitlesstcg.nyc3.cdn.digitaloceanspaces.com/tpci/ASR/ASR_151_R_PT.png;https://limitlesstcg.com/cards/pt/ASR/151;baixado;
swsh10;swsh10-152;152;Óculos Supereficazes;https://limitlesstcg.nyc3.cdn.digitaloceanspaces.com/tpci/ASR/ASR_152_R_PT.png;https://limitlesstcg.com/cards/pt/ASR/152;baixado;
swsh10;swsh10-153;153;Mel Doce;https://limitlesstcg.nyc3.cdn.digitaloceanspaces.com/tpci/ASR/ASR_153_R_PT.png;https://limitlesstcg.com/cards/pt/ASR/153;baixado;
swsh10;swsh10-154;154;Carrinho de Substituição;https://limitlesstcg.nyc3.cdn.digitaloceanspaces.com/tpci/ASR/ASR_154_R_PT.png;https://limitlesstcg.com/cards/pt/ASR/154;baixado;
swsh10;swsh10-155;155;Templo de Sinnoh;https://limitlesstcg.nyc3.cdn.digitaloceanspaces.com/tpci/ASR/ASR_155_R_PT.png;https://limitlesstcg.com/cards/pt/ASR/155;baixado;
swsh10;swsh10-156;156;Tênis de Caminhada;https://limitlesstcg.nyc3.cdn.digitaloceanspaces.com/tpci/ASR/ASR_156_R_PT.png;https://limitlesstcg.com/cards/pt/ASR/156;baixado;
swsh10;swsh10-157;157;Fóssil Não Identificado;https://limitlesstcg.nyc3.cdn.digitaloceanspaces.com/tpci/ASR/ASR_157_R_PT.png;https://limitlesstcg.com/cards/pt/ASR/157;baixado;
swsh10;swsh10-158;158;Esperar para Ver Turbo;https://limitlesstcg.nyc3.cdn.digitaloceanspaces.com/tpci/ASR/ASR_158_R_PT.png;https://limitlesstcg.com/cards/pt/ASR/158;baixado;
swsh10;swsh10-159;159;Zisu;https://limitlesstcg.nyc3.cdn.digitaloceanspaces.com/tpci/ASR/ASR_159_R_PT.png;https://limitlesstcg.com/cards/pt/ASR/159;baixado;
swsh10;swsh10-160;160;Beedrill V;https://limitlesstcg.nyc3.cdn.digitaloceanspaces.com/tpci/ASR/ASR_160_R_PT.png;https://limitlesstcg.com/cards/pt/ASR/160;baixado;
swsh10;swsh10-161;161;Beedrill V;https://limitlesstcg.nyc3.cdn.digitaloceanspaces.com/tpci/ASR/ASR_161_R_PT.png;https://limitlesstcg.com/cards/pt/ASR/161;baixado;
swsh10;swsh10-162;162;Lilligant de Hisui V;https://limitlesstcg.nyc3.cdn.digitaloceanspaces.com/tpci/ASR/ASR_162_R_PT.png;https://limitlesstcg.com/cards/pt/ASR/162;baixado;
swsh10;swsh10-163;163;Lilligant de Hisui V;https://limitlesstcg.nyc3.cdn.digitaloceanspaces.com/tpci/ASR/ASR_163_R_PT.png;https://limitlesstcg.com/cards/pt/ASR/163;baixado;
swsh10;swsh10-164;164;Virizion V;;;sem_correspondencia;
swsh10;swsh10-165;165;Heatran V;https://limitlesstcg.nyc3.cdn.digitaloceanspaces.com/tpci/ASR/ASR_165_R_PT.png;https://limitlesstcg.com/cards/pt/ASR/165;baixado;
swsh10;swsh10-166;166;Starmie V;https://limitlesstcg.nyc3.cdn.digitaloceanspaces.com/tpci/ASR/ASR_166_R_PT.png;https://limitlesstcg.com/cards/pt/ASR/166;baixado;
swsh10;swsh10-167;167;Palkia Forma Origem V;https://limitlesstcg.nyc3.cdn.digitaloceanspaces.com/tpci/ASR/ASR_167_R_PT.png;https://limitlesstcg.com/cards/pt/ASR/167;baixado;
swsh10;swsh10-168;168;Luxray V;https://limitlesstcg.nyc3.cdn.digitaloceanspaces.com/tpci/ASR/ASR_168_R_PT.png;https://limitlesstcg.com/cards/pt/ASR/168;baixado;
swsh10;swsh10-169;169;Typhlosion de Hisui V;https://limitlesstcg.nyc3.cdn.digitaloceanspaces.com/tpci/ASR/ASR_169_R_PT.png;https://limitlesstcg.com/cards/pt/ASR/169;baixado;
swsh10;swsh10-170;170;Jirachi V;;;sem_correspondencia;
swsh10;swsh10-171;171;Machamp V;https://limitlesstcg.nyc3.cdn.digitaloceanspaces.com/tpci/ASR/ASR_171_R_PT.png;https://limitlesstcg.com/cards/pt/ASR/171;baixado;
swsh10;swsh10-172;172;Machamp V;https://limitlesstcg.nyc3.cdn.digitaloceanspaces.com/tpci/ASR/ASR_172_R_PT.png;https://limitlesstcg.com/cards/pt/ASR/172;baixado;
swsh10;swsh10-173;173;Decidueye de Hisui V;https://limitlesstcg.nyc3.cdn.digitaloceanspaces.com/tpci/ASR/ASR_173_R_PT.png;https://limitlesstcg.com/cards/pt/ASR/173;baixado;
swsh10;swsh10-174;174;Sneasler de Hisui V;https://limitlesstcg.nyc3.cdn.digitaloceanspaces.com/tpci/ASR/ASR_174_R_PT.png;https://limitlesstcg.com/cards/pt/ASR/174;baixado;
swsh10;swsh10-175;175;Sneasler de Hisui V;https://limitlesstcg.nyc3.cdn.digitaloceanspaces.com/tpci/ASR/ASR_175_R_PT.png;https://limitlesstcg.com/cards/pt/ASR/175;baixado;
swsh10;swsh10-176;176;Samurott de Hisui V;https://limitlesstcg.nyc3.cdn.digitaloceanspaces.com/tpci/ASR/ASR_176_R_PT.png;https://limitlesstcg.com/cards/pt/ASR/176;baixado;
swsh10;swsh10-177;177;Dialga Forma Origem V;https://limitlesstcg.nyc3.cdn.digitaloceanspaces.com/tpci/ASR/ASR_177_R_PT.png;https://limitlesstcg.com/cards/pt/ASR/177;baixado;
swsh10;swsh10-178;178;Garchomp V;https://limitlesstcg.nyc3.cdn.digitaloceanspaces.com/tpci/ASR/ASR_178_R_PT.png;https://limitlesstcg.com/cards/pt/ASR/178;baixado;
swsh10;swsh10-179;179;Oranguru V;https://limitlesstcg.nyc3.cdn.digitaloceanspaces.com/tpci/ASR/ASR_179_R_PT.png;https://limitlesstcg.com/cards/pt/ASR/179;baixado;
swsh10;swsh10-180;180;Wyrdeer V;https://limitlesstcg.nyc3.cdn.digitaloceanspaces.com/tpci/ASR/ASR_180_R_PT.png;https://limitlesstcg.com/cards/pt/ASR/180;baixado;
swsh10;swsh10-181;181;Ádamo;https://limitlesstcg.nyc3.cdn.digitaloceanspaces.com/tpci/ASR/ASR_181_R_PT.png;https://limitlesstcg.com/cards/pt/ASR/181;baixado;
swsh10;swsh10-182;182;Choi;https://limitlesstcg.nyc3.cdn.digitaloceanspaces.com/tpci/ASR/ASR_182_R_PT.png;https://limitlesstcg.com/cards/pt/ASR/182;baixado;
swsh10;swsh10-183;183;Cilene;https://limitlesstcg.nyc3.cdn.digitaloceanspaces.com/tpci/ASR/ASR_183_R_PT.png;https://limitlesstcg.com/cards/pt/ASR/183;baixado;
swsh10;swsh10-184;184;Vigor da Gardênia;https://limitlesstcg.nyc3.cdn.digitaloceanspaces.com/tpci/ASR/ASR_184_R_PT.png;https://limitlesstcg.com/cards/pt/ASR/184;baixado;
swsh10;swsh10-185;185;Grant;https://limitlesstcg.nyc3.cdn.digitaloceanspaces.com/tpci/ASR/ASR_185_R_PT.png;https://limitlesstcg.com/cards/pt/ASR/185;baixado;
swsh10;swsh10-186;186;Irida;https://limitlesstcg.nyc3.cdn.digitaloceanspaces.com/tpci/ASR/ASR_186_R_PT.png;https://limitlesstcg.com/cards/pt/ASR/186;baixado;
swsh10;swsh10-187;187;Sorbus;https://limitlesstcg.nyc3.cdn.digitaloceanspaces.com/tpci/ASR/ASR_187_R_PT.png;https://limitlesstcg.com/cards/pt/ASR/187;baixado;
swsh10;swsh10-188;188;Roxanne;https://limitlesstcg.nyc3.cdn.digitaloceanspaces.com/tpci/ASR/ASR_188_R_PT.png;https://limitlesstcg.com/cards/pt/ASR/188;baixado;
swsh10;swsh10-189;189;Zisu;https://limitlesstcg.nyc3.cdn.digitaloceanspaces.com/tpci/ASR/ASR_189_R_PT.png;https://limitlesstcg.com/cards/pt/ASR/189;baixado;
swsh10;swsh10-190;190;Lilligant de Hisui V-ASTRO;https://limitlesstcg.nyc3.cdn.digitaloceanspaces.com/tpci/ASR/ASR_190_R_PT.png;https://limitlesstcg.com/cards/pt/ASR/190;baixado;
swsh10;swsh10-191;191;Heatran VMAX;https://limitlesstcg.nyc3.cdn.digitaloceanspaces.com/tpci/ASR/ASR_191_R_PT.png;https://limitlesstcg.com/cards/pt/ASR/191;baixado;
swsh10;swsh10-192;192;Palkia Forma Origem V-ASTRO;https://limitlesstcg.nyc3.cdn.digitaloceanspaces.com/tpci/ASR/ASR_192_R_PT.png;https://limitlesstcg.com/cards/pt/ASR/192;baixado;
swsh10;swsh10-193;193;Typhlosion de Hisui V-ASTRO;https://limitlesstcg.nyc3.cdn.digitaloceanspaces.com/tpci/ASR/ASR_193_R_PT.png;https://limitlesstcg.com/cards/pt/ASR/193;baixado;
swsh10;swsh10-194;194;Machamp VMAX;https://limitlesstcg.nyc3.cdn.digitaloceanspaces.com/tpci/ASR/ASR_194_R_PT.png;https://limitlesstcg.com/cards/pt/ASR/194;baixado;
swsh10;swsh10-195;195;Decidueye de Hisui V-ASTRO;https://limitlesstcg.nyc3.cdn.digitaloceanspaces.com/tpci/ASR/ASR_195_R_PT.png;https://limitlesstcg.com/cards/pt/ASR/195;baixado;
swsh10;swsh10-196;196;Kleavor V-ASTRO;;;sem_correspondencia;
swsh10;swsh10-197;197;Samurott de Hisui V-ASTRO;https://limitlesstcg.nyc3.cdn.digitaloceanspaces.com/tpci/ASR/ASR_197_R_PT.png;https://limitlesstcg.com/cards/pt/ASR/197;baixado;
swsh10;swsh10-198;198;Dialga Forma Origem V-ASTRO;https://limitlesstcg.nyc3.cdn.digitaloceanspaces.com/tpci/ASR/ASR_198_R_PT.png;https://limitlesstcg.com/cards/pt/ASR/198;baixado;
swsh10;swsh10-199;199;Ádamo;https://limitlesstcg.nyc3.cdn.digitaloceanspaces.com/tpci/ASR/ASR_199_R_PT.png;https://limitlesstcg.com/cards/pt/ASR/199;baixado;
swsh10;swsh10-200;200;Choi;https://limitlesstcg.nyc3.cdn.digitaloceanspaces.com/tpci/ASR/ASR_200_R_PT.png;https://limitlesstcg.com/cards/pt/ASR/200;baixado;
swsh10;swsh10-201;201;Cilene;https://limitlesstcg.nyc3.cdn.digitaloceanspaces.com/tpci/ASR/ASR_201_R_PT.png;https://limitlesstcg.com/cards/pt/ASR/201;baixado;
swsh10;swsh10-202;202;Vigor da Gardênia;https://limitlesstcg.nyc3.cdn.digitaloceanspaces.com/tpci/ASR/ASR_202_R_PT.png;https://limitlesstcg.com/cards/pt/ASR/202;baixado;
swsh10;swsh10-203;203;Grant;https://limitlesstcg.nyc3.cdn.digitaloceanspaces.com/tpci/ASR/ASR_203_R_PT.png;https://limitlesstcg.com/cards/pt/ASR/203;baixado;
swsh10;swsh10-204;204;Irida;https://limitlesstcg.nyc3.cdn.digitaloceanspaces.com/tpci/ASR/ASR_204_R_PT.png;https://limitlesstcg.com/cards/pt/ASR/204;baixado;
swsh10;swsh10-205;205;Sorbus;https://limitlesstcg.nyc3.cdn.digitaloceanspaces.com/tpci/ASR/ASR_205_R_PT.png;https://limitlesstcg.com/cards/pt/ASR/205;baixado;
swsh10;swsh10-206;206;Roxanne;https://limitlesstcg.nyc3.cdn.digitaloceanspaces.com/tpci/ASR/ASR_206_R_PT.png;https://limitlesstcg.com/cards/pt/ASR/206;baixado;
swsh10;swsh10-207;207;Zisu;https://limitlesstcg.nyc3.cdn.digitaloceanspaces.com/tpci/ASR/ASR_207_R_PT.png;https://limitlesstcg.com/cards/pt/ASR/207;baixado;
swsh10;swsh10-208;208;Palkia Forma Origem V-ASTRO;https://limitlesstcg.nyc3.cdn.digitaloceanspaces.com/tpci/ASR/ASR_208_R_PT.png;https://limitlesstcg.com/cards/pt/ASR/208;baixado;
swsh10;swsh10-209;209;Samurott de Hisui V-ASTRO;https://limitlesstcg.nyc3.cdn.digitaloceanspaces.com/tpci/ASR/ASR_209_R_PT.png;https://limitlesstcg.com/cards/pt/ASR/209;baixado;
swsh10;swsh10-210;210;Dialga Forma Origem V-ASTRO;https://limitlesstcg.nyc3.cdn.digitaloceanspaces.com/tpci/ASR/ASR_210_R_PT.png;https://limitlesstcg.com/cards/pt/ASR/210;baixado;
swsh10;swsh10-211;211;Cinturão da Escolha;https://limitlesstcg.nyc3.cdn.digitaloceanspaces.com/tpci/ASR/ASR_211_R_PT.png;https://limitlesstcg.com/cards/pt/ASR/211;baixado;
swsh10;swsh10-212;212;Vilarejo de Jubilife;https://limitlesstcg.nyc3.cdn.digitaloceanspaces.com/tpci/ASR/ASR_212_R_PT.png;https://limitlesstcg.com/cards/pt/ASR/212;baixado;
swsh10;swsh10-213;213;Trilha para o Cume;https://limitlesstcg.nyc3.cdn.digitaloceanspaces.com/tpci/ASR/ASR_213_R_PT.png;https://limitlesstcg.com/cards/pt/ASR/213;baixado;
swsh10;swsh10-214;214;Templo de Sinnoh;https://limitlesstcg.nyc3.cdn.digitaloceanspaces.com/tpci/ASR/ASR_214_R_PT.png;https://limitlesstcg.com/cards/pt/ASR/214;baixado;
swsh10;swsh10-215;215;Tênis de Caminhada;https://limitlesstcg.nyc3.cdn.digitaloceanspaces.com/tpci/ASR/ASR_215_R_PT.png;https://limitlesstcg.com/cards/pt/ASR/215;baixado;
swsh10;swsh10-216;216;Energia Turbo Dupla;https://limitlesstcg.nyc3.cdn.digitaloceanspaces.com/tpci/ASR/ASR_216_R_PT.png;https://limitlesstcg.com/cards/pt/ASR/216;baixado;
swsh10.5;swsh10.5-001;001;Bulbasaur;https://limitlesstcg.nyc3.cdn.digitaloceanspaces.com/tpci/PGO/PGO_001_R_PT.png;https://limitlesstcg.com/cards/pt/PGO/1;baixado;
swsh10.5;swsh10.5-002;002;Ivysaur;https://limitlesstcg.nyc3.cdn.digitaloceanspaces.com/tpci/PGO/PGO_002_R_PT.png;https://limitlesstcg.com/cards/pt/PGO/2;baixado;
swsh10.5;swsh10.5-003;003;Venusaur;https://limitlesstcg.nyc3.cdn.digitaloceanspaces.com/tpci/PGO/PGO_003_R_PT.png;https://limitlesstcg.com/cards/pt/PGO/3;baixado;
swsh10.5;swsh10.5-004;004;Venusaur Radiante;https://limitlesstcg.nyc3.cdn.digitaloceanspaces.com/tpci/PGO/PGO_004_R_PT.png;https://limitlesstcg.com/cards/pt/PGO/4;baixado;
swsh10.5;swsh10.5-005;005;Exeggutor de Alola V;https://limitlesstcg.nyc3.cdn.digitaloceanspaces.com/tpci/PGO/PGO_005_R_PT.png;https://limitlesstcg.com/cards/pt/PGO/5;baixado;
swsh10.5;swsh10.5-006;006;Spinarak;https://limitlesstcg.nyc3.cdn.digitaloceanspaces.com/tpci/PGO/PGO_006_R_PT.png;https://limitlesstcg.com/cards/pt/PGO/6;baixado;
swsh10.5;swsh10.5-007;007;Ariados;https://limitlesstcg.nyc3.cdn.digitaloceanspaces.com/tpci/PGO/PGO_007_R_PT.png;https://limitlesstcg.com/cards/pt/PGO/7;baixado;
swsh10.5;swsh10.5-008;008;Charmander;https://limitlesstcg.nyc3.cdn.digitaloceanspaces.com/tpci/PGO/PGO_008_R_PT.png;https://limitlesstcg.com/cards/pt/PGO/8;baixado;
swsh10.5;swsh10.5-009;009;Charmeleon;https://limitlesstcg.nyc3.cdn.digitaloceanspaces.com/tpci/PGO/PGO_009_R_PT.png;https://limitlesstcg.com/cards/pt/PGO/9;baixado;
swsh10.5;swsh10.5-010;010;Charizard;https://limitlesstcg.nyc3.cdn.digitaloceanspaces.com/tpci/PGO/PGO_010_R_PT.png;https://limitlesstcg.com/cards/pt/PGO/10;baixado;
swsh10.5;swsh10.5-011;011;Charizard Radiante;https://limitlesstcg.nyc3.cdn.digitaloceanspaces.com/tpci/PGO/PGO_011_R_PT.png;https://limitlesstcg.com/cards/pt/PGO/11;baixado;
swsh10.5;swsh10.5-012;012;Moltres;https://limitlesstcg.nyc3.cdn.digitaloceanspaces.com/tpci/PGO/PGO_012_R_PT.png;https://limitlesstcg.com/cards/pt/PGO/12;baixado;
swsh10.5;swsh10.5-013;013;Numel;https://limitlesstcg.nyc3.cdn.digitaloceanspaces.com/tpci/PGO/PGO_013_R_PT.png;https://limitlesstcg.com/cards/pt/PGO/13;baixado;
swsh10.5;swsh10.5-014;014;Camerupt;https://limitlesstcg.nyc3.cdn.digitaloceanspaces.com/tpci/PGO/PGO_014_R_PT.png;https://limitlesstcg.com/cards/pt/PGO/14;baixado;
swsh10.5;swsh10.5-015;015;Squirtle;https://limitlesstcg.nyc3.cdn.digitaloceanspaces.com/tpci/PGO/PGO_015_R_PT.png;https://limitlesstcg.com/cards/pt/PGO/15;baixado;
swsh10.5;swsh10.5-016;016;Wartortle;https://limitlesstcg.nyc3.cdn.digitaloceanspaces.com/tpci/PGO/PGO_016_R_PT.png;https://limitlesstcg.com/cards/pt/PGO/16;baixado;
swsh10.5;swsh10.5-017;017;Blastoise;https://limitlesstcg.nyc3.cdn.digitaloceanspaces.com/tpci/PGO/PGO_017_R_PT.png;https://limitlesstcg.com/cards/pt/PGO/17;baixado;
swsh10.5;swsh10.5-018;018;Blastoise Radiante;https://limitlesstcg.nyc3.cdn.digitaloceanspaces.com/tpci/PGO/PGO_018_R_PT.png;https://limitlesstcg.com/cards/pt/PGO/18;baixado;
swsh10.5;swsh10.5-019;019;Slowpoke;https://limitlesstcg.nyc3.cdn.digitaloceanspaces.com/tpci/PGO/PGO_019_R_PT.png;https://limitlesstcg.com/cards/pt/PGO/19;baixado;
swsh10.5;swsh10.5-020;020;Slowbro;https://limitlesstcg.nyc3.cdn.digitaloceanspaces.com/tpci/PGO/PGO_020_R_PT.png;https://limitlesstcg.com/cards/pt/PGO/20;baixado;
swsh10.5;swsh10.5-021;021;Magikarp;https://limitlesstcg.nyc3.cdn.digitaloceanspaces.com/tpci/PGO/PGO_021_R_PT.png;https://limitlesstcg.com/cards/pt/PGO/21;baixado;
swsh10.5;swsh10.5-022;022;Gyarados;https://limitlesstcg.nyc3.cdn.digitaloceanspaces.com/tpci/PGO/PGO_022_R_PT.png;https://limitlesstcg.com/cards/pt/PGO/22;baixado;
swsh10.5;swsh10.5-023;023;Lapras;https://limitlesstcg.nyc3.cdn.digitaloceanspaces.com/tpci/PGO/PGO_023_R_PT.png;https://limitlesstcg.com/cards/pt/PGO/23;baixado;
swsh10.5;swsh10.5-024;024;Articuno;https://limitlesstcg.nyc3.cdn.digitaloceanspaces.com/tpci/PGO/PGO_024_R_PT.png;https://limitlesstcg.com/cards/pt/PGO/24;baixado;
swsh10.5;swsh10.5-025;025;Wimpod;https://limitlesstcg.nyc3.cdn.digitaloceanspaces.com/tpci/PGO/PGO_025_R_PT.png;https://limitlesstcg.com/cards/pt/PGO/25;baixado;
swsh10.5;swsh10.5-026;026;Golisopod;https://limitlesstcg.nyc3.cdn.digitaloceanspaces.com/tpci/PGO/PGO_026_R_PT.png;https://limitlesstcg.com/cards/pt/PGO/26;baixado;
swsh10.5;swsh10.5-027;027;Pikachu;https://limitlesstcg.nyc3.cdn.digitaloceanspaces.com/tpci/PGO/PGO_027_R_PT.png;https://limitlesstcg.com/cards/pt/PGO/27;baixado;
swsh10.5;swsh10.5-028;028;Pikachu;https://limitlesstcg.nyc3.cdn.digitaloceanspaces.com/tpci/PGO/PGO_028_R_PT.png;https://limitlesstcg.com/cards/pt/PGO/28;baixado;
swsh10.5;swsh10.5-029;029;Zapdos;https://limitlesstcg.nyc3.cdn.digitaloceanspaces.com/tpci/PGO/PGO_029_R_PT.png;https://limitlesstcg.com/cards/pt/PGO/29;baixado;
swsh10.5;swsh10.5-030;030;Mewtwo V;https://limitlesstcg.nyc3.cdn.digitaloceanspaces.com/tpci/PGO/PGO_030_R_PT.png;https://limitlesstcg.com/cards/pt/PGO/30;baixado;
swsh10.5;swsh10.5-031;031;Mewtwo V-ASTRO;https://limitlesstcg.nyc3.cdn.digitaloceanspaces.com/tpci/PGO/PGO_031_R_PT.png;https://limitlesstcg.com/cards/pt/PGO/31;baixado;
swsh10.5;swsh10.5-032;032;Natu;https://limitlesstcg.nyc3.cdn.digitaloceanspaces.com/tpci/PGO/PGO_032_R_PT.png;https://limitlesstcg.com/cards/pt/PGO/32;baixado;
swsh10.5;swsh10.5-033;033;Xatu;https://limitlesstcg.nyc3.cdn.digitaloceanspaces.com/tpci/PGO/PGO_033_R_PT.png;https://limitlesstcg.com/cards/pt/PGO/33;baixado;
swsh10.5;swsh10.5-034;034;Lunatone;https://limitlesstcg.nyc3.cdn.digitaloceanspaces.com/tpci/PGO/PGO_034_R_PT.png;https://limitlesstcg.com/cards/pt/PGO/34;baixado;
swsh10.5;swsh10.5-035;035;Sylveon;https://limitlesstcg.nyc3.cdn.digitaloceanspaces.com/tpci/PGO/PGO_035_R_PT.png;https://limitlesstcg.com/cards/pt/PGO/35;baixado;
swsh10.5;swsh10.5-036;036;Onix;https://limitlesstcg.nyc3.cdn.digitaloceanspaces.com/tpci/PGO/PGO_036_R_PT.png;https://limitlesstcg.com/cards/pt/PGO/36;baixado;
swsh10.5;swsh10.5-037;037;Larvitar;https://limitlesstcg.nyc3.cdn.digitaloceanspaces.com/tpci/PGO/PGO_037_R_PT.png;https://limitlesstcg.com/cards/pt/PGO/37;baixado;
swsh10.5;swsh10.5-038;038;Pupitar;https://limitlesstcg.nyc3.cdn.digitaloceanspaces.com/tpci/PGO/PGO_038_R_PT.png;https://limitlesstcg.com/cards/pt/PGO/38;baixado;
swsh10.5;swsh10.5-039;039;Solrock;https://limitlesstcg.nyc3.cdn.digitaloceanspaces.com/tpci/PGO/PGO_039_R_PT.png;https://limitlesstcg.com/cards/pt/PGO/39;baixado;
swsh10.5;swsh10.5-040;040;Conkeldurr V;https://limitlesstcg.nyc3.cdn.digitaloceanspaces.com/tpci/PGO/PGO_040_R_PT.png;https://limitlesstcg.com/cards/pt/PGO/40;baixado;
swsh10.5;swsh10.5-041;041;Rattata de Alola;https://limitlesstcg.nyc3.cdn.digitaloceanspaces.com/tpci/PGO/PGO_041_R_PT.png;https://limitlesstcg.com/cards/pt/PGO/41;baixado;
swsh10.5;swsh10.5-042;042;Raticate de Alola;https://limitlesstcg.nyc3.cdn.digitaloceanspaces.com/tpci/PGO/PGO_042_R_PT.png;https://limitlesstcg.com/cards/pt/PGO/42;baixado;
swsh10.5;swsh10.5-043;043;Tyranitar;https://limitlesstcg.nyc3.cdn.digitaloceanspaces.com/tpci/PGO/PGO_043_R_PT.png;https://limitlesstcg.com/cards/pt/PGO/43;baixado;
swsh10.5;swsh10.5-044;044;Steelix;https://limitlesstcg.nyc3.cdn.digitaloceanspaces.com/tpci/PGO/PGO_044_R_PT.png;https://limitlesstcg.com/cards/pt/PGO/44;baixado;
swsh10.5;swsh10.5-045;045;Meltan;https://limitlesstcg.nyc3.cdn.digitaloceanspaces.com/tpci/PGO/PGO_045_R_PT.png;https://limitlesstcg.com/cards/pt/PGO/45;baixado;
swsh10.5;swsh10.5-046;046;Melmetal;https://limitlesstcg.nyc3.cdn.digitaloceanspaces.com/tpci/PGO/PGO_046_R_PT.png;https://limitlesstcg.com/cards/pt/PGO/46;baixado;
swsh10.5;swsh10.5-047;047;Melmetal V;https://limitlesstcg.nyc3.cdn.digitaloceanspaces.com/tpci/PGO/PGO_047_R_PT.png;https://limitlesstcg.com/cards/pt/PGO/47;baixado;
swsh10.5;swsh10.5-048;048;Melmetal VMAX;https://limitlesstcg.nyc3.cdn.digitaloceanspaces.com/tpci/PGO/PGO_048_R_PT.png;https://limitlesstcg.com/cards/pt/PGO/48;baixado;
swsh10.5;swsh10.5-049;049;Dragonite V;https://limitlesstcg.nyc3.cdn.digitaloceanspaces.com/tpci/PGO/PGO_049_R_PT.png;https://limitlesstcg.com/cards/pt/PGO/49;baixado;
swsh10.5;swsh10.5-050;050;Dragonite V-ASTRO;https://limitlesstcg.nyc3.cdn.digitaloceanspaces.com/tpci/PGO/PGO_050_R_PT.png;https://limitlesstcg.com/cards/pt/PGO/50;baixado;
swsh10.5;swsh10.5-051;051;Chansey;https://limitlesstcg.nyc3.cdn.digitaloceanspaces.com/tpci/PGO/PGO_051_R_PT.png;https://limitlesstcg.com/cards/pt/PGO/51;baixado;
swsh10.5;swsh10.5-052;052;Blissey;https://limitlesstcg.nyc3.cdn.digitaloceanspaces.com/tpci/PGO/PGO_052_R_PT.png;https://limitlesstcg.com/cards/pt/PGO/52;baixado;
swsh10.5;swsh10.5-053;053;Ditto;https://limitlesstcg.nyc3.cdn.digitaloceanspaces.com/tpci/PGO/PGO_053_R_PT.png;https://limitlesstcg.com/cards/pt/PGO/53;baixado;
swsh10.5;swsh10.5-054;054;Eevee;https://limitlesstcg.nyc3.cdn.digitaloceanspaces.com/tpci/PGO/PGO_054_R_PT.png;https://limitlesstcg.com/cards/pt/PGO/54;baixado;
swsh10.5;swsh10.5-055;055;Snorlax;https://limitlesstcg.nyc3.cdn.digitaloceanspaces.com/tpci/PGO/PGO_055_R_PT.png;https://limitlesstcg.com/cards/pt/PGO/55;baixado;
swsh10.5;swsh10.5-056;056;Aipom;https://limitlesstcg.nyc3.cdn.digitaloceanspaces.com/tpci/PGO/PGO_056_R_PT.png;https://limitlesstcg.com/cards/pt/PGO/56;baixado;
swsh10.5;swsh10.5-057;057;Ambipom;https://limitlesstcg.nyc3.cdn.digitaloceanspaces.com/tpci/PGO/PGO_057_R_PT.png;https://limitlesstcg.com/cards/pt/PGO/57;baixado;
swsh10.5;swsh10.5-058;058;Slaking V;https://limitlesstcg.nyc3.cdn.digitaloceanspaces.com/tpci/PGO/PGO_058_R_PT.png;https://limitlesstcg.com/cards/pt/PGO/58;baixado;
swsh10.5;swsh10.5-059;059;Bidoof;https://limitlesstcg.nyc3.cdn.digitaloceanspaces.com/tpci/PGO/PGO_059_R_PT.png;https://limitlesstcg.com/cards/pt/PGO/59;baixado;
swsh10.5;swsh10.5-060;060;Bibarel;https://limitlesstcg.nyc3.cdn.digitaloceanspaces.com/tpci/PGO/PGO_060_R_PT.png;https://limitlesstcg.com/cards/pt/PGO/60;baixado;
swsh10.5;swsh10.5-061;061;Pidove;https://limitlesstcg.nyc3.cdn.digitaloceanspaces.com/tpci/PGO/PGO_061_R_PT.png;https://limitlesstcg.com/cards/pt/PGO/61;baixado;
swsh10.5;swsh10.5-062;062;Tranquill;https://limitlesstcg.nyc3.cdn.digitaloceanspaces.com/tpci/PGO/PGO_062_R_PT.png;https://limitlesstcg.com/cards/pt/PGO/62;baixado;
swsh10.5;swsh10.5-063;063;Unfezant;https://limitlesstcg.nyc3.cdn.digitaloceanspaces.com/tpci/PGO/PGO_063_R_PT.png;https://limitlesstcg.com/cards/pt/PGO/63;baixado;
swsh10.5;swsh10.5-064;064;Blanche;https://limitlesstcg.nyc3.cdn.digitaloceanspaces.com/tpci/PGO/PGO_064_R_PT.png;https://limitlesstcg.com/cards/pt/PGO/64;baixado;
swsh10.5;swsh10.5-065;065;Candela;https://limitlesstcg.nyc3.cdn.digitaloceanspaces.com/tpci/PGO/PGO_065_R_PT.png;https://limitlesstcg.com/cards/pt/PGO/65;baixado;
swsh10.5;swsh10.5-066;066;Incubadora de Ovo;https://limitlesstcg.nyc3.cdn.digitaloceanspaces.com/tpci/PGO/PGO_066_R_PT.png;https://limitlesstcg.com/cards/pt/PGO/66;baixado;
swsh10.5;swsh10.5-067;067;Módulo Atrair;https://limitlesstcg.nyc3.cdn.digitaloceanspaces.com/tpci/PGO/PGO_067_R_PT.png;https://limitlesstcg.com/cards/pt/PGO/67;baixado;
swsh10.5;swsh10.5-068;068;Poképarada;https://limitlesstcg.nyc3.cdn.digitaloceanspaces.com/tpci/PGO/PGO_068_R_PT.png;https://limitlesstcg.com/cards/pt/PGO/68;baixado;
swsh10.5;swsh10.5-069;069;Doce Raro;https://limitlesstcg.nyc3.cdn.digitaloceanspaces.com/tpci/PGO/PGO_069_R_PT.png;https://limitlesstcg.com/cards/pt/PGO/69;baixado;
swsh10.5;swsh10.5-070;070;Spark;https://limitlesstcg.nyc3.cdn.digitaloceanspaces.com/tpci/PGO/PGO_070_R_PT.png;https://limitlesstcg.com/cards/pt/PGO/70;baixado;
swsh10.5;swsh10.5-071;071;Exeggutor de Alola V;https://limitlesstcg.nyc3.cdn.digitaloceanspaces.com/tpci/PGO/PGO_071_R_PT.png;https://limitlesstcg.com/cards/pt/PGO/71;baixado;
swsh10.5;swsh10.5-072;072;Mewtwo V;https://limitlesstcg.nyc3.cdn.digitaloceanspaces.com/tpci/PGO/PGO_072_R_PT.png;https://limitlesstcg.com/cards/pt/PGO/72;baixado;
swsh10.5;swsh10.5-073;073;Conkeldurr V;https://limitlesstcg.nyc3.cdn.digitaloceanspaces.com/tpci/PGO/PGO_073_R_PT.png;https://limitlesstcg.com/cards/pt/PGO/73;baixado;
swsh10.5;swsh10.5-074;074;Conkeldurr V;https://limitlesstcg.nyc3.cdn.digitaloceanspaces.com/tpci/PGO/PGO_074_R_PT.png;https://limitlesstcg.com/cards/pt/PGO/74;baixado;
swsh10.5;swsh10.5-075;075;Melmetal V;https://limitlesstcg.nyc3.cdn.digitaloceanspaces.com/tpci/PGO/PGO_075_R_PT.png;https://limitlesstcg.com/cards/pt/PGO/75;baixado;
swsh10.5;swsh10.5-076;076;Dragonite V;https://limitlesstcg.nyc3.cdn.digitaloceanspaces.com/tpci/PGO/PGO_076_R_PT.png;https://limitlesstcg.com/cards/pt/PGO/76;baixado;
swsh10.5;swsh10.5-077;077;Slaking V;https://limitlesstcg.nyc3.cdn.digitaloceanspaces.com/tpci/PGO/PGO_077_R_PT.png;https://limitlesstcg.com/cards/pt/PGO/77;baixado;
swsh10.5;swsh10.5-078;078;Pesquisa de Professores;https://limitlesstcg.nyc3.cdn.digitaloceanspaces.com/tpci/PGO/PGO_078_R_PT.png;https://limitlesstcg.com/cards/pt/PGO/78;baixado;
swsh10.5;swsh10.5-079;079;Mewtwo V-ASTRO;https://limitlesstcg.nyc3.cdn.digitaloceanspaces.com/tpci/PGO/PGO_079_R_PT.png;https://limitlesstcg.com/cards/pt/PGO/79;baixado;
swsh10.5;swsh10.5-080;080;Melmetal VMAX;https://limitlesstcg.nyc3.cdn.digitaloceanspaces.com/tpci/PGO/PGO_080_R_PT.png;https://limitlesstcg.com/cards/pt/PGO/80;baixado;
swsh10.5;swsh10.5-081;081;Dragonite V-ASTRO;https://limitlesstcg.nyc3.cdn.digitaloceanspaces.com/tpci/PGO/PGO_081_R_PT.png;https://limitlesstcg.com/cards/pt/PGO/81;baixado;
swsh10.5;swsh10.5-082;082;Blanche;https://limitlesstcg.nyc3.cdn.digitaloceanspaces.com/tpci/PGO/PGO_082_R_PT.png;https://limitlesstcg.com/cards/pt/PGO/82;baixado;
swsh10.5;swsh10.5-083;083;Candela;https://limitlesstcg.nyc3.cdn.digitaloceanspaces.com/tpci/PGO/PGO_083_R_PT.png;https://limitlesstcg.com/cards/pt/PGO/83;baixado;
swsh10.5;swsh10.5-084;084;Pesquisa de Professores;https://limitlesstcg.nyc3.cdn.digitaloceanspaces.com/tpci/PGO/PGO_084_R_PT.png;https://limitlesstcg.com/cards/pt/PGO/84;baixado;
swsh10.5;swsh10.5-085;085;Spark;https://limitlesstcg.nyc3.cdn.digitaloceanspaces.com/tpci/PGO/PGO_085_R_PT.png;https://limitlesstcg.com/cards/pt/PGO/85;baixado;
swsh10.5;swsh10.5-086;086;Mewtwo V-ASTRO;https://limitlesstcg.nyc3.cdn.digitaloceanspaces.com/tpci/PGO/PGO_086_R_PT.png;https://limitlesstcg.com/cards/pt/PGO/86;baixado;
swsh10.5;swsh10.5-087;087;Incubadora de Ovo;https://limitlesstcg.nyc3.cdn.digitaloceanspaces.com/tpci/PGO/PGO_087_R_PT.png;https://limitlesstcg.com/cards/pt/PGO/87;baixado;
swsh10.5;swsh10.5-088;088;Módulo Atrair;https://limitlesstcg.nyc3.cdn.digitaloceanspaces.com/tpci/PGO/PGO_088_R_PT.png;https://limitlesstcg.com/cards/pt/PGO/88;baixado;
swsh11tg;swsh11tg-TG01;TG01;Parasect;https://limitlesstcg.nyc3.cdn.digitaloceanspaces.com/tpci/LOR/LOR_TG1_R_PT.png;https://limitlesstcg.com/cards/pt/LOR/TG1;baixado;
swsh11tg;swsh11tg-TG02;TG02;Roserade;https://limitlesstcg.nyc3.cdn.digitaloceanspaces.com/tpci/LOR/LOR_TG2_R_PT.png;https://limitlesstcg.com/cards/pt/LOR/TG2;baixado;
swsh11tg;swsh11tg-TG03;TG03;Charizard;https://limitlesstcg.nyc3.cdn.digitaloceanspaces.com/tpci/LOR/LOR_TG3_R_PT.png;https://limitlesstcg.com/cards/pt/LOR/TG3;baixado;
swsh11tg;swsh11tg-TG04;TG04;Chandelure;https://limitlesstcg.nyc3.cdn.digitaloceanspaces.com/tpci/LOR/LOR_TG4_R_PT.png;https://limitlesstcg.com/cards/pt/LOR/TG4;baixado;
swsh11tg;swsh11tg-TG05;TG05;Pikachu;https://limitlesstcg.nyc3.cdn.digitaloceanspaces.com/tpci/LOR/LOR_TG5_R_PT.png;https://limitlesstcg.com/cards/pt/LOR/TG5;baixado;
swsh11tg;swsh11tg-TG06;TG06;Gengar;https://limitlesstcg.nyc3.cdn.digitaloceanspaces.com/tpci/LOR/LOR_TG6_R_PT.png;https://limitlesstcg.com/cards/pt/LOR/TG6;baixado;
swsh11tg;swsh11tg-TG07;TG07;Banette;https://limitlesstcg.nyc3.cdn.digitaloceanspaces.com/tpci/LOR/LOR_TG7_R_PT.png;https://limitlesstcg.com/cards/pt/LOR/TG7;baixado;
swsh11tg;swsh11tg-TG08;TG08;Arcanine de Hisui;https://limitlesstcg.nyc3.cdn.digitaloceanspaces.com/tpci/LOR/LOR_TG8_R_PT.png;https://limitlesstcg.com/cards/pt/LOR/TG8;baixado;
swsh11tg;swsh11tg-TG09;TG09;Spiritomb;https://limitlesstcg.nyc3.cdn.digitaloceanspaces.com/tpci/LOR/LOR_TG9_R_PT.png;https://limitlesstcg.com/cards/pt/LOR/TG9;baixado;
swsh11tg;swsh11tg-TG10;TG10;Snorlax;https://limitlesstcg.nyc3.cdn.digitaloceanspaces.com/tpci/LOR/LOR_TG10_R_PT.png;https://limitlesstcg.com/cards/pt/LOR/TG10;baixado;
swsh11tg;swsh11tg-TG11;TG11;Castform;https://limitlesstcg.nyc3.cdn.digitaloceanspaces.com/tpci/LOR/LOR_TG11_R_PT.png;https://limitlesstcg.com/cards/pt/LOR/TG11;baixado;
swsh11tg;swsh11tg-TG12;TG12;Orbeetle V;https://limitlesstcg.nyc3.cdn.digitaloceanspaces.com/tpci/LOR/LOR_TG12_R_PT.png;https://limitlesstcg.com/cards/pt/LOR/TG12;baixado;
swsh11tg;swsh11tg-TG13;TG13;Orbeetle VMAX;https://limitlesstcg.nyc3.cdn.digitaloceanspaces.com/tpci/LOR/LOR_TG13_R_PT.png;https://limitlesstcg.com/cards/pt/LOR/TG13;baixado;
swsh11tg;swsh11tg-TG14;TG14;Centiskorch V;https://limitlesstcg.nyc3.cdn.digitaloceanspaces.com/tpci/LOR/LOR_TG14_R_PT.png;https://limitlesstcg.com/cards/pt/LOR/TG14;baixado;
swsh11tg;swsh11tg-TG15;TG15;Centiskorch VMAX;https://limitlesstcg.nyc3.cdn.digitaloceanspaces.com/tpci/LOR/LOR_TG15_R_PT.png;https://limitlesstcg.com/cards/pt/LOR/TG15;baixado;
swsh11tg;swsh11tg-TG16;TG16;Pikachu V;https://limitlesstcg.nyc3.cdn.digitaloceanspaces.com/tpci/LOR/LOR_TG16_R_PT.png;https://limitlesstcg.com/cards/pt/LOR/TG16;baixado;
swsh11tg;swsh11tg-TG17;TG17;Pikachu VMAX;https://limitlesstcg.nyc3.cdn.digitaloceanspaces.com/tpci/LOR/LOR_TG17_R_PT.png;https://limitlesstcg.com/cards/pt/LOR/TG17;baixado;
swsh11tg;swsh11tg-TG18;TG18;Enamorus V;https://limitlesstcg.nyc3.cdn.digitaloceanspaces.com/tpci/LOR/LOR_TG18_R_PT.png;https://limitlesstcg.com/cards/pt/LOR/TG18;baixado;
swsh11tg;swsh11tg-TG19;TG19;Gallade V;https://limitlesstcg.nyc3.cdn.digitaloceanspaces.com/tpci/LOR/LOR_TG19_R_PT.png;https://limitlesstcg.com/cards/pt/LOR/TG19;baixado;
swsh11tg;swsh11tg-TG20;TG20;Crobat V;https://limitlesstcg.nyc3.cdn.digitaloceanspaces.com/tpci/LOR/LOR_TG20_R_PT.png;https://limitlesstcg.com/cards/pt/LOR/TG20;baixado;
swsh11tg;swsh11tg-TG21;TG21;Eternatus V;https://limitlesstcg.nyc3.cdn.digitaloceanspaces.com/tpci/LOR/LOR_TG21_R_PT.png;https://limitlesstcg.com/cards/pt/LOR/TG21;baixado;
swsh11tg;swsh11tg-TG22;TG22;Eternatus VMAX;https://limitlesstcg.nyc3.cdn.digitaloceanspaces.com/tpci/LOR/LOR_TG22_R_PT.png;https://limitlesstcg.com/cards/pt/LOR/TG22;baixado;
swsh11tg;swsh11tg-TG23;TG23;Descoberta da Aventureira;https://limitlesstcg.nyc3.cdn.digitaloceanspaces.com/tpci/LOR/LOR_TG23_R_PT.png;https://limitlesstcg.com/cards/pt/LOR/TG23;baixado;
swsh11tg;swsh11tg-TG24;TG24;Ordem da Chefia;https://limitlesstcg.nyc3.cdn.digitaloceanspaces.com/tpci/LOR/LOR_TG24_R_PT.png;https://limitlesstcg.com/cards/pt/LOR/TG24;baixado;
swsh11tg;swsh11tg-TG25;TG25;Chef;https://limitlesstcg.nyc3.cdn.digitaloceanspaces.com/tpci/LOR/LOR_TG25_R_PT.png;https://limitlesstcg.com/cards/pt/LOR/TG25;baixado;
swsh11tg;swsh11tg-TG26;TG26;Kabu;https://limitlesstcg.nyc3.cdn.digitaloceanspaces.com/tpci/LOR/LOR_TG26_R_PT.png;https://limitlesstcg.com/cards/pt/LOR/TG26;baixado;
swsh11tg;swsh11tg-TG27;TG27;Vanessa;https://limitlesstcg.nyc3.cdn.digitaloceanspaces.com/tpci/LOR/LOR_TG27_R_PT.png;https://limitlesstcg.com/cards/pt/LOR/TG27;baixado;
swsh11tg;swsh11tg-TG28;TG28;Alba;https://limitlesstcg.nyc3.cdn.digitaloceanspaces.com/tpci/LOR/LOR_TG28_R_PT.png;https://limitlesstcg.com/cards/pt/LOR/TG28;baixado;
swsh11tg;swsh11tg-TG29;TG29;Pikachu VMAX;https://limitlesstcg.nyc3.cdn.digitaloceanspaces.com/tpci/LOR/LOR_TG29_R_PT.png;https://limitlesstcg.com/cards/pt/LOR/TG29;baixado;
swsh11tg;swsh11tg-TG30;TG30;Mew VMAX;https://limitlesstcg.nyc3.cdn.digitaloceanspaces.com/tpci/LOR/LOR_TG30_R_PT.png;https://limitlesstcg.com/cards/pt/LOR/TG30;baixado;
swsh11;swsh11-001;001;Oddish;https://limitlesstcg.nyc3.cdn.digitaloceanspaces.com/tpci/LOR/LOR_001_R_PT.png;https://limitlesstcg.com/cards/pt/LOR/1;baixado;
swsh11;swsh11-002;002;Gloom;https://limitlesstcg.nyc3.cdn.digitaloceanspaces.com/tpci/LOR/LOR_002_R_PT.png;https://limitlesstcg.com/cards/pt/LOR/2;baixado;
swsh11;swsh11-003;003;Vileplume;https://limitlesstcg.nyc3.cdn.digitaloceanspaces.com/tpci/LOR/LOR_003_R_PT.png;https://limitlesstcg.com/cards/pt/LOR/3;baixado;
swsh11;swsh11-004;004;Paras;https://limitlesstcg.nyc3.cdn.digitaloceanspaces.com/tpci/LOR/LOR_004_R_PT.png;https://limitlesstcg.com/cards/pt/LOR/4;baixado;
swsh11;swsh11-005;005;Parasect;https://limitlesstcg.nyc3.cdn.digitaloceanspaces.com/tpci/LOR/LOR_005_R_PT.png;https://limitlesstcg.com/cards/pt/LOR/5;baixado;
swsh11;swsh11-006;006;Wurmple;https://limitlesstcg.nyc3.cdn.digitaloceanspaces.com/tpci/LOR/LOR_006_R_PT.png;https://limitlesstcg.com/cards/pt/LOR/6;baixado;
swsh11;swsh11-007;007;Silcoon;https://limitlesstcg.nyc3.cdn.digitaloceanspaces.com/tpci/LOR/LOR_007_R_PT.png;https://limitlesstcg.com/cards/pt/LOR/7;baixado;
swsh11;swsh11-008;008;Beautifly;https://limitlesstcg.nyc3.cdn.digitaloceanspaces.com/tpci/LOR/LOR_008_R_PT.png;https://limitlesstcg.com/cards/pt/LOR/8;baixado;
swsh11;swsh11-009;009;Cascoon;https://limitlesstcg.nyc3.cdn.digitaloceanspaces.com/tpci/LOR/LOR_009_R_PT.png;https://limitlesstcg.com/cards/pt/LOR/9;baixado;
swsh11;swsh11-010;010;Dustox;https://limitlesstcg.nyc3.cdn.digitaloceanspaces.com/tpci/LOR/LOR_010_R_PT.png;https://limitlesstcg.com/cards/pt/LOR/10;baixado;
swsh11;swsh11-011;011;Seedot;https://limitlesstcg.nyc3.cdn.digitaloceanspaces.com/tpci/LOR/LOR_011_R_PT.png;https://limitlesstcg.com/cards/pt/LOR/11;baixado;
swsh11;swsh11-012;012;Nuzleaf;https://limitlesstcg.nyc3.cdn.digitaloceanspaces.com/tpci/LOR/LOR_012_R_PT.png;https://limitlesstcg.com/cards/pt/LOR/12;baixado;
swsh11;swsh11-013;013;Shiftry;https://limitlesstcg.nyc3.cdn.digitaloceanspaces.com/tpci/LOR/LOR_013_R_PT.png;https://limitlesstcg.com/cards/pt/LOR/13;baixado;
swsh11;swsh11-014;014;Roselia;https://limitlesstcg.nyc3.cdn.digitaloceanspaces.com/tpci/LOR/LOR_014_R_PT.png;https://limitlesstcg.com/cards/pt/LOR/14;baixado;
swsh11;swsh11-015;015;Roserade;https://limitlesstcg.nyc3.cdn.digitaloceanspaces.com/tpci/LOR/LOR_015_R_PT.png;https://limitlesstcg.com/cards/pt/LOR/15;baixado;
swsh11;swsh11-016;016;Phantump;https://limitlesstcg.nyc3.cdn.digitaloceanspaces.com/tpci/LOR/LOR_016_R_PT.png;https://limitlesstcg.com/cards/pt/LOR/16;baixado;
swsh11;swsh11-017;017;Trevenant;https://limitlesstcg.nyc3.cdn.digitaloceanspaces.com/tpci/LOR/LOR_017_R_PT.png;https://limitlesstcg.com/cards/pt/LOR/17;baixado;
swsh11;swsh11-018;018;Blipbug;https://limitlesstcg.nyc3.cdn.digitaloceanspaces.com/tpci/LOR/LOR_018_R_PT.png;https://limitlesstcg.com/cards/pt/LOR/18;baixado;
swsh11;swsh11-019;019;Dottler;https://limitlesstcg.nyc3.cdn.digitaloceanspaces.com/tpci/LOR/LOR_019_R_PT.png;https://limitlesstcg.com/cards/pt/LOR/19;baixado;
swsh11;swsh11-020;020;Orbeetle;https://limitlesstcg.nyc3.cdn.digitaloceanspaces.com/tpci/LOR/LOR_020_R_PT.png;https://limitlesstcg.com/cards/pt/LOR/20;baixado;
swsh11;swsh11-021;021;Slugma;https://limitlesstcg.nyc3.cdn.digitaloceanspaces.com/tpci/LOR/LOR_021_R_PT.png;https://limitlesstcg.com/cards/pt/LOR/21;baixado;
swsh11;swsh11-022;022;Magcargo;https://limitlesstcg.nyc3.cdn.digitaloceanspaces.com/tpci/LOR/LOR_022_R_PT.png;https://limitlesstcg.com/cards/pt/LOR/22;baixado;
swsh11;swsh11-023;023;Torkoal;https://limitlesstcg.nyc3.cdn.digitaloceanspaces.com/tpci/LOR/LOR_023_R_PT.png;https://limitlesstcg.com/cards/pt/LOR/23;baixado;
swsh11;swsh11-024;024;Litwick;https://limitlesstcg.nyc3.cdn.digitaloceanspaces.com/tpci/LOR/LOR_024_R_PT.png;https://limitlesstcg.com/cards/pt/LOR/24;baixado;
swsh11;swsh11-025;025;Lampent;https://limitlesstcg.nyc3.cdn.digitaloceanspaces.com/tpci/LOR/LOR_025_R_PT.png;https://limitlesstcg.com/cards/pt/LOR/25;baixado;
swsh11;swsh11-026;026;Chandelure;https://limitlesstcg.nyc3.cdn.digitaloceanspaces.com/tpci/LOR/LOR_026_R_PT.png;https://limitlesstcg.com/cards/pt/LOR/26;baixado;
swsh11;swsh11-027;027;Delphox V;https://limitlesstcg.nyc3.cdn.digitaloceanspaces.com/tpci/LOR/LOR_027_R_PT.png;https://limitlesstcg.com/cards/pt/LOR/27;baixado;
swsh11;swsh11-028;028;Litleo;https://limitlesstcg.nyc3.cdn.digitaloceanspaces.com/tpci/LOR/LOR_028_R_PT.png;https://limitlesstcg.com/cards/pt/LOR/28;baixado;
swsh11;swsh11-029;029;Pyroar;https://limitlesstcg.nyc3.cdn.digitaloceanspaces.com/tpci/LOR/LOR_029_R_PT.png;https://limitlesstcg.com/cards/pt/LOR/29;baixado;
swsh11;swsh11-030;030;Poliwag;https://limitlesstcg.nyc3.cdn.digitaloceanspaces.com/tpci/LOR/LOR_030_R_PT.png;https://limitlesstcg.com/cards/pt/LOR/30;baixado;
swsh11;swsh11-031;031;Poliwhirl;https://limitlesstcg.nyc3.cdn.digitaloceanspaces.com/tpci/LOR/LOR_031_R_PT.png;https://limitlesstcg.com/cards/pt/LOR/31;baixado;
swsh11;swsh11-032;032;Politoed;https://limitlesstcg.nyc3.cdn.digitaloceanspaces.com/tpci/LOR/LOR_032_R_PT.png;https://limitlesstcg.com/cards/pt/LOR/32;baixado;
swsh11;swsh11-033;033;Seel;https://limitlesstcg.nyc3.cdn.digitaloceanspaces.com/tpci/LOR/LOR_033_R_PT.png;https://limitlesstcg.com/cards/pt/LOR/33;baixado;
swsh11;swsh11-034;034;Dewgong;https://limitlesstcg.nyc3.cdn.digitaloceanspaces.com/tpci/LOR/LOR_034_R_PT.png;https://limitlesstcg.com/cards/pt/LOR/34;baixado;
swsh11;swsh11-035;035;Horsea;https://limitlesstcg.nyc3.cdn.digitaloceanspaces.com/tpci/LOR/LOR_035_R_PT.png;https://limitlesstcg.com/cards/pt/LOR/35;baixado;
swsh11;swsh11-036;036;Seadra;https://limitlesstcg.nyc3.cdn.digitaloceanspaces.com/tpci/LOR/LOR_036_R_PT.png;https://limitlesstcg.com/cards/pt/LOR/36;baixado;
swsh11;swsh11-037;037;Kingdra;https://limitlesstcg.nyc3.cdn.digitaloceanspaces.com/tpci/LOR/LOR_037_R_PT.png;https://limitlesstcg.com/cards/pt/LOR/37;baixado;
swsh11;swsh11-038;038;Luvdisc;https://limitlesstcg.nyc3.cdn.digitaloceanspaces.com/tpci/LOR/LOR_038_R_PT.png;https://limitlesstcg.com/cards/pt/LOR/38;baixado;
swsh11;swsh11-039;039;Shellos;https://limitlesstcg.nyc3.cdn.digitaloceanspaces.com/tpci/LOR/LOR_039_R_PT.png;https://limitlesstcg.com/cards/pt/LOR/39;baixado;
swsh11;swsh11-040;040;Finneon;https://limitlesstcg.nyc3.cdn.digitaloceanspaces.com/tpci/LOR/LOR_040_R_PT.png;https://limitlesstcg.com/cards/pt/LOR/40;baixado;
swsh11;swsh11-041;041;Lumineon;https://limitlesstcg.nyc3.cdn.digitaloceanspaces.com/tpci/LOR/LOR_041_R_PT.png;https://limitlesstcg.com/cards/pt/LOR/41;baixado;
swsh11;swsh11-042;042;Snover;https://limitlesstcg.nyc3.cdn.digitaloceanspaces.com/tpci/LOR/LOR_042_R_PT.png;https://limitlesstcg.com/cards/pt/LOR/42;baixado;
swsh11;swsh11-043;043;Abomasnow;https://limitlesstcg.nyc3.cdn.digitaloceanspaces.com/tpci/LOR/LOR_043_R_PT.png;https://limitlesstcg.com/cards/pt/LOR/43;baixado;
swsh11;swsh11-044;044;Basculin de Hisui;https://limitlesstcg.nyc3.cdn.digitaloceanspaces.com/tpci/LOR/LOR_044_R_PT.png;https://limitlesstcg.com/cards/pt/LOR/44;baixado;
swsh11;swsh11-045;045;Basculegion de Hisui;https://limitlesstcg.nyc3.cdn.digitaloceanspaces.com/tpci/LOR/LOR_045_R_PT.png;https://limitlesstcg.com/cards/pt/LOR/45;baixado;
swsh11;swsh11-046;046;Ducklett;https://limitlesstcg.nyc3.cdn.digitaloceanspaces.com/tpci/LOR/LOR_046_R_PT.png;https://limitlesstcg.com/cards/pt/LOR/46;baixado;
swsh11;swsh11-047;047;Swanna;https://limitlesstcg.nyc3.cdn.digitaloceanspaces.com/tpci/LOR/LOR_047_R_PT.png;https://limitlesstcg.com/cards/pt/LOR/47;baixado;
swsh11;swsh11-048;048;Kyurem V;https://limitlesstcg.nyc3.cdn.digitaloceanspaces.com/tpci/LOR/LOR_048_R_PT.png;https://limitlesstcg.com/cards/pt/LOR/48;baixado;
swsh11;swsh11-049;049;Kyurem VMAX;https://limitlesstcg.nyc3.cdn.digitaloceanspaces.com/tpci/LOR/LOR_049_R_PT.png;https://limitlesstcg.com/cards/pt/LOR/49;baixado;
swsh11;swsh11-050;050;Cramorant;https://limitlesstcg.nyc3.cdn.digitaloceanspaces.com/tpci/LOR/LOR_050_R_PT.png;https://limitlesstcg.com/cards/pt/LOR/50;baixado;
swsh11;swsh11-051;051;Glastrier;https://limitlesstcg.nyc3.cdn.digitaloceanspaces.com/tpci/LOR/LOR_051_R_PT.png;https://limitlesstcg.com/cards/pt/LOR/51;baixado;
swsh11;swsh11-052;052;Pikachu;https://limitlesstcg.nyc3.cdn.digitaloceanspaces.com/tpci/LOR/LOR_052_R_PT.png;https://limitlesstcg.com/cards/pt/LOR/52;baixado;
swsh11;swsh11-053;053;Raichu;https://limitlesstcg.nyc3.cdn.digitaloceanspaces.com/tpci/LOR/LOR_053_R_PT.png;https://limitlesstcg.com/cards/pt/LOR/53;baixado;
swsh11;swsh11-054;054;Electrike;https://limitlesstcg.nyc3.cdn.digitaloceanspaces.com/tpci/LOR/LOR_054_R_PT.png;https://limitlesstcg.com/cards/pt/LOR/54;baixado;
swsh11;swsh11-055;055;Manectric;https://limitlesstcg.nyc3.cdn.digitaloceanspaces.com/tpci/LOR/LOR_055_R_PT.png;https://limitlesstcg.com/cards/pt/LOR/55;baixado;
swsh11;swsh11-056;056;Magnezone V;https://limitlesstcg.nyc3.cdn.digitaloceanspaces.com/tpci/LOR/LOR_056_R_PT.png;https://limitlesstcg.com/cards/pt/LOR/56;baixado;
swsh11;swsh11-057;057;Magnezone V-ASTRO;https://limitlesstcg.nyc3.cdn.digitaloceanspaces.com/tpci/LOR/LOR_057_R_PT.png;https://limitlesstcg.com/cards/pt/LOR/57;baixado;
swsh11;swsh11-058;058;Rotom V;https://limitlesstcg.nyc3.cdn.digitaloceanspaces.com/tpci/LOR/LOR_058_R_PT.png;https://limitlesstcg.com/cards/pt/LOR/58;baixado;
swsh11;swsh11-059;059;Tynamo;https://limitlesstcg.nyc3.cdn.digitaloceanspaces.com/tpci/LOR/LOR_059_R_PT.png;https://limitlesstcg.com/cards/pt/LOR/59;baixado;
swsh11;swsh11-060;060;Eelektrik;https://limitlesstcg.nyc3.cdn.digitaloceanspaces.com/tpci/LOR/LOR_060_R_PT.png;https://limitlesstcg.com/cards/pt/LOR/60;baixado;
swsh11;swsh11-061;061;Eelektross;https://limitlesstcg.nyc3.cdn.digitaloceanspaces.com/tpci/LOR/LOR_061_R_PT.png;https://limitlesstcg.com/cards/pt/LOR/61;baixado;
swsh11;swsh11-062;062;Clefairy;https://limitlesstcg.nyc3.cdn.digitaloceanspaces.com/tpci/LOR/LOR_062_R_PT.png;https://limitlesstcg.com/cards/pt/LOR/62;baixado;
swsh11;swsh11-063;063;Clefable;https://limitlesstcg.nyc3.cdn.digitaloceanspaces.com/tpci/LOR/LOR_063_R_PT.png;https://limitlesstcg.com/cards/pt/LOR/63;baixado;
swsh11;swsh11-064;064;Gastly;https://limitlesstcg.nyc3.cdn.digitaloceanspaces.com/tpci/LOR/LOR_064_R_PT.png;https://limitlesstcg.com/cards/pt/LOR/64;baixado;
swsh11;swsh11-065;065;Haunter;https://limitlesstcg.nyc3.cdn.digitaloceanspaces.com/tpci/LOR/LOR_065_R_PT.png;https://limitlesstcg.com/cards/pt/LOR/65;baixado;
swsh11;swsh11-066;066;Gengar;https://limitlesstcg.nyc3.cdn.digitaloceanspaces.com/tpci/LOR/LOR_066_R_PT.png;https://limitlesstcg.com/cards/pt/LOR/66;baixado;
swsh11;swsh11-067;067;Mr. Mime;https://limitlesstcg.nyc3.cdn.digitaloceanspaces.com/tpci/LOR/LOR_067_R_PT.png;https://limitlesstcg.com/cards/pt/LOR/67;baixado;
swsh11;swsh11-068;068;Jynx;https://limitlesstcg.nyc3.cdn.digitaloceanspaces.com/tpci/LOR/LOR_068_R_PT.png;https://limitlesstcg.com/cards/pt/LOR/68;baixado;
swsh11;swsh11-069;069;Gardevoir Radiante;https://limitlesstcg.nyc3.cdn.digitaloceanspaces.com/tpci/LOR/LOR_069_R_PT.png;https://limitlesstcg.com/cards/pt/LOR/69;baixado;
swsh11;swsh11-070;070;Sableye;https://limitlesstcg.nyc3.cdn.digitaloceanspaces.com/tpci/LOR/LOR_070_R_PT.png;https://limitlesstcg.com/cards/pt/LOR/70;baixado;
swsh11;swsh11-071;071;Mawile;https://limitlesstcg.nyc3.cdn.digitaloceanspaces.com/tpci/LOR/LOR_071_R_PT.png;https://limitlesstcg.com/cards/pt/LOR/71;baixado;
swsh11;swsh11-072;072;Shuppet;https://limitlesstcg.nyc3.cdn.digitaloceanspaces.com/tpci/LOR/LOR_072_R_PT.png;https://limitlesstcg.com/cards/pt/LOR/72;baixado;
swsh11;swsh11-073;073;Banette;https://limitlesstcg.nyc3.cdn.digitaloceanspaces.com/tpci/LOR/LOR_073_R_PT.png;https://limitlesstcg.com/cards/pt/LOR/73;baixado;
swsh11;swsh11-074;074;Cresselia;https://limitlesstcg.nyc3.cdn.digitaloceanspaces.com/tpci/LOR/LOR_074_R_PT.png;https://limitlesstcg.com/cards/pt/LOR/74;baixado;
swsh11;swsh11-075;075;Zorua de Hisui;https://limitlesstcg.nyc3.cdn.digitaloceanspaces.com/tpci/LOR/LOR_075_R_PT.png;https://limitlesstcg.com/cards/pt/LOR/75;baixado;
swsh11;swsh11-076;076;Zoroark de Hisui;https://limitlesstcg.nyc3.cdn.digitaloceanspaces.com/tpci/LOR/LOR_076_R_PT.png;https://limitlesstcg.com/cards/pt/LOR/76;baixado;
swsh11;swsh11-077;077;Inkay;https://limitlesstcg.nyc3.cdn.digitaloceanspaces.com/tpci/LOR/LOR_077_R_PT.png;https://limitlesstcg.com/cards/pt/LOR/77;baixado;
swsh11;swsh11-078;078;Malamar;https://limitlesstcg.nyc3.cdn.digitaloceanspaces.com/tpci/LOR/LOR_078_R_PT.png;https://limitlesstcg.com/cards/pt/LOR/78;baixado;
swsh11;swsh11-079;079;Comfey;https://limitlesstcg.nyc3.cdn.digitaloceanspaces.com/tpci/LOR/LOR_079_R_PT.png;https://limitlesstcg.com/cards/pt/LOR/79;baixado;
swsh11;swsh11-080;080;Mimikyu;https://limitlesstcg.nyc3.cdn.digitaloceanspaces.com/tpci/LOR/LOR_080_R_PT.png;https://limitlesstcg.com/cards/pt/LOR/80;baixado;
swsh11;swsh11-081;081;Spectrier;https://limitlesstcg.nyc3.cdn.digitaloceanspaces.com/tpci/LOR/LOR_081_R_PT.png;https://limitlesstcg.com/cards/pt/LOR/81;baixado;
swsh11;swsh11-082;082;Enamorus V;https://limitlesstcg.nyc3.cdn.digitaloceanspaces.com/tpci/LOR/LOR_082_R_PT.png;https://limitlesstcg.com/cards/pt/LOR/82;baixado;
swsh11;swsh11-083;083;Growlithe de Hisui;https://limitlesstcg.nyc3.cdn.digitaloceanspaces.com/tpci/LOR/LOR_083_R_PT.png;https://limitlesstcg.com/cards/pt/LOR/83;baixado;
swsh11;swsh11-084;084;Arcanine de Hisui;https://limitlesstcg.nyc3.cdn.digitaloceanspaces.com/tpci/LOR/LOR_084_R_PT.png;https://limitlesstcg.com/cards/pt/LOR/84;baixado;
swsh11;swsh11-085;085;Poliwrath;https://limitlesstcg.nyc3.cdn.digitaloceanspaces.com/tpci/LOR/LOR_085_R_PT.png;https://limitlesstcg.com/cards/pt/LOR/85;baixado;
swsh11;swsh11-086;086;Machop;https://limitlesstcg.nyc3.cdn.digitaloceanspaces.com/tpci/LOR/LOR_086_R_PT.png;https://limitlesstcg.com/cards/pt/LOR/86;baixado;
swsh11;swsh11-087;087;Machoke;https://limitlesstcg.nyc3.cdn.digitaloceanspaces.com/tpci/LOR/LOR_087_R_PT.png;https://limitlesstcg.com/cards/pt/LOR/87;baixado;
swsh11;swsh11-088;088;Machamp;https://limitlesstcg.nyc3.cdn.digitaloceanspaces.com/tpci/LOR/LOR_088_R_PT.png;https://limitlesstcg.com/cards/pt/LOR/88;baixado;
swsh11;swsh11-089;089;Rhyhorn;https://limitlesstcg.nyc3.cdn.digitaloceanspaces.com/tpci/LOR/LOR_089_R_PT.png;https://limitlesstcg.com/cards/pt/LOR/89;baixado;
swsh11;swsh11-090;090;Rhydon;https://limitlesstcg.nyc3.cdn.digitaloceanspaces.com/tpci/LOR/LOR_090_R_PT.png;https://limitlesstcg.com/cards/pt/LOR/90;baixado;
swsh11;swsh11-091;091;Rhyperior;https://limitlesstcg.nyc3.cdn.digitaloceanspaces.com/tpci/LOR/LOR_091_R_PT.png;https://limitlesstcg.com/cards/pt/LOR/91;baixado;
swsh11;swsh11-092;092;Aerodactyl V;https://limitlesstcg.nyc3.cdn.digitaloceanspaces.com/tpci/LOR/LOR_092_R_PT.png;https://limitlesstcg.com/cards/pt/LOR/92;baixado;
swsh11;swsh11-093;093;Aerodactyl V-ASTRO;https://limitlesstcg.nyc3.cdn.digitaloceanspaces.com/tpci/LOR/LOR_093_R_PT.png;https://limitlesstcg.com/cards/pt/LOR/93;baixado;
swsh11;swsh11-094;094;Sudowoodo;https://limitlesstcg.nyc3.cdn.digitaloceanspaces.com/tpci/LOR/LOR_094_R_PT.png;https://limitlesstcg.com/cards/pt/LOR/94;baixado;
swsh11;swsh11-095;095;Gligar;https://limitlesstcg.nyc3.cdn.digitaloceanspaces.com/tpci/LOR/LOR_095_R_PT.png;https://limitlesstcg.com/cards/pt/LOR/95;baixado;
swsh11;swsh11-096;096;Gliscor;https://limitlesstcg.nyc3.cdn.digitaloceanspaces.com/tpci/LOR/LOR_096_R_PT.png;https://limitlesstcg.com/cards/pt/LOR/96;baixado;
swsh11;swsh11-097;097;Makuhita;https://limitlesstcg.nyc3.cdn.digitaloceanspaces.com/tpci/LOR/LOR_097_R_PT.png;https://limitlesstcg.com/cards/pt/LOR/97;baixado;
swsh11;swsh11-098;098;Hariyama;https://limitlesstcg.nyc3.cdn.digitaloceanspaces.com/tpci/LOR/LOR_098_R_PT.png;https://limitlesstcg.com/cards/pt/LOR/98;baixado;
swsh11;swsh11-099;099;Meditite;https://limitlesstcg.nyc3.cdn.digitaloceanspaces.com/tpci/LOR/LOR_099_R_PT.png;https://limitlesstcg.com/cards/pt/LOR/99;baixado;
swsh11;swsh11-100;100;Medicham;https://limitlesstcg.nyc3.cdn.digitaloceanspaces.com/tpci/LOR/LOR_100_R_PT.png;https://limitlesstcg.com/cards/pt/LOR/100;baixado;
swsh11;swsh11-101;101;Relicanth;https://limitlesstcg.nyc3.cdn.digitaloceanspaces.com/tpci/LOR/LOR_101_R_PT.png;https://limitlesstcg.com/cards/pt/LOR/101;baixado;
swsh11;swsh11-102;102;Gastrodon;https://limitlesstcg.nyc3.cdn.digitaloceanspaces.com/tpci/LOR/LOR_102_R_PT.png;https://limitlesstcg.com/cards/pt/LOR/102;baixado;
swsh11;swsh11-103;103;Mienfoo;https://limitlesstcg.nyc3.cdn.digitaloceanspaces.com/tpci/LOR/LOR_103_R_PT.png;https://limitlesstcg.com/cards/pt/LOR/103;baixado;
swsh11;swsh11-104;104;Mienshao;https://limitlesstcg.nyc3.cdn.digitaloceanspaces.com/tpci/LOR/LOR_104_R_PT.png;https://limitlesstcg.com/cards/pt/LOR/104;baixado;
swsh11;swsh11-105;105;Landorus;https://limitlesstcg.nyc3.cdn.digitaloceanspaces.com/tpci/LOR/LOR_105_R_PT.png;https://limitlesstcg.com/cards/pt/LOR/105;baixado;
swsh11;swsh11-106;106;Binacle;https://limitlesstcg.nyc3.cdn.digitaloceanspaces.com/tpci/LOR/LOR_106_R_PT.png;https://limitlesstcg.com/cards/pt/LOR/106;baixado;
swsh11;swsh11-107;107;Barbaracle;https://limitlesstcg.nyc3.cdn.digitaloceanspaces.com/tpci/LOR/LOR_107_R_PT.png;https://limitlesstcg.com/cards/pt/LOR/107;baixado;
swsh11;swsh11-108;108;Carbink;https://limitlesstcg.nyc3.cdn.digitaloceanspaces.com/tpci/LOR/LOR_108_R_PT.png;https://limitlesstcg.com/cards/pt/LOR/108;baixado;
swsh11;swsh11-109;109;Rockruff;https://limitlesstcg.nyc3.cdn.digitaloceanspaces.com/tpci/LOR/LOR_109_R_PT.png;https://limitlesstcg.com/cards/pt/LOR/109;baixado;
swsh11;swsh11-110;110;Falinks;https://limitlesstcg.nyc3.cdn.digitaloceanspaces.com/tpci/LOR/LOR_110_R_PT.png;https://limitlesstcg.com/cards/pt/LOR/110;baixado;
swsh11;swsh11-111;111;Stonjourner;https://limitlesstcg.nyc3.cdn.digitaloceanspaces.com/tpci/LOR/LOR_111_R_PT.png;https://limitlesstcg.com/cards/pt/LOR/111;baixado;
swsh11;swsh11-112;112;Spinarak;https://limitlesstcg.nyc3.cdn.digitaloceanspaces.com/tpci/LOR/LOR_112_R_PT.png;https://limitlesstcg.com/cards/pt/LOR/112;baixado;
swsh11;swsh11-113;113;Ariados;https://limitlesstcg.nyc3.cdn.digitaloceanspaces.com/tpci/LOR/LOR_113_R_PT.png;https://limitlesstcg.com/cards/pt/LOR/113;baixado;
swsh11;swsh11-114;114;Murkrow;https://limitlesstcg.nyc3.cdn.digitaloceanspaces.com/tpci/LOR/LOR_114_R_PT.png;https://limitlesstcg.com/cards/pt/LOR/114;baixado;
swsh11;swsh11-115;115;Honchkrow;https://limitlesstcg.nyc3.cdn.digitaloceanspaces.com/tpci/LOR/LOR_115_R_PT.png;https://limitlesstcg.com/cards/pt/LOR/115;baixado;
swsh11;swsh11-116;116;Seviper;https://limitlesstcg.nyc3.cdn.digitaloceanspaces.com/tpci/LOR/LOR_116_R_PT.png;https://limitlesstcg.com/cards/pt/LOR/116;baixado;
swsh11;swsh11-117;117;Spiritomb;https://limitlesstcg.nyc3.cdn.digitaloceanspaces.com/tpci/LOR/LOR_117_R_PT.png;https://limitlesstcg.com/cards/pt/LOR/117;baixado;
swsh11;swsh11-118;118;Drapion V;https://limitlesstcg.nyc3.cdn.digitaloceanspaces.com/tpci/LOR/LOR_118_R_PT.png;https://limitlesstcg.com/cards/pt/LOR/118;baixado;
swsh11;swsh11-119;119;Drapion V-ASTRO;https://limitlesstcg.nyc3.cdn.digitaloceanspaces.com/tpci/LOR/LOR_119_R_PT.png;https://limitlesstcg.com/cards/pt/LOR/119;baixado;
swsh11;swsh11-120;120;Darkrai;https://limitlesstcg.nyc3.cdn.digitaloceanspaces.com/tpci/LOR/LOR_120_R_PT.png;https://limitlesstcg.com/cards/pt/LOR/120;baixado;
swsh11;swsh11-121;121;Inkay;https://limitlesstcg.nyc3.cdn.digitaloceanspaces.com/tpci/LOR/LOR_121_R_PT.png;https://limitlesstcg.com/cards/pt/LOR/121;baixado;
swsh11;swsh11-122;122;Hoopa;https://limitlesstcg.nyc3.cdn.digitaloceanspaces.com/tpci/LOR/LOR_122_R_PT.png;https://limitlesstcg.com/cards/pt/LOR/122;baixado;
swsh11;swsh11-123;123;Sneasler de Hisui Radiante;https://limitlesstcg.nyc3.cdn.digitaloceanspaces.com/tpci/LOR/LOR_123_R_PT.png;https://limitlesstcg.com/cards/pt/LOR/123;baixado;
swsh11;swsh11-124;124;Steelix Radiante;https://limitlesstcg.nyc3.cdn.digitaloceanspaces.com/tpci/LOR/LOR_124_R_PT.png;https://limitlesstcg.com/cards/pt/LOR/124;baixado;
swsh11;swsh11-125;125;Bronzor;https://limitlesstcg.nyc3.cdn.digitaloceanspaces.com/tpci/LOR/LOR_125_R_PT.png;https://limitlesstcg.com/cards/pt/LOR/125;baixado;
swsh11;swsh11-126;126;Bronzong;https://limitlesstcg.nyc3.cdn.digitaloceanspaces.com/tpci/LOR/LOR_126_R_PT.png;https://limitlesstcg.com/cards/pt/LOR/126;baixado;
swsh11;swsh11-127;127;Stunfisk de Galar;https://limitlesstcg.nyc3.cdn.digitaloceanspaces.com/tpci/LOR/LOR_127_R_PT.png;https://limitlesstcg.com/cards/pt/LOR/127;baixado;
swsh11;swsh11-128;128;Magearna;https://limitlesstcg.nyc3.cdn.digitaloceanspaces.com/tpci/LOR/LOR_128_R_PT.png;https://limitlesstcg.com/cards/pt/LOR/128;baixado;
swsh11;swsh11-129;129;Perrserker de Galar V;https://limitlesstcg.nyc3.cdn.digitaloceanspaces.com/tpci/LOR/LOR_129_R_PT.png;https://limitlesstcg.com/cards/pt/LOR/129;baixado;
swsh11;swsh11-130;130;Giratina V;https://limitlesstcg.nyc3.cdn.digitaloceanspaces.com/tpci/LOR/LOR_130_R_PT.png;https://limitlesstcg.com/cards/pt/LOR/130;baixado;
swsh11;swsh11-131;131;Giratina V-ASTRO;https://limitlesstcg.nyc3.cdn.digitaloceanspaces.com/tpci/LOR/LOR_131_R_PT.png;https://limitlesstcg.com/cards/pt/LOR/131;baixado;
swsh11;swsh11-132;132;Goomy;https://limitlesstcg.nyc3.cdn.digitaloceanspaces.com/tpci/LOR/LOR_132_R_PT.png;https://limitlesstcg.com/cards/pt/LOR/132;baixado;
swsh11;swsh11-133;133;Sliggoo de Hisui;https://limitlesstcg.nyc3.cdn.digitaloceanspaces.com/tpci/LOR/LOR_133_R_PT.png;https://limitlesstcg.com/cards/pt/LOR/133;baixado;
swsh11;swsh11-134;134;Goodra de Hisui;https://limitlesstcg.nyc3.cdn.digitaloceanspaces.com/tpci/LOR/LOR_134_R_PT.png;https://limitlesstcg.com/cards/pt/LOR/134;baixado;
swsh11;swsh11-135;135;Goodra de Hisui V;https://limitlesstcg.nyc3.cdn.digitaloceanspaces.com/tpci/LOR/LOR_135_R_PT.png;https://limitlesstcg.com/cards/pt/LOR/135;baixado;
swsh11;swsh11-136;136;Goodra de Hisui V-ASTRO;https://limitlesstcg.nyc3.cdn.digitaloceanspaces.com/tpci/LOR/LOR_136_R_PT.png;https://limitlesstcg.com/cards/pt/LOR/136;baixado;
swsh11;swsh11-137;137;Pidgeot V;https://limitlesstcg.nyc3.cdn.digitaloceanspaces.com/tpci/LOR/LOR_137_R_PT.png;https://limitlesstcg.com/cards/pt/LOR/137;baixado;
swsh11;swsh11-138;138;Lickitung;https://limitlesstcg.nyc3.cdn.digitaloceanspaces.com/tpci/LOR/LOR_138_R_PT.png;https://limitlesstcg.com/cards/pt/LOR/138;baixado;
swsh11;swsh11-139;139;Lickilicky;https://limitlesstcg.nyc3.cdn.digitaloceanspaces.com/tpci/LOR/LOR_139_R_PT.png;https://limitlesstcg.com/cards/pt/LOR/139;baixado;
swsh11;swsh11-140;140;Porygon;https://limitlesstcg.nyc3.cdn.digitaloceanspaces.com/tpci/LOR/LOR_140_R_PT.png;https://limitlesstcg.com/cards/pt/LOR/140;baixado;
swsh11;swsh11-141;141;Porygon2;https://limitlesstcg.nyc3.cdn.digitaloceanspaces.com/tpci/LOR/LOR_141_R_PT.png;https://limitlesstcg.com/cards/pt/LOR/141;baixado;
swsh11;swsh11-142;142;Porygon-Z;https://limitlesstcg.nyc3.cdn.digitaloceanspaces.com/tpci/LOR/LOR_142_R_PT.png;https://limitlesstcg.com/cards/pt/LOR/142;baixado;
swsh11;swsh11-143;143;Snorlax;https://limitlesstcg.nyc3.cdn.digitaloceanspaces.com/tpci/LOR/LOR_143_R_PT.png;https://limitlesstcg.com/cards/pt/LOR/143;baixado;
swsh11;swsh11-144;144;Aipom;https://limitlesstcg.nyc3.cdn.digitaloceanspaces.com/tpci/LOR/LOR_144_R_PT.png;https://limitlesstcg.com/cards/pt/LOR/144;baixado;
swsh11;swsh11-145;145;Ambipom;https://limitlesstcg.nyc3.cdn.digitaloceanspaces.com/tpci/LOR/LOR_145_R_PT.png;https://limitlesstcg.com/cards/pt/LOR/145;baixado;
swsh11;swsh11-146;146;Zoroark de Hisui V;https://limitlesstcg.nyc3.cdn.digitaloceanspaces.com/tpci/LOR/LOR_146_R_PT.png;https://limitlesstcg.com/cards/pt/LOR/146;baixado;
swsh11;swsh11-147;147;Zoroark de Hisui V-ASTRO;https://limitlesstcg.nyc3.cdn.digitaloceanspaces.com/tpci/LOR/LOR_147_R_PT.png;https://limitlesstcg.com/cards/pt/LOR/147;baixado;
swsh11;swsh11-148;148;Bouffalant;https://limitlesstcg.nyc3.cdn.digitaloceanspaces.com/tpci/LOR/LOR_148_R_PT.png;https://limitlesstcg.com/cards/pt/LOR/148;baixado;
swsh11;swsh11-149;149;Komala;https://limitlesstcg.nyc3.cdn.digitaloceanspaces.com/tpci/LOR/LOR_149_R_PT.png;https://limitlesstcg.com/cards/pt/LOR/149;baixado;
swsh11;swsh11-150;150;Skwovet;https://limitlesstcg.nyc3.cdn.digitaloceanspaces.com/tpci/LOR/LOR_150_R_PT.png;https://limitlesstcg.com/cards/pt/LOR/150;baixado;
swsh11;swsh11-151;151;Greedent;https://limitlesstcg.nyc3.cdn.digitaloceanspaces.com/tpci/LOR/LOR_151_R_PT.png;https://limitlesstcg.com/cards/pt/LOR/151;baixado;
swsh11;swsh11-152;152;Arc Fone;https://limitlesstcg.nyc3.cdn.digitaloceanspaces.com/tpci/LOR/LOR_152_R_PT.png;https://limitlesstcg.com/cards/pt/LOR/152;baixado;
swsh11;swsh11-153;153;Areza;https://limitlesstcg.nyc3.cdn.digitaloceanspaces.com/tpci/LOR/LOR_153_R_PT.png;https://limitlesstcg.com/cards/pt/LOR/153;baixado;
swsh11;swsh11-154;154;Caixa do Desastre;https://limitlesstcg.nyc3.cdn.digitaloceanspaces.com/tpci/LOR/LOR_154_R_PT.png;https://limitlesstcg.com/cards/pt/LOR/154;baixado;
swsh11;swsh11-155;155;Experimento do Colress;https://limitlesstcg.nyc3.cdn.digitaloceanspaces.com/tpci/LOR/LOR_155_R_PT.png;https://limitlesstcg.com/cards/pt/LOR/155;baixado;
swsh11;swsh11-156;156;Bomba de Dano;https://limitlesstcg.nyc3.cdn.digitaloceanspaces.com/tpci/LOR/LOR_156_R_PT.png;https://limitlesstcg.com/cards/pt/LOR/156;baixado;
swsh11;swsh11-157;157;Fantina;https://limitlesstcg.nyc3.cdn.digitaloceanspaces.com/tpci/LOR/LOR_157_R_PT.png;https://limitlesstcg.com/cards/pt/LOR/157;baixado;
swsh11;swsh11-158;158;Miscano;https://limitlesstcg.nyc3.cdn.digitaloceanspaces.com/tpci/LOR/LOR_158_R_PT.png;https://limitlesstcg.com/cards/pt/LOR/158;baixado;
swsh11;swsh11-159;159;Dama;https://limitlesstcg.nyc3.cdn.digitaloceanspaces.com/tpci/LOR/LOR_159_R_PT.png;https://limitlesstcg.com/cards/pt/LOR/159;baixado;
swsh11;swsh11-160;160;Lago da Verdade;https://limitlesstcg.nyc3.cdn.digitaloceanspaces.com/tpci/LOR/LOR_160_R_PT.png;https://limitlesstcg.com/cards/pt/LOR/160;baixado;
swsh11;swsh11-161;161;Cidade Perdida;https://limitlesstcg.nyc3.cdn.digitaloceanspaces.com/tpci/LOR/LOR_161_R_PT.png;https://limitlesstcg.com/cards/pt/LOR/161;baixado;
swsh11;swsh11-162;162;Aspirador Perdido;https://limitlesstcg.nyc3.cdn.digitaloceanspaces.com/tpci/LOR/LOR_162_R_PT.png;https://limitlesstcg.com/cards/pt/LOR/162;baixado;
swsh11;swsh11-163;163;Portão da Miragem;https://limitlesstcg.nyc3.cdn.digitaloceanspaces.com/tpci/LOR/LOR_163_R_PT.png;https://limitlesstcg.com/cards/pt/LOR/163;baixado;
swsh11;swsh11-164;164;Irmãs Infortúnio;https://limitlesstcg.nyc3.cdn.digitaloceanspaces.com/tpci/LOR/LOR_164_R_PT.png;https://limitlesstcg.com/cards/pt/LOR/164;baixado;
swsh11;swsh11-165;165;Máscara Apavorante;https://limitlesstcg.nyc3.cdn.digitaloceanspaces.com/tpci/LOR/LOR_165_R_PT.png;https://limitlesstcg.com/cards/pt/LOR/165;baixado;
swsh11;swsh11-166;166;Riley;https://limitlesstcg.nyc3.cdn.digitaloceanspaces.com/tpci/LOR/LOR_166_R_PT.png;https://limitlesstcg.com/cards/pt/LOR/166;baixado;
swsh11;swsh11-167;167;Spino;https://limitlesstcg.nyc3.cdn.digitaloceanspaces.com/tpci/LOR/LOR_167_R_PT.png;https://limitlesstcg.com/cards/pt/LOR/167;baixado;
swsh11;swsh11-168;168;Kit de Ferramentas;https://limitlesstcg.nyc3.cdn.digitaloceanspaces.com/tpci/LOR/LOR_168_R_PT.png;https://limitlesstcg.com/cards/pt/LOR/168;baixado;
swsh11;swsh11-169;169;Volo;https://limitlesstcg.nyc3.cdn.digitaloceanspaces.com/tpci/LOR/LOR_169_R_PT.png;https://limitlesstcg.com/cards/pt/LOR/169;baixado;
swsh11;swsh11-170;170;Braço de Corda;https://limitlesstcg.nyc3.cdn.digitaloceanspaces.com/tpci/LOR/LOR_170_R_PT.png;https://limitlesstcg.com/cards/pt/LOR/170;baixado;
swsh11;swsh11-171;171;Energia de Presente;https://limitlesstcg.nyc3.cdn.digitaloceanspaces.com/tpci/LOR/LOR_171_R_PT.png;https://limitlesstcg.com/cards/pt/LOR/171;baixado;
swsh11;swsh11-172;172;Electrode de Hisui V;https://limitlesstcg.nyc3.cdn.digitaloceanspaces.com/tpci/LOR/LOR_172_R_PT.png;https://limitlesstcg.com/cards/pt/LOR/172;baixado;
swsh11;swsh11-173;173;Delphox V;https://limitlesstcg.nyc3.cdn.digitaloceanspaces.com/tpci/LOR/LOR_173_R_PT.png;https://limitlesstcg.com/cards/pt/LOR/173;baixado;
swsh11;swsh11-174;174;Kyurem V;https://limitlesstcg.nyc3.cdn.digitaloceanspaces.com/tpci/LOR/LOR_174_R_PT.png;https://limitlesstcg.com/cards/pt/LOR/174;baixado;
swsh11;swsh11-175;175;Magnezone V;https://limitlesstcg.nyc3.cdn.digitaloceanspaces.com/tpci/LOR/LOR_175_R_PT.png;https://limitlesstcg.com/cards/pt/LOR/175;baixado;
swsh11;swsh11-176;176;Rotom V;https://limitlesstcg.nyc3.cdn.digitaloceanspaces.com/tpci/LOR/LOR_176_R_PT.png;https://limitlesstcg.com/cards/pt/LOR/176;baixado;
swsh11;swsh11-177;177;Rotom V;https://limitlesstcg.nyc3.cdn.digitaloceanspaces.com/tpci/LOR/LOR_177_R_PT.png;https://limitlesstcg.com/cards/pt/LOR/177;baixado;
swsh11;swsh11-178;178;Enamorus V;https://limitlesstcg.nyc3.cdn.digitaloceanspaces.com/tpci/LOR/LOR_178_R_PT.png;https://limitlesstcg.com/cards/pt/LOR/178;baixado;
swsh11;swsh11-179;179;Aerodactyl V;https://limitlesstcg.nyc3.cdn.digitaloceanspaces.com/tpci/LOR/LOR_179_R_PT.png;https://limitlesstcg.com/cards/pt/LOR/179;baixado;
swsh11;swsh11-180;180;Aerodactyl V;https://limitlesstcg.nyc3.cdn.digitaloceanspaces.com/tpci/LOR/LOR_180_R_PT.png;https://limitlesstcg.com/cards/pt/LOR/180;baixado;
swsh11;swsh11-181;181;Gallade V;https://limitlesstcg.nyc3.cdn.digitaloceanspaces.com/tpci/LOR/LOR_181_R_PT.png;https://limitlesstcg.com/cards/pt/LOR/181;baixado;
swsh11;swsh11-182;182;Drapion V;https://limitlesstcg.nyc3.cdn.digitaloceanspaces.com/tpci/LOR/LOR_182_R_PT.png;https://limitlesstcg.com/cards/pt/LOR/182;baixado;
swsh11;swsh11-183;183;Perrserker de Galar V;https://limitlesstcg.nyc3.cdn.digitaloceanspaces.com/tpci/LOR/LOR_183_R_PT.png;https://limitlesstcg.com/cards/pt/LOR/183;baixado;
swsh11;swsh11-184;184;Perrserker de Galar V;https://limitlesstcg.nyc3.cdn.digitaloceanspaces.com/tpci/LOR/LOR_184_R_PT.png;https://limitlesstcg.com/cards/pt/LOR/184;baixado;
swsh11;swsh11-185;185;Giratina V;https://limitlesstcg.nyc3.cdn.digitaloceanspaces.com/tpci/LOR/LOR_185_R_PT.png;https://limitlesstcg.com/cards/pt/LOR/185;baixado;
swsh11;swsh11-186;186;Giratina V;https://limitlesstcg.nyc3.cdn.digitaloceanspaces.com/tpci/LOR/LOR_186_R_PT.png;https://limitlesstcg.com/cards/pt/LOR/186;baixado;
swsh11;swsh11-187;187;Goodra de Hisui V;https://limitlesstcg.nyc3.cdn.digitaloceanspaces.com/tpci/LOR/LOR_187_R_PT.png;https://limitlesstcg.com/cards/pt/LOR/187;baixado;
swsh11;swsh11-188;188;Pidgeot V;https://limitlesstcg.nyc3.cdn.digitaloceanspaces.com/tpci/LOR/LOR_188_R_PT.png;https://limitlesstcg.com/cards/pt/LOR/188;baixado;
swsh11;swsh11-189;189;Areza;https://limitlesstcg.nyc3.cdn.digitaloceanspaces.com/tpci/LOR/LOR_189_R_PT.png;https://limitlesstcg.com/cards/pt/LOR/189;baixado;
swsh11;swsh11-190;190;Experimento do Colress;https://limitlesstcg.nyc3.cdn.digitaloceanspaces.com/tpci/LOR/LOR_190_R_PT.png;https://limitlesstcg.com/cards/pt/LOR/190;baixado;
swsh11;swsh11-191;191;Fantina;https://limitlesstcg.nyc3.cdn.digitaloceanspaces.com/tpci/LOR/LOR_191_R_PT.png;https://limitlesstcg.com/cards/pt/LOR/191;baixado;
swsh11;swsh11-192;192;Miscano;https://limitlesstcg.nyc3.cdn.digitaloceanspaces.com/tpci/LOR/LOR_192_R_PT.png;https://limitlesstcg.com/cards/pt/LOR/192;baixado;
swsh11;swsh11-193;193;Dama;https://limitlesstcg.nyc3.cdn.digitaloceanspaces.com/tpci/LOR/LOR_193_R_PT.png;https://limitlesstcg.com/cards/pt/LOR/193;baixado;
swsh11;swsh11-194;194;Irmãs Infortúnio;https://limitlesstcg.nyc3.cdn.digitaloceanspaces.com/tpci/LOR/LOR_194_R_PT.png;https://limitlesstcg.com/cards/pt/LOR/194;baixado;
swsh11;swsh11-195;195;Spino;https://limitlesstcg.nyc3.cdn.digitaloceanspaces.com/tpci/LOR/LOR_195_R_PT.png;https://limitlesstcg.com/cards/pt/LOR/195;baixado;
swsh11;swsh11-196;196;Volo;https://limitlesstcg.nyc3.cdn.digitaloceanspaces.com/tpci/LOR/LOR_196_R_PT.png;https://limitlesstcg.com/cards/pt/LOR/196;baixado;
swsh11;swsh11-197;197;Kyurem VMAX;https://limitlesstcg.nyc3.cdn.digitaloceanspaces.com/tpci/LOR/LOR_197_R_PT.png;https://limitlesstcg.com/cards/pt/LOR/197;baixado;
swsh11;swsh11-198;198;Magnezone V-ASTRO;https://limitlesstcg.nyc3.cdn.digitaloceanspaces.com/tpci/LOR/LOR_198_R_PT.png;https://limitlesstcg.com/cards/pt/LOR/198;baixado;
swsh11;swsh11-199;199;Aerodactyl V-ASTRO;https://limitlesstcg.nyc3.cdn.digitaloceanspaces.com/tpci/LOR/LOR_199_R_PT.png;https://limitlesstcg.com/cards/pt/LOR/199;baixado;
swsh11;swsh11-200;200;Drapion V-ASTRO;https://limitlesstcg.nyc3.cdn.digitaloceanspaces.com/tpci/LOR/LOR_200_R_PT.png;https://limitlesstcg.com/cards/pt/LOR/200;baixado;
swsh11;swsh11-201;201;Giratina V-ASTRO;https://limitlesstcg.nyc3.cdn.digitaloceanspaces.com/tpci/LOR/LOR_201_R_PT.png;https://limitlesstcg.com/cards/pt/LOR/201;baixado;
swsh11;swsh11-202;202;Goodra de Hisui V-ASTRO;https://limitlesstcg.nyc3.cdn.digitaloceanspaces.com/tpci/LOR/LOR_202_R_PT.png;https://limitlesstcg.com/cards/pt/LOR/202;baixado;
swsh11;swsh11-203;203;Zoroark de Hisui V-ASTRO;https://limitlesstcg.nyc3.cdn.digitaloceanspaces.com/tpci/LOR/LOR_203_R_PT.png;https://limitlesstcg.com/cards/pt/LOR/203;baixado;
swsh11;swsh11-204;204;Areza;https://limitlesstcg.nyc3.cdn.digitaloceanspaces.com/tpci/LOR/LOR_204_R_PT.png;https://limitlesstcg.com/cards/pt/LOR/204;baixado;
swsh11;swsh11-205;205;Experimento do Colress;https://limitlesstcg.nyc3.cdn.digitaloceanspaces.com/tpci/LOR/LOR_205_R_PT.png;https://limitlesstcg.com/cards/pt/LOR/205;baixado;
swsh11;swsh11-206;206;Fantina;https://limitlesstcg.nyc3.cdn.digitaloceanspaces.com/tpci/LOR/LOR_206_R_PT.png;https://limitlesstcg.com/cards/pt/LOR/206;baixado;
swsh11;swsh11-207;207;Miscano;https://limitlesstcg.nyc3.cdn.digitaloceanspaces.com/tpci/LOR/LOR_207_R_PT.png;https://limitlesstcg.com/cards/pt/LOR/207;baixado;
swsh11;swsh11-208;208;Dama;https://limitlesstcg.nyc3.cdn.digitaloceanspaces.com/tpci/LOR/LOR_208_R_PT.png;https://limitlesstcg.com/cards/pt/LOR/208;baixado;
swsh11;swsh11-209;209;Irmãs Infortúnio;https://limitlesstcg.nyc3.cdn.digitaloceanspaces.com/tpci/LOR/LOR_209_R_PT.png;https://limitlesstcg.com/cards/pt/LOR/209;baixado;
swsh11;swsh11-210;210;Spino;https://limitlesstcg.nyc3.cdn.digitaloceanspaces.com/tpci/LOR/LOR_210_R_PT.png;https://limitlesstcg.com/cards/pt/LOR/210;baixado;
swsh11;swsh11-211;211;Volo;https://limitlesstcg.nyc3.cdn.digitaloceanspaces.com/tpci/LOR/LOR_211_R_PT.png;https://limitlesstcg.com/cards/pt/LOR/211;baixado;
swsh11;swsh11-212;212;Giratina V-ASTRO;https://limitlesstcg.nyc3.cdn.digitaloceanspaces.com/tpci/LOR/LOR_212_R_PT.png;https://limitlesstcg.com/cards/pt/LOR/212;baixado;
swsh11;swsh11-213;213;Zoroark de Hisui V-ASTRO;https://limitlesstcg.nyc3.cdn.digitaloceanspaces.com/tpci/LOR/LOR_213_R_PT.png;https://limitlesstcg.com/cards/pt/LOR/213;baixado;
swsh11;swsh11-214;214;Caixa do Desastre;https://limitlesstcg.nyc3.cdn.digitaloceanspaces.com/tpci/LOR/LOR_214_R_PT.png;https://limitlesstcg.com/cards/pt/LOR/214;baixado;
swsh11;swsh11-215;215;Estádio Desmoronado;https://limitlesstcg.nyc3.cdn.digitaloceanspaces.com/tpci/LOR/LOR_215_R_PT.png;https://limitlesstcg.com/cards/pt/LOR/215;baixado;
swsh11;swsh11-216;216;Fragmento Sombrio;https://limitlesstcg.nyc3.cdn.digitaloceanspaces.com/tpci/LOR/LOR_216_R_PT.png;https://limitlesstcg.com/cards/pt/LOR/216;baixado;
swsh11;swsh11-217;217;Aspirador Perdido;https://limitlesstcg.nyc3.cdn.digitaloceanspaces.com/tpci/LOR/LOR_217_R_PT.png;https://limitlesstcg.com/cards/pt/LOR/217;baixado;
swsh12tg;swsh12tg-TG01;TG01;Braixen;https://limitlesstcg.nyc3.cdn.digitaloceanspaces.com/tpci/SIT/SIT_TG1_R_PT.png;https://limitlesstcg.com/cards/pt/SIT/TG1;baixado;
swsh12tg;swsh12tg-TG02;TG02;Milotic;https://limitlesstcg.nyc3.cdn.digitaloceanspaces.com/tpci/SIT/SIT_TG2_R_PT.png;https://limitlesstcg.com/cards/pt/SIT/TG2;baixado;
swsh12tg;swsh12tg-TG03;TG03;Flaaffy;https://limitlesstcg.nyc3.cdn.digitaloceanspaces.com/tpci/SIT/SIT_TG3_R_PT.png;https://limitlesstcg.com/cards/pt/SIT/TG3;baixado;
swsh12tg;swsh12tg-TG04;TG04;Jynx;https://limitlesstcg.nyc3.cdn.digitaloceanspaces.com/tpci/SIT/SIT_TG4_R_PT.png;https://limitlesstcg.com/cards/pt/SIT/TG4;baixado;
swsh12tg;swsh12tg-TG05;TG05;Gardevoir;https://limitlesstcg.nyc3.cdn.digitaloceanspaces.com/tpci/SIT/SIT_TG5_R_PT.png;https://limitlesstcg.com/cards/pt/SIT/TG5;baixado;
swsh12tg;swsh12tg-TG06;TG06;Malamar;https://limitlesstcg.nyc3.cdn.digitaloceanspaces.com/tpci/SIT/SIT_TG6_R_PT.png;https://limitlesstcg.com/cards/pt/SIT/TG6;baixado;
swsh12tg;swsh12tg-TG07;TG07;Rockruff;https://limitlesstcg.nyc3.cdn.digitaloceanspaces.com/tpci/SIT/SIT_TG7_R_PT.png;https://limitlesstcg.com/cards/pt/SIT/TG7;baixado;
swsh12tg;swsh12tg-TG08;TG08;Passimian;https://limitlesstcg.nyc3.cdn.digitaloceanspaces.com/tpci/SIT/SIT_TG8_R_PT.png;https://limitlesstcg.com/cards/pt/SIT/TG8;baixado;
swsh12tg;swsh12tg-TG09;TG09;Druddigon;https://limitlesstcg.nyc3.cdn.digitaloceanspaces.com/tpci/SIT/SIT_TG9_R_PT.png;https://limitlesstcg.com/cards/pt/SIT/TG9;baixado;
swsh12tg;swsh12tg-TG10;TG10;Smeargle;https://limitlesstcg.nyc3.cdn.digitaloceanspaces.com/tpci/SIT/SIT_TG10_R_PT.png;https://limitlesstcg.com/cards/pt/SIT/TG10;baixado;
swsh12tg;swsh12tg-TG11;TG11;Altaria;https://limitlesstcg.nyc3.cdn.digitaloceanspaces.com/tpci/SIT/SIT_TG11_R_PT.png;https://limitlesstcg.com/cards/pt/SIT/TG11;baixado;
swsh12tg;swsh12tg-TG12;TG12;Kricketune V;https://limitlesstcg.nyc3.cdn.digitaloceanspaces.com/tpci/SIT/SIT_TG12_R_PT.png;https://limitlesstcg.com/cards/pt/SIT/TG12;baixado;
swsh12tg;swsh12tg-TG13;TG13;Serperior V;https://limitlesstcg.nyc3.cdn.digitaloceanspaces.com/tpci/SIT/SIT_TG13_R_PT.png;https://limitlesstcg.com/cards/pt/SIT/TG13;baixado;
swsh12tg;swsh12tg-TG14;TG14;Blaziken V;https://limitlesstcg.nyc3.cdn.digitaloceanspaces.com/tpci/SIT/SIT_TG14_R_PT.png;https://limitlesstcg.com/cards/pt/SIT/TG14;baixado;
swsh12tg;swsh12tg-TG15;TG15;Blaziken VMAX;https://limitlesstcg.nyc3.cdn.digitaloceanspaces.com/tpci/SIT/SIT_TG15_R_PT.png;https://limitlesstcg.com/cards/pt/SIT/TG15;baixado;
swsh12tg;swsh12tg-TG16;TG16;Zeraora V;https://limitlesstcg.nyc3.cdn.digitaloceanspaces.com/tpci/SIT/SIT_TG16_R_PT.png;https://limitlesstcg.com/cards/pt/SIT/TG16;baixado;
swsh12tg;swsh12tg-TG17;TG17;Mawile V;https://limitlesstcg.nyc3.cdn.digitaloceanspaces.com/tpci/SIT/SIT_TG17_R_PT.png;https://limitlesstcg.com/cards/pt/SIT/TG17;baixado;
swsh12tg;swsh12tg-TG18;TG18;Corviknight V;https://limitlesstcg.nyc3.cdn.digitaloceanspaces.com/tpci/SIT/SIT_TG18_R_PT.png;https://limitlesstcg.com/cards/pt/SIT/TG18;baixado;
swsh12tg;swsh12tg-TG19;TG19;Corviknight VMAX;https://limitlesstcg.nyc3.cdn.digitaloceanspaces.com/tpci/SIT/SIT_TG19_R_PT.png;https://limitlesstcg.com/cards/pt/SIT/TG19;baixado;
swsh12tg;swsh12tg-TG20;TG20;Rayquaza VMAX;https://limitlesstcg.nyc3.cdn.digitaloceanspaces.com/tpci/SIT/SIT_TG20_R_PT.png;https://limitlesstcg.com/cards/pt/SIT/TG20;baixado;
swsh12tg;swsh12tg-TG21;TG21;Duraludon VMAX;https://limitlesstcg.nyc3.cdn.digitaloceanspaces.com/tpci/SIT/SIT_TG21_R_PT.png;https://limitlesstcg.com/cards/pt/SIT/TG21;baixado;
swsh12tg;swsh12tg-TG22;TG22;Blissey V;https://limitlesstcg.nyc3.cdn.digitaloceanspaces.com/tpci/SIT/SIT_TG22_R_PT.png;https://limitlesstcg.com/cards/pt/SIT/TG22;baixado;
swsh12tg;swsh12tg-TG23;TG23;Amigos em Galar;https://limitlesstcg.nyc3.cdn.digitaloceanspaces.com/tpci/SIT/SIT_TG23_R_PT.png;https://limitlesstcg.com/cards/pt/SIT/TG23;baixado;
swsh12tg;swsh12tg-TG24;TG24;Godinho;https://limitlesstcg.nyc3.cdn.digitaloceanspaces.com/tpci/SIT/SIT_TG24_R_PT.png;https://limitlesstcg.com/cards/pt/SIT/TG24;baixado;
swsh12tg;swsh12tg-TG25;TG25;Juiz;https://limitlesstcg.nyc3.cdn.digitaloceanspaces.com/tpci/SIT/SIT_TG25_R_PT.png;https://limitlesstcg.com/cards/pt/SIT/TG25;baixado;
swsh12tg;swsh12tg-TG26;TG26;Professora Bruna;https://limitlesstcg.nyc3.cdn.digitaloceanspaces.com/tpci/SIT/SIT_TG26_R_PT.png;https://limitlesstcg.com/cards/pt/SIT/TG26;baixado;
swsh12tg;swsh12tg-TG27;TG27;Roy;https://limitlesstcg.nyc3.cdn.digitaloceanspaces.com/tpci/SIT/SIT_TG27_R_PT.png;https://limitlesstcg.com/cards/pt/SIT/TG27;baixado;
swsh12tg;swsh12tg-TG28;TG28;Espadarnaldo e Escudoberto;https://limitlesstcg.nyc3.cdn.digitaloceanspaces.com/tpci/SIT/SIT_TG28_R_PT.png;https://limitlesstcg.com/cards/pt/SIT/TG28;baixado;
swsh12tg;swsh12tg-TG29;TG29;Rayquaza VMAX;https://limitlesstcg.nyc3.cdn.digitaloceanspaces.com/tpci/SIT/SIT_TG29_R_PT.png;https://limitlesstcg.com/cards/pt/SIT/TG29;baixado;
swsh12tg;swsh12tg-TG30;TG30;Duraludon VMAX;https://limitlesstcg.nyc3.cdn.digitaloceanspaces.com/tpci/SIT/SIT_TG30_R_PT.png;https://limitlesstcg.com/cards/pt/SIT/TG30;baixado;
swsh12;swsh12-001;001;Venonat;https://limitlesstcg.nyc3.cdn.digitaloceanspaces.com/tpci/SIT/SIT_001_R_PT.png;https://limitlesstcg.com/cards/pt/SIT/1;baixado;
swsh12;swsh12-002;002;Venomoth;https://limitlesstcg.nyc3.cdn.digitaloceanspaces.com/tpci/SIT/SIT_002_R_PT.png;https://limitlesstcg.com/cards/pt/SIT/2;baixado;
swsh12;swsh12-003;003;Spinarak;https://limitlesstcg.nyc3.cdn.digitaloceanspaces.com/tpci/SIT/SIT_003_R_PT.png;https://limitlesstcg.com/cards/pt/SIT/3;baixado;
swsh12;swsh12-004;004;Ariados;https://limitlesstcg.nyc3.cdn.digitaloceanspaces.com/tpci/SIT/SIT_004_R_PT.png;https://limitlesstcg.com/cards/pt/SIT/4;baixado;
swsh12;swsh12-005;005;Sunkern;https://limitlesstcg.nyc3.cdn.digitaloceanspaces.com/tpci/SIT/SIT_005_R_PT.png;https://limitlesstcg.com/cards/pt/SIT/5;baixado;
swsh12;swsh12-006;006;Sunflora;https://limitlesstcg.nyc3.cdn.digitaloceanspaces.com/tpci/SIT/SIT_006_R_PT.png;https://limitlesstcg.com/cards/pt/SIT/6;baixado;
swsh12;swsh12-007;007;Serperior V;https://limitlesstcg.nyc3.cdn.digitaloceanspaces.com/tpci/SIT/SIT_007_R_PT.png;https://limitlesstcg.com/cards/pt/SIT/7;baixado;
swsh12;swsh12-008;008;Serperior V-ASTRO;https://limitlesstcg.nyc3.cdn.digitaloceanspaces.com/tpci/SIT/SIT_008_R_PT.png;https://limitlesstcg.com/cards/pt/SIT/8;baixado;
swsh12;swsh12-009;009;Petilil;https://limitlesstcg.nyc3.cdn.digitaloceanspaces.com/tpci/SIT/SIT_009_R_PT.png;https://limitlesstcg.com/cards/pt/SIT/9;baixado;
swsh12;swsh12-010;010;Lilligant de Hisui;https://limitlesstcg.nyc3.cdn.digitaloceanspaces.com/tpci/SIT/SIT_010_R_PT.png;https://limitlesstcg.com/cards/pt/SIT/10;baixado;
swsh12;swsh12-011;011;Foongus;https://limitlesstcg.nyc3.cdn.digitaloceanspaces.com/tpci/SIT/SIT_011_R_PT.png;https://limitlesstcg.com/cards/pt/SIT/11;baixado;
swsh12;swsh12-012;012;Amoonguss;https://limitlesstcg.nyc3.cdn.digitaloceanspaces.com/tpci/SIT/SIT_012_R_PT.png;https://limitlesstcg.com/cards/pt/SIT/12;baixado;
swsh12;swsh12-013;013;Durant;https://limitlesstcg.nyc3.cdn.digitaloceanspaces.com/tpci/SIT/SIT_013_R_PT.png;https://limitlesstcg.com/cards/pt/SIT/13;baixado;
swsh12;swsh12-014;014;Virizion;https://limitlesstcg.nyc3.cdn.digitaloceanspaces.com/tpci/SIT/SIT_014_R_PT.png;https://limitlesstcg.com/cards/pt/SIT/14;baixado;
swsh12;swsh12-015;015;Chesnaught V;https://limitlesstcg.nyc3.cdn.digitaloceanspaces.com/tpci/SIT/SIT_015_R_PT.png;https://limitlesstcg.com/cards/pt/SIT/15;baixado;
swsh12;swsh12-016;016;Tsareena Radiante;https://limitlesstcg.nyc3.cdn.digitaloceanspaces.com/tpci/SIT/SIT_016_R_PT.png;https://limitlesstcg.com/cards/pt/SIT/16;baixado;
swsh12;swsh12-017;017;Vulpix;https://limitlesstcg.nyc3.cdn.digitaloceanspaces.com/tpci/SIT/SIT_017_R_PT.png;https://limitlesstcg.com/cards/pt/SIT/17;baixado;
swsh12;swsh12-018;018;Ninetales;https://limitlesstcg.nyc3.cdn.digitaloceanspaces.com/tpci/SIT/SIT_018_R_PT.png;https://limitlesstcg.com/cards/pt/SIT/18;baixado;
swsh12;swsh12-019;019;Growlithe;https://limitlesstcg.nyc3.cdn.digitaloceanspaces.com/tpci/SIT/SIT_019_R_PT.png;https://limitlesstcg.com/cards/pt/SIT/19;baixado;
swsh12;swsh12-020;020;Arcanine;https://limitlesstcg.nyc3.cdn.digitaloceanspaces.com/tpci/SIT/SIT_020_R_PT.png;https://limitlesstcg.com/cards/pt/SIT/20;baixado;
swsh12;swsh12-021;021;Ponyta;https://limitlesstcg.nyc3.cdn.digitaloceanspaces.com/tpci/SIT/SIT_021_R_PT.png;https://limitlesstcg.com/cards/pt/SIT/21;baixado;
swsh12;swsh12-022;022;Rapidash;https://limitlesstcg.nyc3.cdn.digitaloceanspaces.com/tpci/SIT/SIT_022_R_PT.png;https://limitlesstcg.com/cards/pt/SIT/22;baixado;
swsh12;swsh12-023;023;Victini;https://limitlesstcg.nyc3.cdn.digitaloceanspaces.com/tpci/SIT/SIT_023_R_PT.png;https://limitlesstcg.com/cards/pt/SIT/23;baixado;
swsh12;swsh12-024;024;Reshiram V;https://limitlesstcg.nyc3.cdn.digitaloceanspaces.com/tpci/SIT/SIT_024_R_PT.png;https://limitlesstcg.com/cards/pt/SIT/24;baixado;
swsh12;swsh12-025;025;Fennekin;https://limitlesstcg.nyc3.cdn.digitaloceanspaces.com/tpci/SIT/SIT_025_R_PT.png;https://limitlesstcg.com/cards/pt/SIT/25;baixado;
swsh12;swsh12-026;026;Braixen;https://limitlesstcg.nyc3.cdn.digitaloceanspaces.com/tpci/SIT/SIT_026_R_PT.png;https://limitlesstcg.com/cards/pt/SIT/26;baixado;
swsh12;swsh12-027;027;Delphox;https://limitlesstcg.nyc3.cdn.digitaloceanspaces.com/tpci/SIT/SIT_027_R_PT.png;https://limitlesstcg.com/cards/pt/SIT/27;baixado;
swsh12;swsh12-028;028;Fletchinder;https://limitlesstcg.nyc3.cdn.digitaloceanspaces.com/tpci/SIT/SIT_028_R_PT.png;https://limitlesstcg.com/cards/pt/SIT/28;baixado;
swsh12;swsh12-029;029;Talonflame;https://limitlesstcg.nyc3.cdn.digitaloceanspaces.com/tpci/SIT/SIT_029_R_PT.png;https://limitlesstcg.com/cards/pt/SIT/29;baixado;
swsh12;swsh12-030;030;Litten;https://limitlesstcg.nyc3.cdn.digitaloceanspaces.com/tpci/SIT/SIT_030_R_PT.png;https://limitlesstcg.com/cards/pt/SIT/30;baixado;
swsh12;swsh12-031;031;Torracat;https://limitlesstcg.nyc3.cdn.digitaloceanspaces.com/tpci/SIT/SIT_031_R_PT.png;https://limitlesstcg.com/cards/pt/SIT/31;baixado;
swsh12;swsh12-032;032;Incineroar;https://limitlesstcg.nyc3.cdn.digitaloceanspaces.com/tpci/SIT/SIT_032_R_PT.png;https://limitlesstcg.com/cards/pt/SIT/32;baixado;
swsh12;swsh12-033;033;Vulpix de Alola V;https://limitlesstcg.nyc3.cdn.digitaloceanspaces.com/tpci/SIT/SIT_033_R_PT.png;https://limitlesstcg.com/cards/pt/SIT/33;baixado;
swsh12;swsh12-034;034;Vulpix de Alola V-ASTRO;https://limitlesstcg.nyc3.cdn.digitaloceanspaces.com/tpci/SIT/SIT_034_R_PT.png;https://limitlesstcg.com/cards/pt/SIT/34;baixado;
swsh12;swsh12-035;035;Omastar V;https://limitlesstcg.nyc3.cdn.digitaloceanspaces.com/tpci/SIT/SIT_035_R_PT.png;https://limitlesstcg.com/cards/pt/SIT/35;baixado;
swsh12;swsh12-036;036;Articuno;https://limitlesstcg.nyc3.cdn.digitaloceanspaces.com/tpci/SIT/SIT_036_R_PT.png;https://limitlesstcg.com/cards/pt/SIT/36;baixado;
swsh12;swsh12-037;037;Wailmer;https://limitlesstcg.nyc3.cdn.digitaloceanspaces.com/tpci/SIT/SIT_037_R_PT.png;https://limitlesstcg.com/cards/pt/SIT/37;baixado;
swsh12;swsh12-038;038;Wailord;https://limitlesstcg.nyc3.cdn.digitaloceanspaces.com/tpci/SIT/SIT_038_R_PT.png;https://limitlesstcg.com/cards/pt/SIT/38;baixado;
swsh12;swsh12-039;039;Feebas;https://limitlesstcg.nyc3.cdn.digitaloceanspaces.com/tpci/SIT/SIT_039_R_PT.png;https://limitlesstcg.com/cards/pt/SIT/39;baixado;
swsh12;swsh12-040;040;Milotic;https://limitlesstcg.nyc3.cdn.digitaloceanspaces.com/tpci/SIT/SIT_040_R_PT.png;https://limitlesstcg.com/cards/pt/SIT/40;baixado;
swsh12;swsh12-041;041;Snorunt;https://limitlesstcg.nyc3.cdn.digitaloceanspaces.com/tpci/SIT/SIT_041_R_PT.png;https://limitlesstcg.com/cards/pt/SIT/41;baixado;
swsh12;swsh12-042;042;Glalie;https://limitlesstcg.nyc3.cdn.digitaloceanspaces.com/tpci/SIT/SIT_042_R_PT.png;https://limitlesstcg.com/cards/pt/SIT/42;baixado;
swsh12;swsh12-043;043;Froslass;https://limitlesstcg.nyc3.cdn.digitaloceanspaces.com/tpci/SIT/SIT_043_R_PT.png;https://limitlesstcg.com/cards/pt/SIT/43;baixado;
swsh12;swsh12-044;044;Relicanth;https://limitlesstcg.nyc3.cdn.digitaloceanspaces.com/tpci/SIT/SIT_044_R_PT.png;https://limitlesstcg.com/cards/pt/SIT/44;baixado;
swsh12;swsh12-045;045;Phione;https://limitlesstcg.nyc3.cdn.digitaloceanspaces.com/tpci/SIT/SIT_045_R_PT.png;https://limitlesstcg.com/cards/pt/SIT/45;baixado;
swsh12;swsh12-046;046;Keldeo;https://limitlesstcg.nyc3.cdn.digitaloceanspaces.com/tpci/SIT/SIT_046_R_PT.png;https://limitlesstcg.com/cards/pt/SIT/46;baixado;
swsh12;swsh12-047;047;Dewpider;https://limitlesstcg.nyc3.cdn.digitaloceanspaces.com/tpci/SIT/SIT_047_R_PT.png;https://limitlesstcg.com/cards/pt/SIT/47;baixado;
swsh12;swsh12-048;048;Araquanid;https://limitlesstcg.nyc3.cdn.digitaloceanspaces.com/tpci/SIT/SIT_048_R_PT.png;https://limitlesstcg.com/cards/pt/SIT/48;baixado;
swsh12;swsh12-049;049;Pikachu;https://limitlesstcg.nyc3.cdn.digitaloceanspaces.com/tpci/SIT/SIT_049_R_PT.png;https://limitlesstcg.com/cards/pt/SIT/49;baixado;
swsh12;swsh12-050;050;Raichu;https://limitlesstcg.nyc3.cdn.digitaloceanspaces.com/tpci/SIT/SIT_050_R_PT.png;https://limitlesstcg.com/cards/pt/SIT/50;baixado;
swsh12;swsh12-051;051;Chinchou;https://limitlesstcg.nyc3.cdn.digitaloceanspaces.com/tpci/SIT/SIT_051_R_PT.png;https://limitlesstcg.com/cards/pt/SIT/51;baixado;
swsh12;swsh12-052;052;Lanturn;https://limitlesstcg.nyc3.cdn.digitaloceanspaces.com/tpci/SIT/SIT_052_R_PT.png;https://limitlesstcg.com/cards/pt/SIT/52;baixado;
swsh12;swsh12-053;053;Rotom;https://limitlesstcg.nyc3.cdn.digitaloceanspaces.com/tpci/SIT/SIT_053_R_PT.png;https://limitlesstcg.com/cards/pt/SIT/53;baixado;
swsh12;swsh12-054;054;Emolga;https://limitlesstcg.nyc3.cdn.digitaloceanspaces.com/tpci/SIT/SIT_054_R_PT.png;https://limitlesstcg.com/cards/pt/SIT/54;baixado;
swsh12;swsh12-055;055;Stunfisk;https://limitlesstcg.nyc3.cdn.digitaloceanspaces.com/tpci/SIT/SIT_055_R_PT.png;https://limitlesstcg.com/cards/pt/SIT/55;baixado;
swsh12;swsh12-056;056;Zeraora;https://limitlesstcg.nyc3.cdn.digitaloceanspaces.com/tpci/SIT/SIT_056_R_PT.png;https://limitlesstcg.com/cards/pt/SIT/56;baixado;
swsh12;swsh12-057;057;Regieleki V;https://limitlesstcg.nyc3.cdn.digitaloceanspaces.com/tpci/SIT/SIT_057_R_PT.png;https://limitlesstcg.com/cards/pt/SIT/57;baixado;
swsh12;swsh12-058;058;Regieleki VMAX;https://limitlesstcg.nyc3.cdn.digitaloceanspaces.com/tpci/SIT/SIT_058_R_PT.png;https://limitlesstcg.com/cards/pt/SIT/58;baixado;
swsh12;swsh12-059;059;Alakazam Radiante;https://limitlesstcg.nyc3.cdn.digitaloceanspaces.com/tpci/SIT/SIT_059_R_PT.png;https://limitlesstcg.com/cards/pt/SIT/59;baixado;
swsh12;swsh12-060;060;Drowzee;https://limitlesstcg.nyc3.cdn.digitaloceanspaces.com/tpci/SIT/SIT_060_R_PT.png;https://limitlesstcg.com/cards/pt/SIT/60;baixado;
swsh12;swsh12-061;061;Hypno;https://limitlesstcg.nyc3.cdn.digitaloceanspaces.com/tpci/SIT/SIT_061_R_PT.png;https://limitlesstcg.com/cards/pt/SIT/61;baixado;
swsh12;swsh12-062;062;Jynx;https://limitlesstcg.nyc3.cdn.digitaloceanspaces.com/tpci/SIT/SIT_062_R_PT.png;https://limitlesstcg.com/cards/pt/SIT/62;baixado;
swsh12;swsh12-063;063;Misdreavus;https://limitlesstcg.nyc3.cdn.digitaloceanspaces.com/tpci/SIT/SIT_063_R_PT.png;https://limitlesstcg.com/cards/pt/SIT/63;baixado;
swsh12;swsh12-064;064;Mismagius;https://limitlesstcg.nyc3.cdn.digitaloceanspaces.com/tpci/SIT/SIT_064_R_PT.png;https://limitlesstcg.com/cards/pt/SIT/64;baixado;
swsh12;swsh12-065;065;Unown V;https://limitlesstcg.nyc3.cdn.digitaloceanspaces.com/tpci/SIT/SIT_065_R_PT.png;https://limitlesstcg.com/cards/pt/SIT/65;baixado;
swsh12;swsh12-066;066;Unown V-ASTRO;https://limitlesstcg.nyc3.cdn.digitaloceanspaces.com/tpci/SIT/SIT_066_R_PT.png;https://limitlesstcg.com/cards/pt/SIT/66;baixado;
swsh12;swsh12-067;067;Ralts;https://limitlesstcg.nyc3.cdn.digitaloceanspaces.com/tpci/SIT/SIT_067_R_PT.png;https://limitlesstcg.com/cards/pt/SIT/67;baixado;
swsh12;swsh12-068;068;Kirlia;https://limitlesstcg.nyc3.cdn.digitaloceanspaces.com/tpci/SIT/SIT_068_R_PT.png;https://limitlesstcg.com/cards/pt/SIT/68;baixado;
swsh12;swsh12-069;069;Gardevoir;https://limitlesstcg.nyc3.cdn.digitaloceanspaces.com/tpci/SIT/SIT_069_R_PT.png;https://limitlesstcg.com/cards/pt/SIT/69;baixado;
swsh12;swsh12-070;070;Mawile V;https://limitlesstcg.nyc3.cdn.digitaloceanspaces.com/tpci/SIT/SIT_070_R_PT.png;https://limitlesstcg.com/cards/pt/SIT/70;baixado;
swsh12;swsh12-071;071;Mawile V-ASTRO;https://limitlesstcg.nyc3.cdn.digitaloceanspaces.com/tpci/SIT/SIT_071_R_PT.png;https://limitlesstcg.com/cards/pt/SIT/71;baixado;
swsh12;swsh12-072;072;Meditite;https://limitlesstcg.nyc3.cdn.digitaloceanspaces.com/tpci/SIT/SIT_072_R_PT.png;https://limitlesstcg.com/cards/pt/SIT/72;baixado;
swsh12;swsh12-073;073;Medicham;https://limitlesstcg.nyc3.cdn.digitaloceanspaces.com/tpci/SIT/SIT_073_R_PT.png;https://limitlesstcg.com/cards/pt/SIT/73;baixado;
swsh12;swsh12-074;074;Chimecho;https://limitlesstcg.nyc3.cdn.digitaloceanspaces.com/tpci/SIT/SIT_074_R_PT.png;https://limitlesstcg.com/cards/pt/SIT/74;baixado;
swsh12;swsh12-075;075;Sigilyph;https://limitlesstcg.nyc3.cdn.digitaloceanspaces.com/tpci/SIT/SIT_075_R_PT.png;https://limitlesstcg.com/cards/pt/SIT/75;baixado;
swsh12;swsh12-076;076;Solosis;https://limitlesstcg.nyc3.cdn.digitaloceanspaces.com/tpci/SIT/SIT_076_R_PT.png;https://limitlesstcg.com/cards/pt/SIT/76;baixado;
swsh12;swsh12-077;077;Duosion;https://limitlesstcg.nyc3.cdn.digitaloceanspaces.com/tpci/SIT/SIT_077_R_PT.png;https://limitlesstcg.com/cards/pt/SIT/77;baixado;
swsh12;swsh12-078;078;Reuniclus;https://limitlesstcg.nyc3.cdn.digitaloceanspaces.com/tpci/SIT/SIT_078_R_PT.png;https://limitlesstcg.com/cards/pt/SIT/78;baixado;
swsh12;swsh12-079;079;Elgyem;https://limitlesstcg.nyc3.cdn.digitaloceanspaces.com/tpci/SIT/SIT_079_R_PT.png;https://limitlesstcg.com/cards/pt/SIT/79;baixado;
swsh12;swsh12-080;080;Beheeyem;https://limitlesstcg.nyc3.cdn.digitaloceanspaces.com/tpci/SIT/SIT_080_R_PT.png;https://limitlesstcg.com/cards/pt/SIT/80;baixado;
swsh12;swsh12-081;081;Espurr;https://limitlesstcg.nyc3.cdn.digitaloceanspaces.com/tpci/SIT/SIT_081_R_PT.png;https://limitlesstcg.com/cards/pt/SIT/81;baixado;
swsh12;swsh12-082;082;Meowstic;https://limitlesstcg.nyc3.cdn.digitaloceanspaces.com/tpci/SIT/SIT_082_R_PT.png;https://limitlesstcg.com/cards/pt/SIT/82;baixado;
swsh12;swsh12-083;083;Swirlix;https://limitlesstcg.nyc3.cdn.digitaloceanspaces.com/tpci/SIT/SIT_083_R_PT.png;https://limitlesstcg.com/cards/pt/SIT/83;baixado;
swsh12;swsh12-084;084;Slurpuff;https://limitlesstcg.nyc3.cdn.digitaloceanspaces.com/tpci/SIT/SIT_084_R_PT.png;https://limitlesstcg.com/cards/pt/SIT/84;baixado;
swsh12;swsh12-085;085;Dedenne;https://limitlesstcg.nyc3.cdn.digitaloceanspaces.com/tpci/SIT/SIT_085_R_PT.png;https://limitlesstcg.com/cards/pt/SIT/85;baixado;
swsh12;swsh12-086;086;Indeedee;https://limitlesstcg.nyc3.cdn.digitaloceanspaces.com/tpci/SIT/SIT_086_R_PT.png;https://limitlesstcg.com/cards/pt/SIT/86;baixado;
swsh12;swsh12-087;087;Dreepy;https://limitlesstcg.nyc3.cdn.digitaloceanspaces.com/tpci/SIT/SIT_087_R_PT.png;https://limitlesstcg.com/cards/pt/SIT/87;baixado;
swsh12;swsh12-088;088;Drakloak;https://limitlesstcg.nyc3.cdn.digitaloceanspaces.com/tpci/SIT/SIT_088_R_PT.png;https://limitlesstcg.com/cards/pt/SIT/88;baixado;
swsh12;swsh12-089;089;Dragapult;https://limitlesstcg.nyc3.cdn.digitaloceanspaces.com/tpci/SIT/SIT_089_R_PT.png;https://limitlesstcg.com/cards/pt/SIT/89;baixado;
swsh12;swsh12-090;090;Arcanine de Hisui V;https://limitlesstcg.nyc3.cdn.digitaloceanspaces.com/tpci/SIT/SIT_090_R_PT.png;https://limitlesstcg.com/cards/pt/SIT/90;baixado;
swsh12;swsh12-091;091;Phanpy;https://limitlesstcg.nyc3.cdn.digitaloceanspaces.com/tpci/SIT/SIT_091_R_PT.png;https://limitlesstcg.com/cards/pt/SIT/91;baixado;
swsh12;swsh12-092;092;Donphan;https://limitlesstcg.nyc3.cdn.digitaloceanspaces.com/tpci/SIT/SIT_092_R_PT.png;https://limitlesstcg.com/cards/pt/SIT/92;baixado;
swsh12;swsh12-093;093;Baltoy;https://limitlesstcg.nyc3.cdn.digitaloceanspaces.com/tpci/SIT/SIT_093_R_PT.png;https://limitlesstcg.com/cards/pt/SIT/93;baixado;
swsh12;swsh12-094;094;Claydol;https://limitlesstcg.nyc3.cdn.digitaloceanspaces.com/tpci/SIT/SIT_094_R_PT.png;https://limitlesstcg.com/cards/pt/SIT/94;baixado;
swsh12;swsh12-095;095;Anorith;https://limitlesstcg.nyc3.cdn.digitaloceanspaces.com/tpci/SIT/SIT_095_R_PT.png;https://limitlesstcg.com/cards/pt/SIT/95;baixado;
swsh12;swsh12-096;096;Armaldo;https://limitlesstcg.nyc3.cdn.digitaloceanspaces.com/tpci/SIT/SIT_096_R_PT.png;https://limitlesstcg.com/cards/pt/SIT/96;baixado;
swsh12;swsh12-097;097;Terrakion;https://limitlesstcg.nyc3.cdn.digitaloceanspaces.com/tpci/SIT/SIT_097_R_PT.png;https://limitlesstcg.com/cards/pt/SIT/97;baixado;
swsh12;swsh12-098;098;Hawlucha;https://limitlesstcg.nyc3.cdn.digitaloceanspaces.com/tpci/SIT/SIT_098_R_PT.png;https://limitlesstcg.com/cards/pt/SIT/98;baixado;
swsh12;swsh12-099;099;Sandygast;https://limitlesstcg.nyc3.cdn.digitaloceanspaces.com/tpci/SIT/SIT_099_R_PT.png;https://limitlesstcg.com/cards/pt/SIT/99;baixado;
swsh12;swsh12-100;100;Palossand;https://limitlesstcg.nyc3.cdn.digitaloceanspaces.com/tpci/SIT/SIT_100_R_PT.png;https://limitlesstcg.com/cards/pt/SIT/100;baixado;
swsh12;swsh12-101;101;Stonjourner;https://limitlesstcg.nyc3.cdn.digitaloceanspaces.com/tpci/SIT/SIT_101_R_PT.png;https://limitlesstcg.com/cards/pt/SIT/101;baixado;
swsh12;swsh12-102;102;Ursaluna V;https://limitlesstcg.nyc3.cdn.digitaloceanspaces.com/tpci/SIT/SIT_102_R_PT.png;https://limitlesstcg.com/cards/pt/SIT/102;baixado;
swsh12;swsh12-103;103;Zubat;https://limitlesstcg.nyc3.cdn.digitaloceanspaces.com/tpci/SIT/SIT_103_R_PT.png;https://limitlesstcg.com/cards/pt/SIT/103;baixado;
swsh12;swsh12-104;104;Golbat;https://limitlesstcg.nyc3.cdn.digitaloceanspaces.com/tpci/SIT/SIT_104_R_PT.png;https://limitlesstcg.com/cards/pt/SIT/104;baixado;
swsh12;swsh12-105;105;Crobat;https://limitlesstcg.nyc3.cdn.digitaloceanspaces.com/tpci/SIT/SIT_105_R_PT.png;https://limitlesstcg.com/cards/pt/SIT/105;baixado;
swsh12;swsh12-106;106;Murkrow;https://limitlesstcg.nyc3.cdn.digitaloceanspaces.com/tpci/SIT/SIT_106_R_PT.png;https://limitlesstcg.com/cards/pt/SIT/106;baixado;
swsh12;swsh12-107;107;Honchkrow;https://limitlesstcg.nyc3.cdn.digitaloceanspaces.com/tpci/SIT/SIT_107_R_PT.png;https://limitlesstcg.com/cards/pt/SIT/107;baixado;
swsh12;swsh12-108;108;Skuntank V;https://limitlesstcg.nyc3.cdn.digitaloceanspaces.com/tpci/SIT/SIT_108_R_PT.png;https://limitlesstcg.com/cards/pt/SIT/108;baixado;
swsh12;swsh12-109;109;Croagunk;https://limitlesstcg.nyc3.cdn.digitaloceanspaces.com/tpci/SIT/SIT_109_R_PT.png;https://limitlesstcg.com/cards/pt/SIT/109;baixado;
swsh12;swsh12-110;110;Toxicroak;https://limitlesstcg.nyc3.cdn.digitaloceanspaces.com/tpci/SIT/SIT_110_R_PT.png;https://limitlesstcg.com/cards/pt/SIT/110;baixado;
swsh12;swsh12-111;111;Sandile;https://limitlesstcg.nyc3.cdn.digitaloceanspaces.com/tpci/SIT/SIT_111_R_PT.png;https://limitlesstcg.com/cards/pt/SIT/111;baixado;
swsh12;swsh12-112;112;Krokorok;https://limitlesstcg.nyc3.cdn.digitaloceanspaces.com/tpci/SIT/SIT_112_R_PT.png;https://limitlesstcg.com/cards/pt/SIT/112;baixado;
swsh12;swsh12-113;113;Krookodile;https://limitlesstcg.nyc3.cdn.digitaloceanspaces.com/tpci/SIT/SIT_113_R_PT.png;https://limitlesstcg.com/cards/pt/SIT/113;baixado;
swsh12;swsh12-114;114;Mareanie;https://limitlesstcg.nyc3.cdn.digitaloceanspaces.com/tpci/SIT/SIT_114_R_PT.png;https://limitlesstcg.com/cards/pt/SIT/114;baixado;
swsh12;swsh12-115;115;Toxapex;https://limitlesstcg.nyc3.cdn.digitaloceanspaces.com/tpci/SIT/SIT_115_R_PT.png;https://limitlesstcg.com/cards/pt/SIT/115;baixado;
swsh12;swsh12-116;116;Morpeko;https://limitlesstcg.nyc3.cdn.digitaloceanspaces.com/tpci/SIT/SIT_116_R_PT.png;https://limitlesstcg.com/cards/pt/SIT/116;baixado;
swsh12;swsh12-117;117;Beldum;https://limitlesstcg.nyc3.cdn.digitaloceanspaces.com/tpci/SIT/SIT_117_R_PT.png;https://limitlesstcg.com/cards/pt/SIT/117;baixado;
swsh12;swsh12-118;118;Metang;https://limitlesstcg.nyc3.cdn.digitaloceanspaces.com/tpci/SIT/SIT_118_R_PT.png;https://limitlesstcg.com/cards/pt/SIT/118;baixado;
swsh12;swsh12-119;119;Metagross;https://limitlesstcg.nyc3.cdn.digitaloceanspaces.com/tpci/SIT/SIT_119_R_PT.png;https://limitlesstcg.com/cards/pt/SIT/119;baixado;
swsh12;swsh12-120;120;Jirachi Radiante;https://limitlesstcg.nyc3.cdn.digitaloceanspaces.com/tpci/SIT/SIT_120_R_PT.png;https://limitlesstcg.com/cards/pt/SIT/120;baixado;
swsh12;swsh12-121;121;Ferroseed;https://limitlesstcg.nyc3.cdn.digitaloceanspaces.com/tpci/SIT/SIT_121_R_PT.png;https://limitlesstcg.com/cards/pt/SIT/121;baixado;
swsh12;swsh12-122;122;Ferrothorn;https://limitlesstcg.nyc3.cdn.digitaloceanspaces.com/tpci/SIT/SIT_122_R_PT.png;https://limitlesstcg.com/cards/pt/SIT/122;baixado;
swsh12;swsh12-123;123;Klink;https://limitlesstcg.nyc3.cdn.digitaloceanspaces.com/tpci/SIT/SIT_123_R_PT.png;https://limitlesstcg.com/cards/pt/SIT/123;baixado;
swsh12;swsh12-124;124;Klang;https://limitlesstcg.nyc3.cdn.digitaloceanspaces.com/tpci/SIT/SIT_124_R_PT.png;https://limitlesstcg.com/cards/pt/SIT/124;baixado;
swsh12;swsh12-125;125;Klinklang;https://limitlesstcg.nyc3.cdn.digitaloceanspaces.com/tpci/SIT/SIT_125_R_PT.png;https://limitlesstcg.com/cards/pt/SIT/125;baixado;
swsh12;swsh12-126;126;Cobalion;https://limitlesstcg.nyc3.cdn.digitaloceanspaces.com/tpci/SIT/SIT_126_R_PT.png;https://limitlesstcg.com/cards/pt/SIT/126;baixado;
swsh12;swsh12-127;127;Togedemaru;https://limitlesstcg.nyc3.cdn.digitaloceanspaces.com/tpci/SIT/SIT_127_R_PT.png;https://limitlesstcg.com/cards/pt/SIT/127;baixado;
swsh12;swsh12-128;128;Magearna V;https://limitlesstcg.nyc3.cdn.digitaloceanspaces.com/tpci/SIT/SIT_128_R_PT.png;https://limitlesstcg.com/cards/pt/SIT/128;baixado;
swsh12;swsh12-129;129;Dratini;https://limitlesstcg.nyc3.cdn.digitaloceanspaces.com/tpci/SIT/SIT_129_R_PT.png;https://limitlesstcg.com/cards/pt/SIT/129;baixado;
swsh12;swsh12-130;130;Dragonair;https://limitlesstcg.nyc3.cdn.digitaloceanspaces.com/tpci/SIT/SIT_130_R_PT.png;https://limitlesstcg.com/cards/pt/SIT/130;baixado;
swsh12;swsh12-131;131;Dragonite;https://limitlesstcg.nyc3.cdn.digitaloceanspaces.com/tpci/SIT/SIT_131_R_PT.png;https://limitlesstcg.com/cards/pt/SIT/131;baixado;
swsh12;swsh12-132;132;Noibat;https://limitlesstcg.nyc3.cdn.digitaloceanspaces.com/tpci/SIT/SIT_132_R_PT.png;https://limitlesstcg.com/cards/pt/SIT/132;baixado;
swsh12;swsh12-133;133;Noivern;https://limitlesstcg.nyc3.cdn.digitaloceanspaces.com/tpci/SIT/SIT_133_R_PT.png;https://limitlesstcg.com/cards/pt/SIT/133;baixado;
swsh12;swsh12-134;134;Zygarde;https://limitlesstcg.nyc3.cdn.digitaloceanspaces.com/tpci/SIT/SIT_134_R_PT.png;https://limitlesstcg.com/cards/pt/SIT/134;baixado;
swsh12;swsh12-135;135;Regidrago V;https://limitlesstcg.nyc3.cdn.digitaloceanspaces.com/tpci/SIT/SIT_135_R_PT.png;https://limitlesstcg.com/cards/pt/SIT/135;baixado;
swsh12;swsh12-136;136;Regidrago V-ASTRO;https://limitlesstcg.nyc3.cdn.digitaloceanspaces.com/tpci/SIT/SIT_136_R_PT.png;https://limitlesstcg.com/cards/pt/SIT/136;baixado;
swsh12;swsh12-137;137;Smeargle;https://limitlesstcg.nyc3.cdn.digitaloceanspaces.com/tpci/SIT/SIT_137_R_PT.png;https://limitlesstcg.com/cards/pt/SIT/137;baixado;
swsh12;swsh12-138;138;Lugia V;https://limitlesstcg.nyc3.cdn.digitaloceanspaces.com/tpci/SIT/SIT_138_R_PT.png;https://limitlesstcg.com/cards/pt/SIT/138;baixado;
swsh12;swsh12-139;139;Lugia V-ASTRO;https://limitlesstcg.nyc3.cdn.digitaloceanspaces.com/tpci/SIT/SIT_139_R_PT.png;https://limitlesstcg.com/cards/pt/SIT/139;baixado;
swsh12;swsh12-140;140;Ho-Oh V;https://limitlesstcg.nyc3.cdn.digitaloceanspaces.com/tpci/SIT/SIT_140_R_PT.png;https://limitlesstcg.com/cards/pt/SIT/140;baixado;
swsh12;swsh12-141;141;Spinda;https://limitlesstcg.nyc3.cdn.digitaloceanspaces.com/tpci/SIT/SIT_141_R_PT.png;https://limitlesstcg.com/cards/pt/SIT/141;baixado;
swsh12;swsh12-142;142;Swablu;https://limitlesstcg.nyc3.cdn.digitaloceanspaces.com/tpci/SIT/SIT_142_R_PT.png;https://limitlesstcg.com/cards/pt/SIT/142;baixado;
swsh12;swsh12-143;143;Altaria;https://limitlesstcg.nyc3.cdn.digitaloceanspaces.com/tpci/SIT/SIT_143_R_PT.png;https://limitlesstcg.com/cards/pt/SIT/143;baixado;
swsh12;swsh12-144;144;Buneary;https://limitlesstcg.nyc3.cdn.digitaloceanspaces.com/tpci/SIT/SIT_144_R_PT.png;https://limitlesstcg.com/cards/pt/SIT/144;baixado;
swsh12;swsh12-145;145;Lopunny;https://limitlesstcg.nyc3.cdn.digitaloceanspaces.com/tpci/SIT/SIT_145_R_PT.png;https://limitlesstcg.com/cards/pt/SIT/145;baixado;
swsh12;swsh12-146;146;Archen;https://limitlesstcg.nyc3.cdn.digitaloceanspaces.com/tpci/SIT/SIT_146_R_PT.png;https://limitlesstcg.com/cards/pt/SIT/146;baixado;
swsh12;swsh12-147;147;Archeops;https://limitlesstcg.nyc3.cdn.digitaloceanspaces.com/tpci/SIT/SIT_147_R_PT.png;https://limitlesstcg.com/cards/pt/SIT/147;baixado;
swsh12;swsh12-148;148;Rufflet;https://limitlesstcg.nyc3.cdn.digitaloceanspaces.com/tpci/SIT/SIT_148_R_PT.png;https://limitlesstcg.com/cards/pt/SIT/148;baixado;
swsh12;swsh12-149;149;Braviary de Hisui;https://limitlesstcg.nyc3.cdn.digitaloceanspaces.com/tpci/SIT/SIT_149_R_PT.png;https://limitlesstcg.com/cards/pt/SIT/149;baixado;
swsh12;swsh12-150;150;Fletchling;https://limitlesstcg.nyc3.cdn.digitaloceanspaces.com/tpci/SIT/SIT_150_R_PT.png;https://limitlesstcg.com/cards/pt/SIT/150;baixado;
swsh12;swsh12-151;151;Brandon;https://limitlesstcg.nyc3.cdn.digitaloceanspaces.com/tpci/SIT/SIT_151_R_PT.png;https://limitlesstcg.com/cards/pt/SIT/151;baixado;
swsh12;swsh12-152;152;Candice;https://limitlesstcg.nyc3.cdn.digitaloceanspaces.com/tpci/SIT/SIT_152_R_PT.png;https://limitlesstcg.com/cards/pt/SIT/152;baixado;
swsh12;swsh12-153;153;Aroma Cativante;https://limitlesstcg.nyc3.cdn.digitaloceanspaces.com/tpci/SIT/SIT_153_R_PT.png;https://limitlesstcg.com/cards/pt/SIT/153;baixado;
swsh12;swsh12-154;154;Pedra Selada Terrestre;https://limitlesstcg.nyc3.cdn.digitaloceanspaces.com/tpci/SIT/SIT_154_R_PT.png;https://limitlesstcg.com/cards/pt/SIT/154;baixado;
swsh12;swsh12-155;155;Geleia Emergencial;https://limitlesstcg.nyc3.cdn.digitaloceanspaces.com/tpci/SIT/SIT_155_R_PT.png;https://limitlesstcg.com/cards/pt/SIT/155;baixado;
swsh12;swsh12-156;156;Pedra Selada Florestal;https://limitlesstcg.nyc3.cdn.digitaloceanspaces.com/tpci/SIT/SIT_156_R_PT.png;https://limitlesstcg.com/cards/pt/SIT/156;baixado;
swsh12;swsh12-157;157;Garota Furisode;https://limitlesstcg.nyc3.cdn.digitaloceanspaces.com/tpci/SIT/SIT_157_R_PT.png;https://limitlesstcg.com/cards/pt/SIT/157;baixado;
swsh12;swsh12-158;158;Treinador de Ginásio;https://limitlesstcg.nyc3.cdn.digitaloceanspaces.com/tpci/SIT/SIT_158_R_PT.png;https://limitlesstcg.com/cards/pt/SIT/158;baixado;
swsh12;swsh12-159;159;Lance;https://limitlesstcg.nyc3.cdn.digitaloceanspaces.com/tpci/SIT/SIT_159_R_PT.png;https://limitlesstcg.com/cards/pt/SIT/159;baixado;
swsh12;swsh12-160;160;Poncho Folhoso de Camuflagem;https://limitlesstcg.nyc3.cdn.digitaloceanspaces.com/tpci/SIT/SIT_160_R_PT.png;https://limitlesstcg.com/cards/pt/SIT/160;baixado;
swsh12;swsh12-161;161;Altar Primordial;https://limitlesstcg.nyc3.cdn.digitaloceanspaces.com/tpci/SIT/SIT_161_R_PT.png;https://limitlesstcg.com/cards/pt/SIT/161;baixado;
swsh12;swsh12-162;162;Professor Alfazema;https://limitlesstcg.nyc3.cdn.digitaloceanspaces.com/tpci/SIT/SIT_162_R_PT.png;https://limitlesstcg.com/cards/pt/SIT/162;baixado;
swsh12;swsh12-163;163;Pedra Quádrupla;https://limitlesstcg.nyc3.cdn.digitaloceanspaces.com/tpci/SIT/SIT_163_R_PT.png;https://limitlesstcg.com/cards/pt/SIT/163;baixado;
swsh12;swsh12-164;164;Serena;https://limitlesstcg.nyc3.cdn.digitaloceanspaces.com/tpci/SIT/SIT_164_R_PT.png;https://limitlesstcg.com/cards/pt/SIT/164;baixado;
swsh12;swsh12-165;165;Fóssil Não Identificado;https://limitlesstcg.nyc3.cdn.digitaloceanspaces.com/tpci/SIT/SIT_165_R_PT.png;https://limitlesstcg.com/cards/pt/SIT/165;baixado;
swsh12;swsh12-166;166;Wallace;https://limitlesstcg.nyc3.cdn.digitaloceanspaces.com/tpci/SIT/SIT_166_R_PT.png;https://limitlesstcg.com/cards/pt/SIT/166;baixado;
swsh12;swsh12-167;167;Trabalhadora;https://limitlesstcg.nyc3.cdn.digitaloceanspaces.com/tpci/SIT/SIT_167_R_PT.png;https://limitlesstcg.com/cards/pt/SIT/167;baixado;
swsh12;swsh12-168;168;Energia Regenerativa;https://limitlesstcg.nyc3.cdn.digitaloceanspaces.com/tpci/SIT/SIT_168_R_PT.png;https://limitlesstcg.com/cards/pt/SIT/168;baixado;
swsh12;swsh12-169;169;Energia de Proteção V;https://limitlesstcg.nyc3.cdn.digitaloceanspaces.com/tpci/SIT/SIT_169_R_PT.png;https://limitlesstcg.com/cards/pt/SIT/169;baixado;
swsh12;swsh12-170;170;Serperior V;https://limitlesstcg.nyc3.cdn.digitaloceanspaces.com/tpci/SIT/SIT_170_R_PT.png;https://limitlesstcg.com/cards/pt/SIT/170;baixado;
swsh12;swsh12-171;171;Chesnaught V;https://limitlesstcg.nyc3.cdn.digitaloceanspaces.com/tpci/SIT/SIT_171_R_PT.png;https://limitlesstcg.com/cards/pt/SIT/171;baixado;
swsh12;swsh12-172;172;Reshiram V;https://limitlesstcg.nyc3.cdn.digitaloceanspaces.com/tpci/SIT/SIT_172_R_PT.png;https://limitlesstcg.com/cards/pt/SIT/172;baixado;
swsh12;swsh12-173;173;Vulpix de Alola V;https://limitlesstcg.nyc3.cdn.digitaloceanspaces.com/tpci/SIT/SIT_173_R_PT.png;https://limitlesstcg.com/cards/pt/SIT/173;baixado;
swsh12;swsh12-174;174;Omastar V;https://limitlesstcg.nyc3.cdn.digitaloceanspaces.com/tpci/SIT/SIT_174_R_PT.png;https://limitlesstcg.com/cards/pt/SIT/174;baixado;
swsh12;swsh12-175;175;Regieleki V;https://limitlesstcg.nyc3.cdn.digitaloceanspaces.com/tpci/SIT/SIT_175_R_PT.png;https://limitlesstcg.com/cards/pt/SIT/175;baixado;
swsh12;swsh12-176;176;Unown V;https://limitlesstcg.nyc3.cdn.digitaloceanspaces.com/tpci/SIT/SIT_176_R_PT.png;https://limitlesstcg.com/cards/pt/SIT/176;baixado;
swsh12;swsh12-177;177;Unown V;https://limitlesstcg.nyc3.cdn.digitaloceanspaces.com/tpci/SIT/SIT_177_R_PT.png;https://limitlesstcg.com/cards/pt/SIT/177;baixado;
swsh12;swsh12-178;178;Mawile V;https://limitlesstcg.nyc3.cdn.digitaloceanspaces.com/tpci/SIT/SIT_178_R_PT.png;https://limitlesstcg.com/cards/pt/SIT/178;baixado;
swsh12;swsh12-179;179;Arcanine de Hisui V;https://limitlesstcg.nyc3.cdn.digitaloceanspaces.com/tpci/SIT/SIT_179_R_PT.png;https://limitlesstcg.com/cards/pt/SIT/179;baixado;
swsh12;swsh12-180;180;Skuntank V;https://limitlesstcg.nyc3.cdn.digitaloceanspaces.com/tpci/SIT/SIT_180_R_PT.png;https://limitlesstcg.com/cards/pt/SIT/180;baixado;
swsh12;swsh12-181;181;Skuntank V;https://limitlesstcg.nyc3.cdn.digitaloceanspaces.com/tpci/SIT/SIT_181_R_PT.png;https://limitlesstcg.com/cards/pt/SIT/181;baixado;
swsh12;swsh12-182;182;Magearna V;https://limitlesstcg.nyc3.cdn.digitaloceanspaces.com/tpci/SIT/SIT_182_R_PT.png;https://limitlesstcg.com/cards/pt/SIT/182;baixado;
swsh12;swsh12-183;183;Regidrago V;https://limitlesstcg.nyc3.cdn.digitaloceanspaces.com/tpci/SIT/SIT_183_R_PT.png;https://limitlesstcg.com/cards/pt/SIT/183;baixado;
swsh12;swsh12-184;184;Regidrago V;https://limitlesstcg.nyc3.cdn.digitaloceanspaces.com/tpci/SIT/SIT_184_R_PT.png;https://limitlesstcg.com/cards/pt/SIT/184;baixado;
swsh12;swsh12-185;185;Lugia V;https://limitlesstcg.nyc3.cdn.digitaloceanspaces.com/tpci/SIT/SIT_185_R_PT.png;https://limitlesstcg.com/cards/pt/SIT/185;baixado;
swsh12;swsh12-186;186;Lugia V;https://limitlesstcg.nyc3.cdn.digitaloceanspaces.com/tpci/SIT/SIT_186_R_PT.png;https://limitlesstcg.com/cards/pt/SIT/186;baixado;
swsh12;swsh12-187;187;Ho-Oh V;https://limitlesstcg.nyc3.cdn.digitaloceanspaces.com/tpci/SIT/SIT_187_R_PT.png;https://limitlesstcg.com/cards/pt/SIT/187;baixado;
swsh12;swsh12-188;188;Brandon;https://limitlesstcg.nyc3.cdn.digitaloceanspaces.com/tpci/SIT/SIT_188_R_PT.png;https://limitlesstcg.com/cards/pt/SIT/188;baixado;
swsh12;swsh12-189;189;Candice;https://limitlesstcg.nyc3.cdn.digitaloceanspaces.com/tpci/SIT/SIT_189_R_PT.png;https://limitlesstcg.com/cards/pt/SIT/189;baixado;
swsh12;swsh12-190;190;Garota Furisode;https://limitlesstcg.nyc3.cdn.digitaloceanspaces.com/tpci/SIT/SIT_190_R_PT.png;https://limitlesstcg.com/cards/pt/SIT/190;baixado;
swsh12;swsh12-191;191;Treinador de Ginásio;https://limitlesstcg.nyc3.cdn.digitaloceanspaces.com/tpci/SIT/SIT_191_R_PT.png;https://limitlesstcg.com/cards/pt/SIT/191;baixado;
swsh12;swsh12-192;192;Lance;https://limitlesstcg.nyc3.cdn.digitaloceanspaces.com/tpci/SIT/SIT_192_R_PT.png;https://limitlesstcg.com/cards/pt/SIT/192;baixado;
swsh12;swsh12-193;193;Serena;https://limitlesstcg.nyc3.cdn.digitaloceanspaces.com/tpci/SIT/SIT_193_R_PT.png;https://limitlesstcg.com/cards/pt/SIT/193;baixado;
swsh12;swsh12-194;194;Wallace;https://limitlesstcg.nyc3.cdn.digitaloceanspaces.com/tpci/SIT/SIT_194_R_PT.png;https://limitlesstcg.com/cards/pt/SIT/194;baixado;
swsh12;swsh12-195;195;Trabalhadora;https://limitlesstcg.nyc3.cdn.digitaloceanspaces.com/tpci/SIT/SIT_195_R_PT.png;https://limitlesstcg.com/cards/pt/SIT/195;baixado;
swsh12;swsh12-196;196;Serperior V-ASTRO;https://limitlesstcg.nyc3.cdn.digitaloceanspaces.com/tpci/SIT/SIT_196_R_PT.png;https://limitlesstcg.com/cards/pt/SIT/196;baixado;
swsh12;swsh12-197;197;Vulpix de Alola V-ASTRO;https://limitlesstcg.nyc3.cdn.digitaloceanspaces.com/tpci/SIT/SIT_197_R_PT.png;https://limitlesstcg.com/cards/pt/SIT/197;baixado;
swsh12;swsh12-198;198;Regieleki VMAX;https://limitlesstcg.nyc3.cdn.digitaloceanspaces.com/tpci/SIT/SIT_198_R_PT.png;https://limitlesstcg.com/cards/pt/SIT/198;baixado;
swsh12;swsh12-199;199;Unown V-ASTRO;https://limitlesstcg.nyc3.cdn.digitaloceanspaces.com/tpci/SIT/SIT_199_R_PT.png;https://limitlesstcg.com/cards/pt/SIT/199;baixado;
swsh12;swsh12-200;200;Mawile V-ASTRO;https://limitlesstcg.nyc3.cdn.digitaloceanspaces.com/tpci/SIT/SIT_200_R_PT.png;https://limitlesstcg.com/cards/pt/SIT/200;baixado;
swsh12;swsh12-201;201;Regidrago V-ASTRO;https://limitlesstcg.nyc3.cdn.digitaloceanspaces.com/tpci/SIT/SIT_201_R_PT.png;https://limitlesstcg.com/cards/pt/SIT/201;baixado;
swsh12;swsh12-202;202;Lugia V-ASTRO;https://limitlesstcg.nyc3.cdn.digitaloceanspaces.com/tpci/SIT/SIT_202_R_PT.png;https://limitlesstcg.com/cards/pt/SIT/202;baixado;
swsh12;swsh12-203;203;Brandon;https://limitlesstcg.nyc3.cdn.digitaloceanspaces.com/tpci/SIT/SIT_203_R_PT.png;https://limitlesstcg.com/cards/pt/SIT/203;baixado;
swsh12;swsh12-204;204;Candice;https://limitlesstcg.nyc3.cdn.digitaloceanspaces.com/tpci/SIT/SIT_204_R_PT.png;https://limitlesstcg.com/cards/pt/SIT/204;baixado;
swsh12;swsh12-205;205;Garota Furisode;https://limitlesstcg.nyc3.cdn.digitaloceanspaces.com/tpci/SIT/SIT_205_R_PT.png;https://limitlesstcg.com/cards/pt/SIT/205;baixado;
swsh12;swsh12-206;206;Lance;https://limitlesstcg.nyc3.cdn.digitaloceanspaces.com/tpci/SIT/SIT_206_R_PT.png;https://limitlesstcg.com/cards/pt/SIT/206;baixado;
swsh12;swsh12-207;207;Serena;https://limitlesstcg.nyc3.cdn.digitaloceanspaces.com/tpci/SIT/SIT_207_R_PT.png;https://limitlesstcg.com/cards/pt/SIT/207;baixado;
swsh12;swsh12-208;208;Wallace;https://limitlesstcg.nyc3.cdn.digitaloceanspaces.com/tpci/SIT/SIT_208_R_PT.png;https://limitlesstcg.com/cards/pt/SIT/208;baixado;
swsh12;swsh12-209;209;Trabalhadora;https://limitlesstcg.nyc3.cdn.digitaloceanspaces.com/tpci/SIT/SIT_209_R_PT.png;https://limitlesstcg.com/cards/pt/SIT/209;baixado;
swsh12;swsh12-210;210;Serperior V-ASTRO;https://limitlesstcg.nyc3.cdn.digitaloceanspaces.com/tpci/SIT/SIT_210_R_PT.png;https://limitlesstcg.com/cards/pt/SIT/210;baixado;
swsh12;swsh12-211;211;Lugia V-ASTRO;https://limitlesstcg.nyc3.cdn.digitaloceanspaces.com/tpci/SIT/SIT_211_R_PT.png;https://limitlesstcg.com/cards/pt/SIT/211;baixado;
swsh12;swsh12-212;212;Substituição de Energia;https://limitlesstcg.nyc3.cdn.digitaloceanspaces.com/tpci/SIT/SIT_212_R_PT.png;https://limitlesstcg.com/cards/pt/SIT/212;baixado;
swsh12;swsh12-213;213;Brejo Gapejaw;https://limitlesstcg.nyc3.cdn.digitaloceanspaces.com/tpci/SIT/SIT_213_R_PT.png;https://limitlesstcg.com/cards/pt/SIT/213;baixado;
swsh12;swsh12-214;214;Poncho Folhoso de Camuflagem;https://limitlesstcg.nyc3.cdn.digitaloceanspaces.com/tpci/SIT/SIT_214_R_PT.png;https://limitlesstcg.com/cards/pt/SIT/214;baixado;
swsh12;swsh12-215;215;Energia de Proteção V;https://limitlesstcg.nyc3.cdn.digitaloceanspaces.com/tpci/SIT/SIT_215_R_PT.png;https://limitlesstcg.com/cards/pt/SIT/215;baixado;
swsh12.5gg;swsh12.5gg-GG01;GG01;Voltorb de Hisui;https://limitlesstcg.nyc3.cdn.digitaloceanspaces.com/tpci/CRZ/CRZ_GG1_R_PT.png;https://limitlesstcg.com/cards/pt/CRZ/GG1;baixado;
swsh12.5gg;swsh12.5gg-GG02;GG02;Kricketune;https://limitlesstcg.nyc3.cdn.digitaloceanspaces.com/tpci/CRZ/CRZ_GG2_R_PT.png;https://limitlesstcg.com/cards/pt/CRZ/GG2;baixado;
swsh12.5gg;swsh12.5gg-GG03;GG03;Magmortar;https://limitlesstcg.nyc3.cdn.digitaloceanspaces.com/tpci/CRZ/CRZ_GG3_R_PT.png;https://limitlesstcg.com/cards/pt/CRZ/GG3;baixado;
swsh12.5gg;swsh12.5gg-GG04;GG04;Oricorio;https://limitlesstcg.nyc3.cdn.digitaloceanspaces.com/tpci/CRZ/CRZ_GG4_R_PT.png;https://limitlesstcg.com/cards/pt/CRZ/GG4;baixado;
swsh12.5gg;swsh12.5gg-GG05;GG05;Lapras;https://limitlesstcg.nyc3.cdn.digitaloceanspaces.com/tpci/CRZ/CRZ_GG5_R_PT.png;https://limitlesstcg.com/cards/pt/CRZ/GG5;baixado;
swsh12.5gg;swsh12.5gg-GG06;GG06;Manaphy;https://limitlesstcg.nyc3.cdn.digitaloceanspaces.com/tpci/CRZ/CRZ_GG6_R_PT.png;https://limitlesstcg.com/cards/pt/CRZ/GG6;baixado;
swsh12.5gg;swsh12.5gg-GG07;GG07;Keldeo;https://limitlesstcg.nyc3.cdn.digitaloceanspaces.com/tpci/CRZ/CRZ_GG7_R_PT.png;https://limitlesstcg.com/cards/pt/CRZ/GG7;baixado;
swsh12.5gg;swsh12.5gg-GG08;GG08;Electivire;https://limitlesstcg.nyc3.cdn.digitaloceanspaces.com/tpci/CRZ/CRZ_GG8_R_PT.png;https://limitlesstcg.com/cards/pt/CRZ/GG8;baixado;
swsh12.5gg;swsh12.5gg-GG09;GG09;Toxtricity;https://limitlesstcg.nyc3.cdn.digitaloceanspaces.com/tpci/CRZ/CRZ_GG9_R_PT.png;https://limitlesstcg.com/cards/pt/CRZ/GG9;baixado;
swsh12.5gg;swsh12.5gg-GG10;GG10;Mew;https://limitlesstcg.nyc3.cdn.digitaloceanspaces.com/tpci/CRZ/CRZ_GG10_R_PT.png;https://limitlesstcg.com/cards/pt/CRZ/GG10;baixado;
swsh12.5gg;swsh12.5gg-GG11;GG11;Lunatone;https://limitlesstcg.nyc3.cdn.digitaloceanspaces.com/tpci/CRZ/CRZ_GG11_R_PT.png;https://limitlesstcg.com/cards/pt/CRZ/GG11;baixado;
swsh12.5gg;swsh12.5gg-GG12;GG12;Deoxys;https://limitlesstcg.nyc3.cdn.digitaloceanspaces.com/tpci/CRZ/CRZ_GG12_R_PT.png;https://limitlesstcg.com/cards/pt/CRZ/GG12;baixado;
swsh12.5gg;swsh12.5gg-GG13;GG13;Diancie;https://limitlesstcg.nyc3.cdn.digitaloceanspaces.com/tpci/CRZ/CRZ_GG13_R_PT.png;https://limitlesstcg.com/cards/pt/CRZ/GG13;baixado;
swsh12.5gg;swsh12.5gg-GG14;GG14;Comfey;https://limitlesstcg.nyc3.cdn.digitaloceanspaces.com/tpci/CRZ/CRZ_GG14_R_PT.png;https://limitlesstcg.com/cards/pt/CRZ/GG14;baixado;
swsh12.5gg;swsh12.5gg-GG15;GG15;Solrock;https://limitlesstcg.nyc3.cdn.digitaloceanspaces.com/tpci/CRZ/CRZ_GG15_R_PT.png;https://limitlesstcg.com/cards/pt/CRZ/GG15;baixado;
swsh12.5gg;swsh12.5gg-GG16;GG16;Absol;https://limitlesstcg.nyc3.cdn.digitaloceanspaces.com/tpci/CRZ/CRZ_GG16_R_PT.png;https://limitlesstcg.com/cards/pt/CRZ/GG16;baixado;
swsh12.5gg;swsh12.5gg-GG17;GG17;Thievul;https://limitlesstcg.nyc3.cdn.digitaloceanspaces.com/tpci/CRZ/CRZ_GG17_R_PT.png;https://limitlesstcg.com/cards/pt/CRZ/GG17;baixado;
swsh12.5gg;swsh12.5gg-GG18;GG18;Magnezone;https://limitlesstcg.nyc3.cdn.digitaloceanspaces.com/tpci/CRZ/CRZ_GG18_R_PT.png;https://limitlesstcg.com/cards/pt/CRZ/GG18;baixado;
swsh12.5gg;swsh12.5gg-GG19;GG19;Altaria;https://limitlesstcg.nyc3.cdn.digitaloceanspaces.com/tpci/CRZ/CRZ_GG19_R_PT.png;https://limitlesstcg.com/cards/pt/CRZ/GG19;baixado;
swsh12.5gg;swsh12.5gg-GG20;GG20;Latias;https://limitlesstcg.nyc3.cdn.digitaloceanspaces.com/tpci/CRZ/CRZ_GG20_R_PT.png;https://limitlesstcg.com/cards/pt/CRZ/GG20;baixado;
swsh12.5gg;swsh12.5gg-GG21;GG21;Goodra de Hisui;https://limitlesstcg.nyc3.cdn.digitaloceanspaces.com/tpci/CRZ/CRZ_GG21_R_PT.png;https://limitlesstcg.com/cards/pt/CRZ/GG21;baixado;
swsh12.5gg;swsh12.5gg-GG22;GG22;Ditto;https://limitlesstcg.nyc3.cdn.digitaloceanspaces.com/tpci/CRZ/CRZ_GG22_R_PT.png;https://limitlesstcg.com/cards/pt/CRZ/GG22;baixado;
swsh12.5gg;swsh12.5gg-GG23;GG23;Dunsparce;https://limitlesstcg.nyc3.cdn.digitaloceanspaces.com/tpci/CRZ/CRZ_GG23_R_PT.png;https://limitlesstcg.com/cards/pt/CRZ/GG23;baixado;
swsh12.5gg;swsh12.5gg-GG24;GG24;Miltank;https://limitlesstcg.nyc3.cdn.digitaloceanspaces.com/tpci/CRZ/CRZ_GG24_R_PT.png;https://limitlesstcg.com/cards/pt/CRZ/GG24;baixado;
swsh12.5gg;swsh12.5gg-GG25;GG25;Bibarel;https://limitlesstcg.nyc3.cdn.digitaloceanspaces.com/tpci/CRZ/CRZ_GG25_R_PT.png;https://limitlesstcg.com/cards/pt/CRZ/GG25;baixado;
swsh12.5gg;swsh12.5gg-GG26;GG26;Riolu;https://limitlesstcg.nyc3.cdn.digitaloceanspaces.com/tpci/CRZ/CRZ_GG26_R_PT.png;https://limitlesstcg.com/cards/pt/CRZ/GG26;baixado;
swsh12.5gg;swsh12.5gg-GG27;GG27;Swablu;https://limitlesstcg.nyc3.cdn.digitaloceanspaces.com/tpci/CRZ/CRZ_GG27_R_PT.png;https://limitlesstcg.com/cards/pt/CRZ/GG27;baixado;
swsh12.5gg;swsh12.5gg-GG28;GG28;Duskull;https://limitlesstcg.nyc3.cdn.digitaloceanspaces.com/tpci/CRZ/CRZ_GG28_R_PT.png;https://limitlesstcg.com/cards/pt/CRZ/GG28;baixado;
swsh12.5gg;swsh12.5gg-GG29;GG29;Bidoof;https://limitlesstcg.nyc3.cdn.digitaloceanspaces.com/tpci/CRZ/CRZ_GG29_R_PT.png;https://limitlesstcg.com/cards/pt/CRZ/GG29;baixado;
swsh12.5gg;swsh12.5gg-GG30;GG30;Pikachu;https://limitlesstcg.nyc3.cdn.digitaloceanspaces.com/tpci/CRZ/CRZ_GG30_R_PT.png;https://limitlesstcg.com/cards/pt/CRZ/GG30;baixado;
swsh12.5gg;swsh12.5gg-GG31;GG31;Turtwig;https://limitlesstcg.nyc3.cdn.digitaloceanspaces.com/tpci/CRZ/CRZ_GG31_R_PT.png;https://limitlesstcg.com/cards/pt/CRZ/GG31;baixado;
swsh12.5gg;swsh12.5gg-GG32;GG32;Paras;https://limitlesstcg.nyc3.cdn.digitaloceanspaces.com/tpci/CRZ/CRZ_GG32_R_PT.png;https://limitlesstcg.com/cards/pt/CRZ/GG32;baixado;
swsh12.5gg;swsh12.5gg-GG33;GG33;Poochyena;https://limitlesstcg.nyc3.cdn.digitaloceanspaces.com/tpci/CRZ/CRZ_GG33_R_PT.png;https://limitlesstcg.com/cards/pt/CRZ/GG33;baixado;
swsh12.5gg;swsh12.5gg-GG34;GG34;Mareep;https://limitlesstcg.nyc3.cdn.digitaloceanspaces.com/tpci/CRZ/CRZ_GG34_R_PT.png;https://limitlesstcg.com/cards/pt/CRZ/GG34;baixado;
swsh12.5gg;swsh12.5gg-GG35;GG35;Leafeon V-ASTRO;https://limitlesstcg.nyc3.cdn.digitaloceanspaces.com/tpci/CRZ/CRZ_GG35_R_PT.png;https://limitlesstcg.com/cards/pt/CRZ/GG35;baixado;
swsh12.5gg;swsh12.5gg-GG36;GG36;Entei V;https://limitlesstcg.nyc3.cdn.digitaloceanspaces.com/tpci/CRZ/CRZ_GG36_R_PT.png;https://limitlesstcg.com/cards/pt/CRZ/GG36;baixado;
swsh12.5gg;swsh12.5gg-GG37;GG37;Simisear V-ASTRO;https://limitlesstcg.nyc3.cdn.digitaloceanspaces.com/tpci/CRZ/CRZ_GG37_R_PT.png;https://limitlesstcg.com/cards/pt/CRZ/GG37;baixado;
swsh12.5gg;swsh12.5gg-GG38;GG38;Suicune V;https://limitlesstcg.nyc3.cdn.digitaloceanspaces.com/tpci/CRZ/CRZ_GG38_R_PT.png;https://limitlesstcg.com/cards/pt/CRZ/GG38;baixado;
swsh12.5gg;swsh12.5gg-GG39;GG39;Lumineon V;https://limitlesstcg.nyc3.cdn.digitaloceanspaces.com/tpci/CRZ/CRZ_GG39_R_PT.png;https://limitlesstcg.com/cards/pt/CRZ/GG39;baixado;
swsh12.5gg;swsh12.5gg-GG40;GG40;Glaceon V-ASTRO;https://limitlesstcg.nyc3.cdn.digitaloceanspaces.com/tpci/CRZ/CRZ_GG40_R_PT.png;https://limitlesstcg.com/cards/pt/CRZ/GG40;baixado;
swsh12.5gg;swsh12.5gg-GG41;GG41;Raikou V;https://limitlesstcg.nyc3.cdn.digitaloceanspaces.com/tpci/CRZ/CRZ_GG41_R_PT.png;https://limitlesstcg.com/cards/pt/CRZ/GG41;baixado;
swsh12.5gg;swsh12.5gg-GG42;GG42;Zeraora VMAX;https://limitlesstcg.nyc3.cdn.digitaloceanspaces.com/tpci/CRZ/CRZ_GG42_R_PT.png;https://limitlesstcg.com/cards/pt/CRZ/GG42;baixado;
swsh12.5gg;swsh12.5gg-GG43;GG43;Zeraora V-ASTRO;https://limitlesstcg.nyc3.cdn.digitaloceanspaces.com/tpci/CRZ/CRZ_GG43_R_PT.png;https://limitlesstcg.com/cards/pt/CRZ/GG43;baixado;
swsh12.5gg;swsh12.5gg-GG44;GG44;Mewtwo V-ASTRO;https://limitlesstcg.nyc3.cdn.digitaloceanspaces.com/tpci/CRZ/CRZ_GG44_R_PT.png;https://limitlesstcg.com/cards/pt/CRZ/GG44;baixado;
swsh12.5gg;swsh12.5gg-GG45;GG45;Deoxys VMAX;https://limitlesstcg.nyc3.cdn.digitaloceanspaces.com/tpci/CRZ/CRZ_GG45_R_PT.png;https://limitlesstcg.com/cards/pt/CRZ/GG45;baixado;
swsh12.5gg;swsh12.5gg-GG46;GG46;Deoxys V-ASTRO;https://limitlesstcg.nyc3.cdn.digitaloceanspaces.com/tpci/CRZ/CRZ_GG46_R_PT.png;https://limitlesstcg.com/cards/pt/CRZ/GG46;baixado;
swsh12.5gg;swsh12.5gg-GG47;GG47;Hatterene VMAX;https://limitlesstcg.nyc3.cdn.digitaloceanspaces.com/tpci/CRZ/CRZ_GG47_R_PT.png;https://limitlesstcg.com/cards/pt/CRZ/GG47;baixado;
swsh12.5gg;swsh12.5gg-GG48;GG48;Zacian V;https://limitlesstcg.nyc3.cdn.digitaloceanspaces.com/tpci/CRZ/CRZ_GG48_R_PT.png;https://limitlesstcg.com/cards/pt/CRZ/GG48;baixado;
swsh12.5gg;swsh12.5gg-GG49;GG49;Drapion V;https://limitlesstcg.nyc3.cdn.digitaloceanspaces.com/tpci/CRZ/CRZ_GG49_R_PT.png;https://limitlesstcg.com/cards/pt/CRZ/GG49;baixado;
swsh12.5gg;swsh12.5gg-GG50;GG50;Darkrai V-ASTRO;https://limitlesstcg.nyc3.cdn.digitaloceanspaces.com/tpci/CRZ/CRZ_GG50_R_PT.png;https://limitlesstcg.com/cards/pt/CRZ/GG50;baixado;
swsh12.5gg;swsh12.5gg-GG51;GG51;Samurott de Hisui V;https://limitlesstcg.nyc3.cdn.digitaloceanspaces.com/tpci/CRZ/CRZ_GG51_R_PT.png;https://limitlesstcg.com/cards/pt/CRZ/GG51;baixado;
swsh12.5gg;swsh12.5gg-GG52;GG52;Samurott de Hisui V-ASTRO;https://limitlesstcg.nyc3.cdn.digitaloceanspaces.com/tpci/CRZ/CRZ_GG52_R_PT.png;https://limitlesstcg.com/cards/pt/CRZ/GG52;baixado;
swsh12.5gg;swsh12.5gg-GG53;GG53;Hoopa V;https://limitlesstcg.nyc3.cdn.digitaloceanspaces.com/tpci/CRZ/CRZ_GG53_R_PT.png;https://limitlesstcg.com/cards/pt/CRZ/GG53;baixado;
swsh12.5gg;swsh12.5gg-GG54;GG54;Zamazenta V;https://limitlesstcg.nyc3.cdn.digitaloceanspaces.com/tpci/CRZ/CRZ_GG54_R_PT.png;https://limitlesstcg.com/cards/pt/CRZ/GG54;baixado;
swsh12.5gg;swsh12.5gg-GG55;GG55;Regigigas V-ASTRO;https://limitlesstcg.nyc3.cdn.digitaloceanspaces.com/tpci/CRZ/CRZ_GG55_R_PT.png;https://limitlesstcg.com/cards/pt/CRZ/GG55;baixado;
swsh12.5gg;swsh12.5gg-GG56;GG56;Zoroark de Hisui V-ASTRO;https://limitlesstcg.nyc3.cdn.digitaloceanspaces.com/tpci/CRZ/CRZ_GG56_R_PT.png;https://limitlesstcg.com/cards/pt/CRZ/GG56;baixado;
swsh12.5gg;swsh12.5gg-GG57;GG57;Ádamo;https://limitlesstcg.nyc3.cdn.digitaloceanspaces.com/tpci/CRZ/CRZ_GG57_R_PT.png;https://limitlesstcg.com/cards/pt/CRZ/GG57;baixado;
swsh12.5gg;swsh12.5gg-GG58;GG58;Cuidado do Cheren;https://limitlesstcg.nyc3.cdn.digitaloceanspaces.com/tpci/CRZ/CRZ_GG58_R_PT.png;https://limitlesstcg.com/cards/pt/CRZ/GG58;baixado;
swsh12.5gg;swsh12.5gg-GG59;GG59;Experimento do Colress;https://limitlesstcg.nyc3.cdn.digitaloceanspaces.com/tpci/CRZ/CRZ_GG59_R_PT.png;https://limitlesstcg.com/cards/pt/CRZ/GG59;baixado;
swsh12.5gg;swsh12.5gg-GG60;GG60;Ambição da Cíntia;https://limitlesstcg.nyc3.cdn.digitaloceanspaces.com/tpci/CRZ/CRZ_GG60_R_PT.png;https://limitlesstcg.com/cards/pt/CRZ/GG60;baixado;
swsh12.5gg;swsh12.5gg-GG61;GG61;Vigor da Gardênia;https://limitlesstcg.nyc3.cdn.digitaloceanspaces.com/tpci/CRZ/CRZ_GG61_R_PT.png;https://limitlesstcg.com/cards/pt/CRZ/GG61;baixado;
swsh12.5gg;swsh12.5gg-GG62;GG62;Grant;https://limitlesstcg.nyc3.cdn.digitaloceanspaces.com/tpci/CRZ/CRZ_GG62_R_PT.png;https://limitlesstcg.com/cards/pt/CRZ/GG62;baixado;
swsh12.5gg;swsh12.5gg-GG63;GG63;Irida;https://limitlesstcg.nyc3.cdn.digitaloceanspaces.com/tpci/CRZ/CRZ_GG63_R_PT.png;https://limitlesstcg.com/cards/pt/CRZ/GG63;baixado;
swsh12.5gg;swsh12.5gg-GG64;GG64;Melony;https://limitlesstcg.nyc3.cdn.digitaloceanspaces.com/tpci/CRZ/CRZ_GG64_R_PT.png;https://limitlesstcg.com/cards/pt/CRZ/GG64;baixado;
swsh12.5gg;swsh12.5gg-GG65;GG65;Roy;https://limitlesstcg.nyc3.cdn.digitaloceanspaces.com/tpci/CRZ/CRZ_GG65_R_PT.png;https://limitlesstcg.com/cards/pt/CRZ/GG65;baixado;
swsh12.5gg;swsh12.5gg-GG66;GG66;Roxanne;https://limitlesstcg.nyc3.cdn.digitaloceanspaces.com/tpci/CRZ/CRZ_GG66_R_PT.png;https://limitlesstcg.com/cards/pt/CRZ/GG66;baixado;
swsh12.5gg;swsh12.5gg-GG67;GG67;Palkia Forma Origem V-ASTRO;https://limitlesstcg.nyc3.cdn.digitaloceanspaces.com/tpci/CRZ/CRZ_GG67_R_PT.png;https://limitlesstcg.com/cards/pt/CRZ/GG67;baixado;
swsh12.5gg;swsh12.5gg-GG68;GG68;Dialga Forma Origem V-ASTRO;https://limitlesstcg.nyc3.cdn.digitaloceanspaces.com/tpci/CRZ/CRZ_GG68_R_PT.png;https://limitlesstcg.com/cards/pt/CRZ/GG68;baixado;
swsh12.5gg;swsh12.5gg-GG69;GG69;Giratina V-ASTRO;https://limitlesstcg.nyc3.cdn.digitaloceanspaces.com/tpci/CRZ/CRZ_GG69_R_PT.png;https://limitlesstcg.com/cards/pt/CRZ/GG69;baixado;
swsh12.5gg;swsh12.5gg-GG70;GG70;Arceus V-ASTRO;https://limitlesstcg.nyc3.cdn.digitaloceanspaces.com/tpci/CRZ/CRZ_GG70_R_PT.png;https://limitlesstcg.com/cards/pt/CRZ/GG70;baixado;
swsh12.5;swsh12.5-001;001;Oddish;https://limitlesstcg.nyc3.cdn.digitaloceanspaces.com/tpci/CRZ/CRZ_001_R_PT.png;https://limitlesstcg.com/cards/pt/CRZ/1;baixado;
swsh12.5;swsh12.5-002;002;Gloom;https://limitlesstcg.nyc3.cdn.digitaloceanspaces.com/tpci/CRZ/CRZ_002_R_PT.png;https://limitlesstcg.com/cards/pt/CRZ/2;baixado;
swsh12.5;swsh12.5-003;003;Bellossom;https://limitlesstcg.nyc3.cdn.digitaloceanspaces.com/tpci/CRZ/CRZ_003_R_PT.png;https://limitlesstcg.com/cards/pt/CRZ/3;baixado;
swsh12.5;swsh12.5-004;004;Tangela;https://limitlesstcg.nyc3.cdn.digitaloceanspaces.com/tpci/CRZ/CRZ_004_R_PT.png;https://limitlesstcg.com/cards/pt/CRZ/4;baixado;
swsh12.5;swsh12.5-005;005;Tangrowth;https://limitlesstcg.nyc3.cdn.digitaloceanspaces.com/tpci/CRZ/CRZ_005_R_PT.png;https://limitlesstcg.com/cards/pt/CRZ/5;baixado;
swsh12.5;swsh12.5-006;006;Scyther;https://limitlesstcg.nyc3.cdn.digitaloceanspaces.com/tpci/CRZ/CRZ_006_R_PT.png;https://limitlesstcg.com/cards/pt/CRZ/6;baixado;
swsh12.5;swsh12.5-007;007;Sunkern;https://limitlesstcg.nyc3.cdn.digitaloceanspaces.com/tpci/CRZ/CRZ_007_R_PT.png;https://limitlesstcg.com/cards/pt/CRZ/7;baixado;
swsh12.5;swsh12.5-008;008;Yanma;https://limitlesstcg.nyc3.cdn.digitaloceanspaces.com/tpci/CRZ/CRZ_008_R_PT.png;https://limitlesstcg.com/cards/pt/CRZ/8;baixado;
swsh12.5;swsh12.5-009;009;Yanmega;https://limitlesstcg.nyc3.cdn.digitaloceanspaces.com/tpci/CRZ/CRZ_009_R_PT.png;https://limitlesstcg.com/cards/pt/CRZ/9;baixado;
swsh12.5;swsh12.5-010;010;Kricketot;https://limitlesstcg.nyc3.cdn.digitaloceanspaces.com/tpci/CRZ/CRZ_010_R_PT.png;https://limitlesstcg.com/cards/pt/CRZ/10;baixado;
swsh12.5;swsh12.5-011;011;Cherubi;https://limitlesstcg.nyc3.cdn.digitaloceanspaces.com/tpci/CRZ/CRZ_011_R_PT.png;https://limitlesstcg.com/cards/pt/CRZ/11;baixado;
swsh12.5;swsh12.5-012;012;Carnivine;https://limitlesstcg.nyc3.cdn.digitaloceanspaces.com/tpci/CRZ/CRZ_012_R_PT.png;https://limitlesstcg.com/cards/pt/CRZ/12;baixado;
swsh12.5;swsh12.5-013;013;Leafeon V;https://limitlesstcg.nyc3.cdn.digitaloceanspaces.com/tpci/CRZ/CRZ_013_R_PT.png;https://limitlesstcg.com/cards/pt/CRZ/13;baixado;
swsh12.5;swsh12.5-014;014;Leafeon V-ASTRO;https://limitlesstcg.nyc3.cdn.digitaloceanspaces.com/tpci/CRZ/CRZ_014_R_PT.png;https://limitlesstcg.com/cards/pt/CRZ/14;baixado;
swsh12.5;swsh12.5-015;015;Grubbin;https://limitlesstcg.nyc3.cdn.digitaloceanspaces.com/tpci/CRZ/CRZ_015_R_PT.png;https://limitlesstcg.com/cards/pt/CRZ/15;baixado;
swsh12.5;swsh12.5-016;016;Zarude;https://limitlesstcg.nyc3.cdn.digitaloceanspaces.com/tpci/CRZ/CRZ_016_R_PT.png;https://limitlesstcg.com/cards/pt/CRZ/16;baixado;
swsh12.5;swsh12.5-017;017;Calyrex;https://limitlesstcg.nyc3.cdn.digitaloceanspaces.com/tpci/CRZ/CRZ_017_R_PT.png;https://limitlesstcg.com/cards/pt/CRZ/17;baixado;
swsh12.5;swsh12.5-018;018;Charizard V;https://limitlesstcg.nyc3.cdn.digitaloceanspaces.com/tpci/CRZ/CRZ_018_R_PT.png;https://limitlesstcg.com/cards/pt/CRZ/18;baixado;
swsh12.5;swsh12.5-019;019;Charizard V-ASTRO;https://limitlesstcg.nyc3.cdn.digitaloceanspaces.com/tpci/CRZ/CRZ_019_R_PT.png;https://limitlesstcg.com/cards/pt/CRZ/19;baixado;
swsh12.5;swsh12.5-020;020;Charizard Radiante;https://limitlesstcg.nyc3.cdn.digitaloceanspaces.com/tpci/CRZ/CRZ_020_R_PT.png;https://limitlesstcg.com/cards/pt/CRZ/20;baixado;
swsh12.5;swsh12.5-021;021;Entei;https://limitlesstcg.nyc3.cdn.digitaloceanspaces.com/tpci/CRZ/CRZ_021_R_PT.png;https://limitlesstcg.com/cards/pt/CRZ/21;baixado;
swsh12.5;swsh12.5-022;022;Simisear V;https://limitlesstcg.nyc3.cdn.digitaloceanspaces.com/tpci/CRZ/CRZ_022_R_PT.png;https://limitlesstcg.com/cards/pt/CRZ/22;baixado;
swsh12.5;swsh12.5-023;023;Simisear V-ASTRO;https://limitlesstcg.nyc3.cdn.digitaloceanspaces.com/tpci/CRZ/CRZ_023_R_PT.png;https://limitlesstcg.com/cards/pt/CRZ/23;baixado;
swsh12.5;swsh12.5-024;024;Larvesta;https://limitlesstcg.nyc3.cdn.digitaloceanspaces.com/tpci/CRZ/CRZ_024_R_PT.png;https://limitlesstcg.com/cards/pt/CRZ/24;baixado;
swsh12.5;swsh12.5-025;025;Volcarona;https://limitlesstcg.nyc3.cdn.digitaloceanspaces.com/tpci/CRZ/CRZ_025_R_PT.png;https://limitlesstcg.com/cards/pt/CRZ/25;baixado;
swsh12.5;swsh12.5-026;026;Volcanion;https://limitlesstcg.nyc3.cdn.digitaloceanspaces.com/tpci/CRZ/CRZ_026_R_PT.png;https://limitlesstcg.com/cards/pt/CRZ/26;baixado;
swsh12.5;swsh12.5-027;027;Salandit;https://limitlesstcg.nyc3.cdn.digitaloceanspaces.com/tpci/CRZ/CRZ_027_R_PT.png;https://limitlesstcg.com/cards/pt/CRZ/27;baixado;
swsh12.5;swsh12.5-028;028;Salazzle;https://limitlesstcg.nyc3.cdn.digitaloceanspaces.com/tpci/CRZ/CRZ_028_R_PT.png;https://limitlesstcg.com/cards/pt/CRZ/28;baixado;
swsh12.5;swsh12.5-029;029;Seel;https://limitlesstcg.nyc3.cdn.digitaloceanspaces.com/tpci/CRZ/CRZ_029_R_PT.png;https://limitlesstcg.com/cards/pt/CRZ/29;baixado;
swsh12.5;swsh12.5-030;030;Mr. Mime de Galar;https://limitlesstcg.nyc3.cdn.digitaloceanspaces.com/tpci/CRZ/CRZ_030_R_PT.png;https://limitlesstcg.com/cards/pt/CRZ/30;baixado;
swsh12.5;swsh12.5-031;031;Wailmer;https://limitlesstcg.nyc3.cdn.digitaloceanspaces.com/tpci/CRZ/CRZ_031_R_PT.png;https://limitlesstcg.com/cards/pt/CRZ/31;baixado;
swsh12.5;swsh12.5-032;032;Wailord;https://limitlesstcg.nyc3.cdn.digitaloceanspaces.com/tpci/CRZ/CRZ_032_R_PT.png;https://limitlesstcg.com/cards/pt/CRZ/32;baixado;
swsh12.5;swsh12.5-033;033;Corphish;https://limitlesstcg.nyc3.cdn.digitaloceanspaces.com/tpci/CRZ/CRZ_033_R_PT.png;https://limitlesstcg.com/cards/pt/CRZ/33;baixado;
swsh12.5;swsh12.5-034;034;Snorunt;https://limitlesstcg.nyc3.cdn.digitaloceanspaces.com/tpci/CRZ/CRZ_034_R_PT.png;https://limitlesstcg.com/cards/pt/CRZ/34;baixado;
swsh12.5;swsh12.5-035;035;Luvdisc;https://limitlesstcg.nyc3.cdn.digitaloceanspaces.com/tpci/CRZ/CRZ_035_R_PT.png;https://limitlesstcg.com/cards/pt/CRZ/35;baixado;
swsh12.5;swsh12.5-036;036;Kyogre;https://limitlesstcg.nyc3.cdn.digitaloceanspaces.com/tpci/CRZ/CRZ_036_R_PT.png;https://limitlesstcg.com/cards/pt/CRZ/36;baixado;
swsh12.5;swsh12.5-037;037;Kyogre V;https://limitlesstcg.nyc3.cdn.digitaloceanspaces.com/tpci/CRZ/CRZ_037_R_PT.png;https://limitlesstcg.com/cards/pt/CRZ/37;baixado;
swsh12.5;swsh12.5-038;038;Glaceon V;https://limitlesstcg.nyc3.cdn.digitaloceanspaces.com/tpci/CRZ/CRZ_038_R_PT.png;https://limitlesstcg.com/cards/pt/CRZ/38;baixado;
swsh12.5;swsh12.5-039;039;Shinx;https://limitlesstcg.nyc3.cdn.digitaloceanspaces.com/tpci/CRZ/CRZ_039_R_PT.png;https://limitlesstcg.com/cards/pt/CRZ/39;baixado;
swsh12.5;swsh12.5-040;040;Shinx;https://limitlesstcg.nyc3.cdn.digitaloceanspaces.com/tpci/CRZ/CRZ_040_R_PT.png;https://limitlesstcg.com/cards/pt/CRZ/40;baixado;
swsh12.5;swsh12.5-041;041;Luxio;https://limitlesstcg.nyc3.cdn.digitaloceanspaces.com/tpci/CRZ/CRZ_041_R_PT.png;https://limitlesstcg.com/cards/pt/CRZ/41;baixado;
swsh12.5;swsh12.5-042;042;Luxio;https://limitlesstcg.nyc3.cdn.digitaloceanspaces.com/tpci/CRZ/CRZ_042_R_PT.png;https://limitlesstcg.com/cards/pt/CRZ/42;baixado;
swsh12.5;swsh12.5-043;043;Luxray;https://limitlesstcg.nyc3.cdn.digitaloceanspaces.com/tpci/CRZ/CRZ_043_R_PT.png;https://limitlesstcg.com/cards/pt/CRZ/43;baixado;
swsh12.5;swsh12.5-044;044;Luxray;https://limitlesstcg.nyc3.cdn.digitaloceanspaces.com/tpci/CRZ/CRZ_044_R_PT.png;https://limitlesstcg.com/cards/pt/CRZ/44;baixado;
swsh12.5;swsh12.5-045;045;Rotom V;https://limitlesstcg.nyc3.cdn.digitaloceanspaces.com/tpci/CRZ/CRZ_045_R_PT.png;https://limitlesstcg.com/cards/pt/CRZ/45;baixado;
swsh12.5;swsh12.5-046;046;Rotom V-ASTRO;https://limitlesstcg.nyc3.cdn.digitaloceanspaces.com/tpci/CRZ/CRZ_046_R_PT.png;https://limitlesstcg.com/cards/pt/CRZ/46;baixado;
swsh12.5;swsh12.5-047;047;Emolga;https://limitlesstcg.nyc3.cdn.digitaloceanspaces.com/tpci/CRZ/CRZ_047_R_PT.png;https://limitlesstcg.com/cards/pt/CRZ/47;baixado;
swsh12.5;swsh12.5-048;048;Eelektrik;https://limitlesstcg.nyc3.cdn.digitaloceanspaces.com/tpci/CRZ/CRZ_048_R_PT.png;https://limitlesstcg.com/cards/pt/CRZ/48;baixado;
swsh12.5;swsh12.5-049;049;Helioptile;https://limitlesstcg.nyc3.cdn.digitaloceanspaces.com/tpci/CRZ/CRZ_049_R_PT.png;https://limitlesstcg.com/cards/pt/CRZ/49;baixado;
swsh12.5;swsh12.5-050;050;Heliolisk;https://limitlesstcg.nyc3.cdn.digitaloceanspaces.com/tpci/CRZ/CRZ_050_R_PT.png;https://limitlesstcg.com/cards/pt/CRZ/50;baixado;
swsh12.5;swsh12.5-051;051;Charjabug Radiante;https://limitlesstcg.nyc3.cdn.digitaloceanspaces.com/tpci/CRZ/CRZ_051_R_PT.png;https://limitlesstcg.com/cards/pt/CRZ/51;baixado;
swsh12.5;swsh12.5-052;052;Zeraora;https://limitlesstcg.nyc3.cdn.digitaloceanspaces.com/tpci/CRZ/CRZ_052_R_PT.png;https://limitlesstcg.com/cards/pt/CRZ/52;baixado;
swsh12.5;swsh12.5-053;053;Zeraora V;https://limitlesstcg.nyc3.cdn.digitaloceanspaces.com/tpci/CRZ/CRZ_053_R_PT.png;https://limitlesstcg.com/cards/pt/CRZ/53;baixado;
swsh12.5;swsh12.5-054;054;Zeraora VMAX;https://limitlesstcg.nyc3.cdn.digitaloceanspaces.com/tpci/CRZ/CRZ_054_R_PT.png;https://limitlesstcg.com/cards/pt/CRZ/54;baixado;
swsh12.5;swsh12.5-055;055;Zeraora V-ASTRO;https://limitlesstcg.nyc3.cdn.digitaloceanspaces.com/tpci/CRZ/CRZ_055_R_PT.png;https://limitlesstcg.com/cards/pt/CRZ/55;baixado;
swsh12.5;swsh12.5-056;056;Pincurchin;https://limitlesstcg.nyc3.cdn.digitaloceanspaces.com/tpci/CRZ/CRZ_056_R_PT.png;https://limitlesstcg.com/cards/pt/CRZ/56;baixado;
swsh12.5;swsh12.5-057;057;Exeggcute;https://limitlesstcg.nyc3.cdn.digitaloceanspaces.com/tpci/CRZ/CRZ_057_R_PT.png;https://limitlesstcg.com/cards/pt/CRZ/57;baixado;
swsh12.5;swsh12.5-058;058;Exeggutor;https://limitlesstcg.nyc3.cdn.digitaloceanspaces.com/tpci/CRZ/CRZ_058_R_PT.png;https://limitlesstcg.com/cards/pt/CRZ/58;baixado;
swsh12.5;swsh12.5-059;059;Mewtwo;https://limitlesstcg.nyc3.cdn.digitaloceanspaces.com/tpci/CRZ/CRZ_059_R_PT.png;https://limitlesstcg.com/cards/pt/CRZ/59;baixado;
swsh12.5;swsh12.5-060;060;Mew V;https://limitlesstcg.nyc3.cdn.digitaloceanspaces.com/tpci/CRZ/CRZ_060_R_PT.png;https://limitlesstcg.com/cards/pt/CRZ/60;baixado;
swsh12.5;swsh12.5-061;061;Girafarig;https://limitlesstcg.nyc3.cdn.digitaloceanspaces.com/tpci/CRZ/CRZ_061_R_PT.png;https://limitlesstcg.com/cards/pt/CRZ/61;baixado;
swsh12.5;swsh12.5-062;062;Lunatone;https://limitlesstcg.nyc3.cdn.digitaloceanspaces.com/tpci/CRZ/CRZ_062_R_PT.png;https://limitlesstcg.com/cards/pt/CRZ/62;baixado;
swsh12.5;swsh12.5-063;063;Dusclops;https://limitlesstcg.nyc3.cdn.digitaloceanspaces.com/tpci/CRZ/CRZ_063_R_PT.png;https://limitlesstcg.com/cards/pt/CRZ/63;baixado;
swsh12.5;swsh12.5-064;064;Tapu Lele;https://limitlesstcg.nyc3.cdn.digitaloceanspaces.com/tpci/CRZ/CRZ_064_R_PT.png;https://limitlesstcg.com/cards/pt/CRZ/64;baixado;
swsh12.5;swsh12.5-065;065;Hatterene V;https://limitlesstcg.nyc3.cdn.digitaloceanspaces.com/tpci/CRZ/CRZ_065_R_PT.png;https://limitlesstcg.com/cards/pt/CRZ/65;baixado;
swsh12.5;swsh12.5-066;066;Hatterene VMAX;https://limitlesstcg.nyc3.cdn.digitaloceanspaces.com/tpci/CRZ/CRZ_066_R_PT.png;https://limitlesstcg.com/cards/pt/CRZ/66;baixado;
swsh12.5;swsh12.5-067;067;Enamorus;https://limitlesstcg.nyc3.cdn.digitaloceanspaces.com/tpci/CRZ/CRZ_067_R_PT.png;https://limitlesstcg.com/cards/pt/CRZ/67;baixado;
swsh12.5;swsh12.5-068;068;Graveler;https://limitlesstcg.nyc3.cdn.digitaloceanspaces.com/tpci/CRZ/CRZ_068_R_PT.png;https://limitlesstcg.com/cards/pt/CRZ/68;baixado;
swsh12.5;swsh12.5-069;069;Solrock;https://limitlesstcg.nyc3.cdn.digitaloceanspaces.com/tpci/CRZ/CRZ_069_R_PT.png;https://limitlesstcg.com/cards/pt/CRZ/69;baixado;
swsh12.5;swsh12.5-070;070;Baltoy;https://limitlesstcg.nyc3.cdn.digitaloceanspaces.com/tpci/CRZ/CRZ_070_R_PT.png;https://limitlesstcg.com/cards/pt/CRZ/70;baixado;
swsh12.5;swsh12.5-071;071;Riolu;https://limitlesstcg.nyc3.cdn.digitaloceanspaces.com/tpci/CRZ/CRZ_071_R_PT.png;https://limitlesstcg.com/cards/pt/CRZ/71;baixado;
swsh12.5;swsh12.5-072;072;Pancham;https://limitlesstcg.nyc3.cdn.digitaloceanspaces.com/tpci/CRZ/CRZ_072_R_PT.png;https://limitlesstcg.com/cards/pt/CRZ/72;baixado;
swsh12.5;swsh12.5-073;073;Rockruff;https://limitlesstcg.nyc3.cdn.digitaloceanspaces.com/tpci/CRZ/CRZ_073_R_PT.png;https://limitlesstcg.com/cards/pt/CRZ/73;baixado;
swsh12.5;swsh12.5-074;074;Lycanroc;https://limitlesstcg.nyc3.cdn.digitaloceanspaces.com/tpci/CRZ/CRZ_074_R_PT.png;https://limitlesstcg.com/cards/pt/CRZ/74;baixado;
swsh12.5;swsh12.5-075;075;Koffing;https://limitlesstcg.nyc3.cdn.digitaloceanspaces.com/tpci/CRZ/CRZ_075_R_PT.png;https://limitlesstcg.com/cards/pt/CRZ/75;baixado;
swsh12.5;swsh12.5-076;076;Absol;https://limitlesstcg.nyc3.cdn.digitaloceanspaces.com/tpci/CRZ/CRZ_076_R_PT.png;https://limitlesstcg.com/cards/pt/CRZ/76;baixado;
swsh12.5;swsh12.5-077;077;Purrloin;https://limitlesstcg.nyc3.cdn.digitaloceanspaces.com/tpci/CRZ/CRZ_077_R_PT.png;https://limitlesstcg.com/cards/pt/CRZ/77;baixado;
swsh12.5;swsh12.5-078;078;Liepard;https://limitlesstcg.nyc3.cdn.digitaloceanspaces.com/tpci/CRZ/CRZ_078_R_PT.png;https://limitlesstcg.com/cards/pt/CRZ/78;baixado;
swsh12.5;swsh12.5-079;079;Krokorok;https://limitlesstcg.nyc3.cdn.digitaloceanspaces.com/tpci/CRZ/CRZ_079_R_PT.png;https://limitlesstcg.com/cards/pt/CRZ/79;baixado;
swsh12.5;swsh12.5-080;080;Pangoro;https://limitlesstcg.nyc3.cdn.digitaloceanspaces.com/tpci/CRZ/CRZ_080_R_PT.png;https://limitlesstcg.com/cards/pt/CRZ/80;baixado;
swsh12.5;swsh12.5-081;081;Skrelp;https://limitlesstcg.nyc3.cdn.digitaloceanspaces.com/tpci/CRZ/CRZ_081_R_PT.png;https://limitlesstcg.com/cards/pt/CRZ/81;baixado;
swsh12.5;swsh12.5-082;082;Dragalge;https://limitlesstcg.nyc3.cdn.digitaloceanspaces.com/tpci/CRZ/CRZ_082_R_PT.png;https://limitlesstcg.com/cards/pt/CRZ/82;baixado;
swsh12.5;swsh12.5-083;083;Hoopa;https://limitlesstcg.nyc3.cdn.digitaloceanspaces.com/tpci/CRZ/CRZ_083_R_PT.png;https://limitlesstcg.com/cards/pt/CRZ/83;baixado;
swsh12.5;swsh12.5-084;084;Meowth de Galar;https://limitlesstcg.nyc3.cdn.digitaloceanspaces.com/tpci/CRZ/CRZ_084_R_PT.png;https://limitlesstcg.com/cards/pt/CRZ/84;baixado;
swsh12.5;swsh12.5-085;085;Perrserker de Galar;https://limitlesstcg.nyc3.cdn.digitaloceanspaces.com/tpci/CRZ/CRZ_085_R_PT.png;https://limitlesstcg.com/cards/pt/CRZ/85;baixado;
swsh12.5;swsh12.5-086;086;Scizor;https://limitlesstcg.nyc3.cdn.digitaloceanspaces.com/tpci/CRZ/CRZ_086_R_PT.png;https://limitlesstcg.com/cards/pt/CRZ/86;baixado;
swsh12.5;swsh12.5-087;087;Aron;https://limitlesstcg.nyc3.cdn.digitaloceanspaces.com/tpci/CRZ/CRZ_087_R_PT.png;https://limitlesstcg.com/cards/pt/CRZ/87;baixado;
swsh12.5;swsh12.5-088;088;Lairon;https://limitlesstcg.nyc3.cdn.digitaloceanspaces.com/tpci/CRZ/CRZ_088_R_PT.png;https://limitlesstcg.com/cards/pt/CRZ/88;baixado;
swsh12.5;swsh12.5-089;089;Aggron;https://limitlesstcg.nyc3.cdn.digitaloceanspaces.com/tpci/CRZ/CRZ_089_R_PT.png;https://limitlesstcg.com/cards/pt/CRZ/89;baixado;
swsh12.5;swsh12.5-090;090;Metang;https://limitlesstcg.nyc3.cdn.digitaloceanspaces.com/tpci/CRZ/CRZ_090_R_PT.png;https://limitlesstcg.com/cards/pt/CRZ/90;baixado;
swsh12.5;swsh12.5-091;091;Pawniard;https://limitlesstcg.nyc3.cdn.digitaloceanspaces.com/tpci/CRZ/CRZ_091_R_PT.png;https://limitlesstcg.com/cards/pt/CRZ/91;baixado;
swsh12.5;swsh12.5-092;092;Pawniard;https://limitlesstcg.nyc3.cdn.digitaloceanspaces.com/tpci/CRZ/CRZ_092_R_PT.png;https://limitlesstcg.com/cards/pt/CRZ/92;baixado;
swsh12.5;swsh12.5-093;093;Bisharp;https://limitlesstcg.nyc3.cdn.digitaloceanspaces.com/tpci/CRZ/CRZ_093_R_PT.png;https://limitlesstcg.com/cards/pt/CRZ/93;baixado;
swsh12.5;swsh12.5-094;094;Zacian;https://limitlesstcg.nyc3.cdn.digitaloceanspaces.com/tpci/CRZ/CRZ_094_R_PT.png;https://limitlesstcg.com/cards/pt/CRZ/94;baixado;
swsh12.5;swsh12.5-095;095;Zacian V;https://limitlesstcg.nyc3.cdn.digitaloceanspaces.com/tpci/CRZ/CRZ_095_R_PT.png;https://limitlesstcg.com/cards/pt/CRZ/95;baixado;
swsh12.5;swsh12.5-096;096;Zacian V-ASTRO;https://limitlesstcg.nyc3.cdn.digitaloceanspaces.com/tpci/CRZ/CRZ_096_R_PT.png;https://limitlesstcg.com/cards/pt/CRZ/96;baixado;
swsh12.5;swsh12.5-097;097;Zamazenta;https://limitlesstcg.nyc3.cdn.digitaloceanspaces.com/tpci/CRZ/CRZ_097_R_PT.png;https://limitlesstcg.com/cards/pt/CRZ/97;baixado;
swsh12.5;swsh12.5-098;098;Zamazenta V;https://limitlesstcg.nyc3.cdn.digitaloceanspaces.com/tpci/CRZ/CRZ_098_R_PT.png;https://limitlesstcg.com/cards/pt/CRZ/98;baixado;
swsh12.5;swsh12.5-099;099;Zamazenta V-ASTRO;https://limitlesstcg.nyc3.cdn.digitaloceanspaces.com/tpci/CRZ/CRZ_099_R_PT.png;https://limitlesstcg.com/cards/pt/CRZ/99;baixado;
swsh12.5;swsh12.5-100;100;Rayquaza V;https://limitlesstcg.nyc3.cdn.digitaloceanspaces.com/tpci/CRZ/CRZ_100_R_PT.png;https://limitlesstcg.com/cards/pt/CRZ/100;baixado;
swsh12.5;swsh12.5-101;101;Rayquaza VMAX;https://limitlesstcg.nyc3.cdn.digitaloceanspaces.com/tpci/CRZ/CRZ_101_R_PT.png;https://limitlesstcg.com/cards/pt/CRZ/101;baixado;
swsh12.5;swsh12.5-102;102;Rayquaza VMAX;https://limitlesstcg.nyc3.cdn.digitaloceanspaces.com/tpci/CRZ/CRZ_102_R_PT.png;https://limitlesstcg.com/cards/pt/CRZ/102;baixado;
swsh12.5;swsh12.5-103;103;Duraludon V;https://limitlesstcg.nyc3.cdn.digitaloceanspaces.com/tpci/CRZ/CRZ_103_R_PT.png;https://limitlesstcg.com/cards/pt/CRZ/103;baixado;
swsh12.5;swsh12.5-104;104;Duraludon VMAX;https://limitlesstcg.nyc3.cdn.digitaloceanspaces.com/tpci/CRZ/CRZ_104_R_PT.png;https://limitlesstcg.com/cards/pt/CRZ/104;baixado;
swsh12.5;swsh12.5-105;105;Eternatus Radiante;https://limitlesstcg.nyc3.cdn.digitaloceanspaces.com/tpci/CRZ/CRZ_105_R_PT.png;https://limitlesstcg.com/cards/pt/CRZ/105;baixado;
swsh12.5;swsh12.5-106;106;Tauros;https://limitlesstcg.nyc3.cdn.digitaloceanspaces.com/tpci/CRZ/CRZ_106_R_PT.png;https://limitlesstcg.com/cards/pt/CRZ/106;baixado;
swsh12.5;swsh12.5-107;107;Ditto;https://limitlesstcg.nyc3.cdn.digitaloceanspaces.com/tpci/CRZ/CRZ_107_R_PT.png;https://limitlesstcg.com/cards/pt/CRZ/107;baixado;
swsh12.5;swsh12.5-108;108;Eevee V;https://limitlesstcg.nyc3.cdn.digitaloceanspaces.com/tpci/CRZ/CRZ_108_R_PT.png;https://limitlesstcg.com/cards/pt/CRZ/108;baixado;
swsh12.5;swsh12.5-109;109;Snorlax;https://limitlesstcg.nyc3.cdn.digitaloceanspaces.com/tpci/CRZ/CRZ_109_R_PT.png;https://limitlesstcg.com/cards/pt/CRZ/109;baixado;
swsh12.5;swsh12.5-110;110;Starly;https://limitlesstcg.nyc3.cdn.digitaloceanspaces.com/tpci/CRZ/CRZ_110_R_PT.png;https://limitlesstcg.com/cards/pt/CRZ/110;baixado;
swsh12.5;swsh12.5-111;111;Bidoof;https://limitlesstcg.nyc3.cdn.digitaloceanspaces.com/tpci/CRZ/CRZ_111_R_PT.png;https://limitlesstcg.com/cards/pt/CRZ/111;baixado;
swsh12.5;swsh12.5-112;112;Chatot;https://limitlesstcg.nyc3.cdn.digitaloceanspaces.com/tpci/CRZ/CRZ_112_R_PT.png;https://limitlesstcg.com/cards/pt/CRZ/112;baixado;
swsh12.5;swsh12.5-113;113;Regigigas V;https://limitlesstcg.nyc3.cdn.digitaloceanspaces.com/tpci/CRZ/CRZ_113_R_PT.png;https://limitlesstcg.com/cards/pt/CRZ/113;baixado;
swsh12.5;swsh12.5-114;114;Regigigas V-ASTRO;https://limitlesstcg.nyc3.cdn.digitaloceanspaces.com/tpci/CRZ/CRZ_114_R_PT.png;https://limitlesstcg.com/cards/pt/CRZ/114;baixado;
swsh12.5;swsh12.5-115;115;Shaymin;https://limitlesstcg.nyc3.cdn.digitaloceanspaces.com/tpci/CRZ/CRZ_115_R_PT.png;https://limitlesstcg.com/cards/pt/CRZ/115;baixado;
swsh12.5;swsh12.5-116;116;Stoutland V;https://limitlesstcg.nyc3.cdn.digitaloceanspaces.com/tpci/CRZ/CRZ_116_R_PT.png;https://limitlesstcg.com/cards/pt/CRZ/116;baixado;
swsh12.5;swsh12.5-117;117;Yungoos;https://limitlesstcg.nyc3.cdn.digitaloceanspaces.com/tpci/CRZ/CRZ_117_R_PT.png;https://limitlesstcg.com/cards/pt/CRZ/117;baixado;
swsh12.5;swsh12.5-118;118;Gumshoos;https://limitlesstcg.nyc3.cdn.digitaloceanspaces.com/tpci/CRZ/CRZ_118_R_PT.png;https://limitlesstcg.com/cards/pt/CRZ/118;baixado;
swsh12.5;swsh12.5-119;119;Oranguru;https://limitlesstcg.nyc3.cdn.digitaloceanspaces.com/tpci/CRZ/CRZ_119_R_PT.png;https://limitlesstcg.com/cards/pt/CRZ/119;baixado;
swsh12.5;swsh12.5-120;120;Greedent V;https://limitlesstcg.nyc3.cdn.digitaloceanspaces.com/tpci/CRZ/CRZ_120_R_PT.png;https://limitlesstcg.com/cards/pt/CRZ/120;baixado;
swsh12.5;swsh12.5-121;121;Wooloo;https://limitlesstcg.nyc3.cdn.digitaloceanspaces.com/tpci/CRZ/CRZ_121_R_PT.png;https://limitlesstcg.com/cards/pt/CRZ/121;baixado;
swsh12.5;swsh12.5-122;122;Dubwool;https://limitlesstcg.nyc3.cdn.digitaloceanspaces.com/tpci/CRZ/CRZ_122_R_PT.png;https://limitlesstcg.com/cards/pt/CRZ/122;baixado;
swsh12.5;swsh12.5-123;123;Bia;https://limitlesstcg.nyc3.cdn.digitaloceanspaces.com/tpci/CRZ/CRZ_123_R_PT.png;https://limitlesstcg.com/cards/pt/CRZ/123;baixado;
swsh12.5;swsh12.5-124;124;Beda;https://limitlesstcg.nyc3.cdn.digitaloceanspaces.com/tpci/CRZ/CRZ_124_R_PT.png;https://limitlesstcg.com/cards/pt/CRZ/124;baixado;
swsh12.5;swsh12.5-125;125;Martelo Esmagador;https://limitlesstcg.nyc3.cdn.digitaloceanspaces.com/tpci/CRZ/CRZ_125_R_PT.png;https://limitlesstcg.com/cards/pt/CRZ/125;baixado;
swsh12.5;swsh12.5-126;126;Dupla de Escavação;https://limitlesstcg.nyc3.cdn.digitaloceanspaces.com/tpci/CRZ/CRZ_126_R_PT.png;https://limitlesstcg.com/cards/pt/CRZ/126;baixado;
swsh12.5;swsh12.5-127;127;Recuperação de Energia;https://limitlesstcg.nyc3.cdn.digitaloceanspaces.com/tpci/CRZ/CRZ_127_R_PT.png;https://limitlesstcg.com/cards/pt/CRZ/127;baixado;
swsh12.5;swsh12.5-128;128;Busca de Energia;https://limitlesstcg.nyc3.cdn.digitaloceanspaces.com/tpci/CRZ/CRZ_128_R_PT.png;https://limitlesstcg.com/cards/pt/CRZ/128;baixado;
swsh12.5;swsh12.5-129;129;Substituição de Energia;https://limitlesstcg.nyc3.cdn.digitaloceanspaces.com/tpci/CRZ/CRZ_129_R_PT.png;https://limitlesstcg.com/cards/pt/CRZ/129;baixado;
swsh12.5;swsh12.5-130;130;Amigos em Hisui;https://limitlesstcg.nyc3.cdn.digitaloceanspaces.com/tpci/CRZ/CRZ_130_R_PT.png;https://limitlesstcg.com/cards/pt/CRZ/130;baixado;
swsh12.5;swsh12.5-131;131;Amigos em Sinnoh;https://limitlesstcg.nyc3.cdn.digitaloceanspaces.com/tpci/CRZ/CRZ_131_R_PT.png;https://limitlesstcg.com/cards/pt/CRZ/131;baixado;
swsh12.5;swsh12.5-132;132;Grande Bola;https://limitlesstcg.nyc3.cdn.digitaloceanspaces.com/tpci/CRZ/CRZ_132_R_PT.png;https://limitlesstcg.com/cards/pt/CRZ/132;baixado;
swsh12.5;swsh12.5-133;133;Lupo;https://limitlesstcg.nyc3.cdn.digitaloceanspaces.com/tpci/CRZ/CRZ_133_R_PT.png;https://limitlesstcg.com/cards/pt/CRZ/133;baixado;
swsh12.5;swsh12.5-134;134;Leon;https://limitlesstcg.nyc3.cdn.digitaloceanspaces.com/tpci/CRZ/CRZ_134_R_PT.png;https://limitlesstcg.com/cards/pt/CRZ/134;baixado;
swsh12.5;swsh12.5-135;135;Aspirador Perdido;https://limitlesstcg.nyc3.cdn.digitaloceanspaces.com/tpci/CRZ/CRZ_135_R_PT.png;https://limitlesstcg.com/cards/pt/CRZ/135;baixado;
swsh12.5;swsh12.5-136;136;Vanessa;https://limitlesstcg.nyc3.cdn.digitaloceanspaces.com/tpci/CRZ/CRZ_136_R_PT.png;https://limitlesstcg.com/cards/pt/CRZ/136;baixado;
swsh12.5;swsh12.5-137;137;Poké Bola;https://limitlesstcg.nyc3.cdn.digitaloceanspaces.com/tpci/CRZ/CRZ_137_R_PT.png;https://limitlesstcg.com/cards/pt/CRZ/137;baixado;
swsh12.5;swsh12.5-138;138;Pegador de Pokémon;https://limitlesstcg.nyc3.cdn.digitaloceanspaces.com/tpci/CRZ/CRZ_138_R_PT.png;https://limitlesstcg.com/cards/pt/CRZ/138;baixado;
swsh12.5;swsh12.5-139;139;Poção;https://limitlesstcg.nyc3.cdn.digitaloceanspaces.com/tpci/CRZ/CRZ_139_R_PT.png;https://limitlesstcg.com/cards/pt/CRZ/139;baixado;
swsh12.5;swsh12.5-140;140;Roy;https://limitlesstcg.nyc3.cdn.digitaloceanspaces.com/tpci/CRZ/CRZ_140_R_PT.png;https://limitlesstcg.com/cards/pt/CRZ/140;baixado;
swsh12.5;swsh12.5-141;141;Doce Raro;https://limitlesstcg.nyc3.cdn.digitaloceanspaces.com/tpci/CRZ/CRZ_141_R_PT.png;https://limitlesstcg.com/cards/pt/CRZ/141;baixado;
swsh12.5;swsh12.5-142;142;Carrinho de Resgate;https://limitlesstcg.nyc3.cdn.digitaloceanspaces.com/tpci/CRZ/CRZ_142_R_PT.png;https://limitlesstcg.com/cards/pt/CRZ/142;baixado;
swsh12.5;swsh12.5-143;143;Pedra Selada Celeste;https://limitlesstcg.nyc3.cdn.digitaloceanspaces.com/tpci/CRZ/CRZ_143_R_PT.png;https://limitlesstcg.com/cards/pt/CRZ/143;baixado;
swsh12.5;swsh12.5-144;144;Substituição;https://limitlesstcg.nyc3.cdn.digitaloceanspaces.com/tpci/CRZ/CRZ_144_R_PT.png;https://limitlesstcg.com/cards/pt/CRZ/144;baixado;
swsh12.5;swsh12.5-145;145;Tênis de Caminhada;https://limitlesstcg.nyc3.cdn.digitaloceanspaces.com/tpci/CRZ/CRZ_145_R_PT.png;https://limitlesstcg.com/cards/pt/CRZ/145;baixado;
swsh12.5;swsh12.5-146;146;Ultra Bola;https://limitlesstcg.nyc3.cdn.digitaloceanspaces.com/tpci/CRZ/CRZ_146_R_PT.png;https://limitlesstcg.com/cards/pt/CRZ/146;baixado;
swsh12.5;swsh12.5-147;147;Brilho da Elesa;https://limitlesstcg.nyc3.cdn.digitaloceanspaces.com/tpci/CRZ/CRZ_147_R_PT.png;https://limitlesstcg.com/cards/pt/CRZ/147;baixado;
swsh12.5;swsh12.5-148;148;Amigos em Hisui;https://limitlesstcg.nyc3.cdn.digitaloceanspaces.com/tpci/CRZ/CRZ_148_R_PT.png;https://limitlesstcg.com/cards/pt/CRZ/148;baixado;
swsh12.5;swsh12.5-149;149;Amigos em Sinnoh;https://limitlesstcg.nyc3.cdn.digitaloceanspaces.com/tpci/CRZ/CRZ_149_R_PT.png;https://limitlesstcg.com/cards/pt/CRZ/149;baixado;
swsh12.5;swsh12.5-150;150;Pesquisa de Professores;https://limitlesstcg.nyc3.cdn.digitaloceanspaces.com/tpci/CRZ/CRZ_150_R_PT.png;https://limitlesstcg.com/cards/pt/CRZ/150;baixado;
swsh12.5;swsh12.5-151;151;Volo;https://limitlesstcg.nyc3.cdn.digitaloceanspaces.com/tpci/CRZ/CRZ_151_R_PT.png;https://limitlesstcg.com/cards/pt/CRZ/151;baixado;
swsh12.5;swsh12.5-152;152;Energia de Grama;https://limitlesstcg.nyc3.cdn.digitaloceanspaces.com/tpci/CRZ/CRZ_152_R_PT.png;https://limitlesstcg.com/cards/pt/CRZ/152;baixado;
swsh12.5;swsh12.5-153;153;Energia de Fogo;https://limitlesstcg.nyc3.cdn.digitaloceanspaces.com/tpci/CRZ/CRZ_153_R_PT.png;https://limitlesstcg.com/cards/pt/CRZ/153;baixado;
swsh12.5;swsh12.5-154;154;Energia de Água;https://limitlesstcg.nyc3.cdn.digitaloceanspaces.com/tpci/CRZ/CRZ_154_R_PT.png;https://limitlesstcg.com/cards/pt/CRZ/154;baixado;
swsh12.5;swsh12.5-155;155;Energia de Raios;https://limitlesstcg.nyc3.cdn.digitaloceanspaces.com/tpci/CRZ/CRZ_155_R_PT.png;https://limitlesstcg.com/cards/pt/CRZ/155;baixado;
swsh12.5;swsh12.5-156;156;Energia Psíquica;https://limitlesstcg.nyc3.cdn.digitaloceanspaces.com/tpci/CRZ/CRZ_156_R_PT.png;https://limitlesstcg.com/cards/pt/CRZ/156;baixado;
swsh12.5;swsh12.5-157;157;Energia de Luta;https://limitlesstcg.nyc3.cdn.digitaloceanspaces.com/tpci/CRZ/CRZ_157_R_PT.png;https://limitlesstcg.com/cards/pt/CRZ/157;baixado;
swsh12.5;swsh12.5-158;158;Energia Noturna;https://limitlesstcg.nyc3.cdn.digitaloceanspaces.com/tpci/CRZ/CRZ_158_R_PT.png;https://limitlesstcg.com/cards/pt/CRZ/158;baixado;
swsh12.5;swsh12.5-159;159;Energia de Metal;https://limitlesstcg.nyc3.cdn.digitaloceanspaces.com/tpci/CRZ/CRZ_159_R_PT.png;https://limitlesstcg.com/cards/pt/CRZ/159;baixado;
swsh12.5;swsh12.5-160;160;Pikachu;https://limitlesstcg.nyc3.cdn.digitaloceanspaces.com/tpci/CRZ/CRZ_160_R_PT.png;https://limitlesstcg.com/cards/pt/CRZ/160;baixado;
swsh1;swsh1-G;G;"Energia básica (código Limitless G; sem ID de carta TCGdex)";https://limitlesstcg.nyc3.cdn.digitaloceanspaces.com/tpci/SSH/SSH_G_R_PT.png;https://limitlesstcg.com/cards/pt/SSH/G;baixado;
swsh1;swsh1-R;R;"Energia básica (código Limitless R; sem ID de carta TCGdex)";https://limitlesstcg.nyc3.cdn.digitaloceanspaces.com/tpci/SSH/SSH_R_R_PT.png;https://limitlesstcg.com/cards/pt/SSH/R;baixado;
swsh1;swsh1-W;W;"Energia básica (código Limitless W; sem ID de carta TCGdex)";https://limitlesstcg.nyc3.cdn.digitaloceanspaces.com/tpci/SSH/SSH_W_R_PT.png;https://limitlesstcg.com/cards/pt/SSH/W;baixado;
swsh1;swsh1-L;L;"Energia básica (código Limitless L; sem ID de carta TCGdex)";https://limitlesstcg.nyc3.cdn.digitaloceanspaces.com/tpci/SSH/SSH_L_R_PT.png;https://limitlesstcg.com/cards/pt/SSH/L;baixado;
swsh1;swsh1-P;P;"Energia básica (código Limitless P; sem ID de carta TCGdex)";https://limitlesstcg.nyc3.cdn.digitaloceanspaces.com/tpci/SSH/SSH_P_R_PT.png;https://limitlesstcg.com/cards/pt/SSH/P;baixado;
swsh1;swsh1-F;F;"Energia básica (código Limitless F; sem ID de carta TCGdex)";https://limitlesstcg.nyc3.cdn.digitaloceanspaces.com/tpci/SSH/SSH_F_R_PT.png;https://limitlesstcg.com/cards/pt/SSH/F;baixado;
swsh1;swsh1-D;D;"Energia básica (código Limitless D; sem ID de carta TCGdex)";https://limitlesstcg.nyc3.cdn.digitaloceanspaces.com/tpci/SSH/SSH_D_R_PT.png;https://limitlesstcg.com/cards/pt/SSH/D;baixado;
swsh1;swsh1-M;M;"Energia básica (código Limitless M; sem ID de carta TCGdex)";https://limitlesstcg.nyc3.cdn.digitaloceanspaces.com/tpci/SSH/SSH_M_R_PT.png;https://limitlesstcg.com/cards/pt/SSH/M;baixado;
swsh9;swsh9-G;G;"Energia básica (código Limitless G; sem ID de carta TCGdex)";https://limitlesstcg.nyc3.cdn.digitaloceanspaces.com/tpci/BRS/BRS_G_R_PT.png;https://limitlesstcg.com/cards/pt/BRS/G;baixado;
swsh9;swsh9-R;R;"Energia básica (código Limitless R; sem ID de carta TCGdex)";https://limitlesstcg.nyc3.cdn.digitaloceanspaces.com/tpci/BRS/BRS_R_R_PT.png;https://limitlesstcg.com/cards/pt/BRS/R;baixado;
swsh9;swsh9-W;W;"Energia básica (código Limitless W; sem ID de carta TCGdex)";https://limitlesstcg.nyc3.cdn.digitaloceanspaces.com/tpci/BRS/BRS_W_R_PT.png;https://limitlesstcg.com/cards/pt/BRS/W;baixado;
swsh9;swsh9-L;L;"Energia básica (código Limitless L; sem ID de carta TCGdex)";https://limitlesstcg.nyc3.cdn.digitaloceanspaces.com/tpci/BRS/BRS_L_R_PT.png;https://limitlesstcg.com/cards/pt/BRS/L;baixado;
swsh9;swsh9-P;P;"Energia básica (código Limitless P; sem ID de carta TCGdex)";https://limitlesstcg.nyc3.cdn.digitaloceanspaces.com/tpci/BRS/BRS_P_R_PT.png;https://limitlesstcg.com/cards/pt/BRS/P;baixado;
swsh9;swsh9-F;F;"Energia básica (código Limitless F; sem ID de carta TCGdex)";https://limitlesstcg.nyc3.cdn.digitaloceanspaces.com/tpci/BRS/BRS_F_R_PT.png;https://limitlesstcg.com/cards/pt/BRS/F;baixado;
swsh9;swsh9-D;D;"Energia básica (código Limitless D; sem ID de carta TCGdex)";https://limitlesstcg.nyc3.cdn.digitaloceanspaces.com/tpci/BRS/BRS_D_R_PT.png;https://limitlesstcg.com/cards/pt/BRS/D;baixado;
swsh9;swsh9-M;M;"Energia básica (código Limitless M; sem ID de carta TCGdex)";https://limitlesstcg.nyc3.cdn.digitaloceanspaces.com/tpci/BRS/BRS_M_R_PT.png;https://limitlesstcg.com/cards/pt/BRS/M;baixado;
